doc_id,chunk_id,char_start,text,chunk_quality_bin,doc_quality_bin
11178,0,0,"Il giorno 16 giugno 2010 a Milano, Anicta e UGL Chimici si sono incontrate per
esaminare la richiesta della UGL Chimici di sottoscrivere per adesione il verbale di
accordo 27 maggio 2010, a rinnovo del ccnl10 maggio 2006 - 12 luglio 2006.
In esito a tale incontro, Anicta ha manifestato la propria disponibilità ad accogliere la
richiesta della UGL Chimici.
UGL CHIMICI
~',t2f~'
~",severe,severe
7702,0,0,"Il giorno 16 giugno 2010 a Milano, Anicta e UGL Chimici si sono incontrate per
esaminare la richiesta della UGL Chimici di sottoscrivere per adesione il verbale di
accordo 27 maggio 2010, a rinnovo del ccnl10 maggio 2006 - 12 luglio 2006.
In esito a tale incontro, Anicta ha manifestato la propria disponibilità ad accogliere la
richiesta della UGL Chimici.
UGL CHIMICI
~',t2f~'
~",severe,severe
12928,2,4005,"Ss

La Delegazione dell’Amministrazione stipula il presente accordo per conto del
Direttore Generale con riserva di sottoporlo al Governatore, il quale lo valuterà in sede di Consiglio

Superiore affinchè l'accordo stesso sia approvato o respinto nel suo complesso.

PER L’AMMINISTRAZIONE PERLA FALBI

Vietti Pa

UU he oh

bndl Co G ma

PER LA FIBA-CISL

o ierii",severe,clean
20984,2,3829,"Agibilità e locali
L’Azienda mette a disposizione una bacheca sindacale e locali idonei per le riunioni
sindacali.

4.

Assemblee
Le assemblee si svolgono ai sensi dell’art.

20 L.

300/1970, con preavviso di [ ] ore.

5.

Permessi retribuiti
Ai dirigenti RSA spettano i permessi retribuiti ex art.

23 L.

300/1970.

6.

Trattenuta contributi
L’Azienda attiva la trattenuta del contributo sindacale su richiesta scritta del lavoratore.

7.

Canali di comunicazione
Si concorda un canale e-mail dedicato e, ove disponibile, uno spazio intranet.

8.

Tutela dati
Il trattamento dei dati personali avviene nel rispetto del Regolamento (UE) 2016/679.

9.

Durata
L’Accordo è valido fino a diversa pattuizione o sostituzione della RSA.

Letto, confermato e sottoscritto in data [gg/mm/aaaa].

Per l’Azienda ____________________________
Per la RSA Confintesa ____________________________
Per Confintesa ____________________________
Allegato 2 – Verbale di costituzione RSA (modello)
In data [gg/mm/aaaa], presso l’unità produttiva di [Azienda – Sede], i lavoratori iscritti a
Confintesa costituiscono la Rappresentanza Sindacale Aziendale (RSA) ai sensi dell’art.

19 L.

300/1970.

Componenti RSA:
1) [Nome Cognome]
2) [Nome Cognome]
3) [Nome Cognome]
Dirigente RSA: [Nome Cognome] (ai sensi dell’art.

23 L.

300/1970).

Si chiede all’Azienda: bacheca sindacale; locali idonei; trattenuta contributi su richiesta
dei lavoratori; permessi retribuiti per i dirigenti RSA; canali di comunicazione previsti
dall’Accordo aziendale-tipo.

Il presente verbale è trasmesso a:
• Azienda [Ragione sociale] – [PEC]
• Confintesa– [Struttura territoriale/regionale] – [indirizzo/PEC]
Firme dei lavoratori costituenti:
1) ____________________________
2) ____________________________
3) ____________________________
4) ____________________________
5) ____________________________
Firma del Dirigente RSA: ____________________________",severe,noisy
19369,59,106858,15 LUGLIO 1986                                                   LEGGE 1962/230                                                   LEGGE 1984/863                                                   LEGGE 1977/54                                                   LEGGE 1986/38                                                   LEGGE 1990/108,severe,clean
4193,1,1998,"-	dopo il comma 5) aggiungere il seguente:

“5 bis)
Il Fondo “Mario Negri”, ai fini di previdenza complementare, accoglie separatamente il TFR comunque conferito.”

-	al comma 6), dopo le parole “______ commi precedenti” aggiungere le 	parole “e il TFR conferito”.

ASSOLOGISTICA
Nereo Paolo Marcucci

MANAGERITALIA
Claudio Pasini

Milano, 20 febbraio 2007

PAGE",severe,clean
19338,24,42647,"alle stesse attività e mansioni nel rispetto del limite massimo di durata prevista
per l’apprendistato professionalizzante.",severe,clean
9505,0,0,"Il giorno 16 giugno 2010 a Milano, Anicta e UGL Chimici si sono incontrate per
esaminare la richiesta della UGL Chimici di sottoscrivere per adesione il verbale di
accordo 27 maggio 2010, a rinnovo del ccnl10 maggio 2006 - 12 luglio 2006.
In esito a tale incontro, Anicta ha manifestato la propria disponibilità ad accogliere la
richiesta della UGL Chimici.
UGL CHIMICI
~',t2f~'
~",severe,severe
17818,8,14002,"15.000
29,450 | 27.400 | 21.650 | 22.600 | 20.900 | 29.450 | 17.950 || 24.550 | 23,450 | 22.000 | 19.400 | 17.700 | 16.800 | 14.700
28,450 | 26.00 | 24.100 | 22.300 | 20.500 | 19.050 | 17.000 || 24.050 | 22,950 | 21.500 | 19.000 | 17.350 | 16.450 | 14.400
25.100 | 27.750 | 24.950 | 23.100°| 21.200 | 19.700 | 17.600 Îl 24.900 | 23.750 |‘22.250 | 19.650 | 17.900 | 17.000 | 14.900
27.200 | 25.650 | 23.050 | 71.350 | 19,600 | 18.200 | 16.250 || 23.000 | 22.000 | 20.600 | 18.200 | 16.600 | 15.250 | 13.000
27.400 | 25.850 | 23.250 | 21.500 | 19.750 | 18.350 | 16.400 || 23.200 | 22.150 | 20.750 | 16.300 | 16,700 | 16.050 | 18.900
26.450 | 24.950 | 22.450 | 20.250 | 19.100 | 17.250 | 15.800 || 22.300 | 21.300 | 19.950 | 17.600 | 16.050 |-15.250 | 19.350
25.990 | 24.950 | 21.900 | 20.250 | 10.600 | 17.300 | 15.450 (| 21.600 | 20.600 | 19.300 | 17.050 | 15.550 | 14.750 | 12.950
24.600 | 23,200 | 20.900 | 19.300 | 17.250 | 16.500 | 14.700 || 20.500 | 19.600 | 18.350 | 16.200 | 14.800 | 14.050 | 12.300",severe,noisy
6789,31,48438,"Il trattamento economicoper assenze per malattia od infortunio sono quelli previsti dalla specifichenorme di legge, nessuna integrazione  prevista dal datore di lavoro.La formazione teorica e tecnico pratica deve avere una durata  minima  di 40ore per i livelli III e IV di 50 ore per i restanti livelli.L'iter formativo dovr svilupparsi secondo lo schema allegato ed il progettosar  accompagnato  da  dichiarazione  d'impegno, al  rispetto  del presentecontratto e delle norme di  legge in  materia del lavoro  e  della sicurezzasociale.All'atto della richiesta del nullaosta l'azienda dovr allegare un attestatodal quale risulti l'iscrizione dell'azienda stessa alla UCICT.Articolo 4Resta salva in alternativa per le aziende che intendono assumere giovani concontratti di formazione e lavoro,  la possibilit di rivolgersi direttamentealla Commissione Regionale per l'impiego, avvalendosi delle procedure di cuialla legge 863/84.Le parti s'impegnano ad incontrarsi ogni qualvolta la disciplina legislativadel contratto di formazione e lavoro subisca modifiche.Timbro dell'Azienda ___________________                                         ___________________________ l_______________________                      Spett.le ____________________________________________                               ____________________________________________                               ____________________________________________OGGETTO: Progetto  di  formazione  e  lavoro  ai  sensi  dell'art.

3, Legge         863/1984.___ l___ sottoscritt __  ____________________________________________ nella sua qualit di ____________________________________________________________della Ditta/Societ _______________________________________________________sita in ___________________________________________________________________Prov.",severe,noisy
17831,12,20675,"Orera1o QUALIFICATO MANOVALE SPECIALIZZATO Manovale COMUNE
su. 20 | 1820 | 1618 Sup. 20 | 18-20 | 16-18 |. ret 16 || Sup. 20 | 16-20 | 16-18 | nt 16
anni | anni anni anni anni soni anni | ani anni | anni | enni

260,45 | 158,75 | 196,80 È 123,15 || 151,90 | 141,60 | 101,90 88,10 li 142,50 | 133,10 | 105,20] 79,10
136,95 | 152,35 | 139/90 | 110/70 fl 148,60 | ran zo | 109,45 | 86,15 | 139,40 | 120,20 | 102,90| 71,50
135,55 | istoo | 192,60 | 209,70 || 147,25 | 197,45 | 108,49 * 95,40 | 138,15 | 129,05) 101,95| 70,90

61,85 | 150,30 | 132,00 | r09,20 |l 146,60 | 136,85 | 107,95 | 85,00 || 187,50 |128,45|101,50| 70,55
156,55 | 151,95 | 199,50 | 110,40 {| 148,20 | 139,35 | 109,15 | 95,95 || 139,05 | 129,85 | 102,60} 71,35

149,20 | 144,85 | 127,20 | 105,20 {[-141,25 | 191,95 | 104,05 | 81,90 || 182,50 | 123,75) 97,80] 60,00
138,90 | 16425 | 135,50 | 112,05 |[ 150,45 | 140,g0 | mo,s0 | 87,20 || 141,10 | 181,80 | 104,15] 72,40
153,90 | 149/40 | 131/20 | 106,50 || 145,70 | 136,00 | 107,30 | 84,45 || 136,65 | 127,65 | 100,85] 20,10
110/35 | 14595 | 128,20 | 106,00 || 142,35 | 192,05 | 104,80 | 62,50 || 139,50 | 124,70] 94,55] 68,50
131,80 | 147,95 | 129/40 } 107,05 || 193,20 | 194,15 | 108,85 | 83,30 || 134,00 | 125,90) 99,50] 09,15

116,40 | 142,10 | 124,80°| 103,25 || 138,60 | 129,35 | 102,05 80,35 || 130,00 | 121,45] 95,95|. 66,90
156,60! 152,00 | 133,50 | 110,45 |! 148,25 | 198,40 | 109,20 85,95 139,10 | 199,90 | 102,651 71,35

113,98 | 139,75 | 122,75 | 201,55 || 136,20 | 127,10 | 100,30 | 78,95 |{. 127,50 | n9,10| 94,10] 65,45
fi
110,95 | 196.25 | 119,66 | 98,98%]| 192,45 | 129,60 | 97,55 | 76,60 || 123,75 (115,601 gn,9s| 0,90
ni i, hi
235,98 | 194,95 | 116,45 | 97,95 [| 131,10 | 122,35 | 96,55 | 76,00 | 122,50 | 114,45 | gosoj 92.95

195,75 | 191,78 | 15,70 | 95,70 | 108,00 | 109,35 | 94,25 0 24,20, || 119,25 | 11,40] 88,05/ 61,20",severe,noisy
20299,1,1931,"Le Parti provvederanno ad adeguare il testo del CCNL DMO alle determinazioni di cui al presente
accordo.

Milano — Roma, 27 novembre 2019

Federdistribuzione Filcams CGIL

papa)

Uiltucs DA",severe,clean
4655,218,391898,"Titolare del trattamento dei dati è
__________________________________________________________________________________________
197
AALLLLEEGGAATTOO LL 
AUTOCERTIFICAZIONE INFORMATIVA
Il sottoscritto Dott.

__________________________________________________________________nato
a ____________________________________ il _______________ residente in ______________________
Via/Piazza _________________________________________________________________ n° _________
iscritto all'Albo dei ___________________________________________ della Provincia di
______________ ai sensi e agli effetti dell'art.",severe,noisy
20092,15,27644,"TeeosTe
Ì .
i \ 1
i
. È
[ese eva | st ETTI ] 090€ — 09%0€ _ —__ sssel9 59 |
groz 687 VEGA Let et ___TeTe i BSSE e
sor veet | __ to LoL I8TE toe 8950 str
CiAlad sL'ez ov'ez EdE Erice Ea ___BsseD #£
DICE ETST GLU 2 ATVE O LE e Oo Ay1KxS
ozoe ____ _sr9z_ [ASTA ssa Oi OT'9E OT'9E ____BsseD el
%8'0 “nou se'o 8) vello in | geo au 900 in | MOT An wo va Ea .
oz07 STO? di so | _£TOT ea",severe,clean
17849,6,10142,"i 7 n i n
I Hi B Fei I
ài S|,
QUALIFICHE ° o 4 ti AI sail. g 8 E
i | è f | 5 |gi: ga 3508
[coni E d| È a È
éjé il di ai SiR
Bsf
$ SES
è i4°|
. ‘
i _ È -
Uomini con ALTRE MANSIONI: i
di età superiore ai 20 enni |
paga per 8 ore  + ++ ++: 7. [[1148,00[1123, 00|1118,00/|1109,00/1120,00||1068, 00j1136,50:1101,00/1076,00|1086,00|
paga per 9 ore >. +. +. + > . «+ l[1227,00|1299, 50|1288,50|[1166,00|1199,50||2143,011216,50/1110, 50/1149, 50|1163,00
paga per 10 ore    «+ +1 + + |l1506,0|1226, 50|t261,00|[1261, 50|1279,00]l1218, 00/1296, 5011256, 00|1223, 0041210, 001
dai 18 ci 20 anni
Paga per 8 ore +. + ++ ++ 1 +. +. [l1072,00/1018,50|1039,50//1034,0|10:6,00|| 997,00/1061,s0|1028,00|1004, 50/1014, 00]
pega per Vore i  1 ++ ||146,50/1123,00 1112, 50;(1110, 50/1722, 0|[1059, 50|1134, 50/1103, 00/1076,09|1008, 50
paga per 10 or + + + +. ++. i+. [{1225,50/1197,00/1165,50||1186,00/1199,50|{1242, 50/1216, 00{1177,50/1147, 50|1163,00|

doi 16 ni 18 anni:

paga per Bore LL  848,00] 829,50] 322,00]| 828,00) 427, 00|| 788,50| 239,50) 81,00] 794,50| 802,00)
paga per 9 ore  «+ +++ + || 905.50] 885,00] 876,50|| 875,00] 845,00]! 343,00| 897,50| 969,00] 848,00) 058,00]
paga per 10 ore. >.<  . . . |[ 963,50/.941,00| 931,50|{ 932,00] 942,50|| 897,50| 955,s0{ 925,001 902,00} 914,00]

inferiori ai 16 enni:

paga per Bore»  +  || 590,00 572,50] 572,50l! 570,00) 576,00|| 549,50] sua,so| 566,00) 553,50| 558,50
prgn per 9 ere + + ++  +. [[ 629,50) 615,50) 610,00] 608,50) 615,50) 586,50| 624,001 601,50! 550,00! 596 50
paga per 10 ore .   1 12 * > |}669.00| 653,50) 647,50/1 647,00] 655,00|| 622,50] 663,50| 642,50| 626,50| 634,50]

DoxnE 1NFEMMIEnE PATENTATI

|

pega per Bore. i  >  |[1020,50 998,00 989,50/| 085,00) 596,00| 945,00/1010,s0| 978,50) 956,00] 965,50
paga per 9 ore  +» ++ + {f1987,00(1062,50|1052,50||1050, 00/1062, 50||1012,00j1073, 50/1042, 50|1018, 00/1029, 00]
pesa per 10 ore +. +++. + |[1154,00/1126,50/211,00/(1114,501129,00||1075,00/1136,50/1106, 00/1079, 0/1098, 0",severe,noisy
7718,31,48438,"Il trattamento economicoper assenze per malattia od infortunio sono quelli previsti dalla specifichenorme di legge, nessuna integrazione  prevista dal datore di lavoro.La formazione teorica e tecnico pratica deve avere una durata  minima  di 40ore per i livelli III e IV di 50 ore per i restanti livelli.L'iter formativo dovr svilupparsi secondo lo schema allegato ed il progettosar  accompagnato  da  dichiarazione  d'impegno, al  rispetto  del presentecontratto e delle norme di  legge in  materia del lavoro  e  della sicurezzasociale.All'atto della richiesta del nullaosta l'azienda dovr allegare un attestatodal quale risulti l'iscrizione dell'azienda stessa alla UCICT.Articolo 4Resta salva in alternativa per le aziende che intendono assumere giovani concontratti di formazione e lavoro,  la possibilit di rivolgersi direttamentealla Commissione Regionale per l'impiego, avvalendosi delle procedure di cuialla legge 863/84.Le parti s'impegnano ad incontrarsi ogni qualvolta la disciplina legislativadel contratto di formazione e lavoro subisca modifiche.Timbro dell'Azienda ___________________                                         ___________________________ l_______________________                      Spett.le ____________________________________________                               ____________________________________________                               ____________________________________________OGGETTO: Progetto  di  formazione  e  lavoro  ai  sensi  dell'art.

3, Legge         863/1984.___ l___ sottoscritt __  ____________________________________________ nella sua qualit di ____________________________________________________________della Ditta/Societ _______________________________________________________sita in ___________________________________________________________________Prov.",severe,noisy
9114,1,1958,"IMPORTO ‘PRO RATA’ PER IL PERIODO 1° MAGGIO-30 SETTEMBRE 2004 
EROGABILE AI LAVORATORI IN FORZA AL 1° MAGGIO 2004 
AI SENSI DEL PUNTO 2), ACCORDO NAZIONALE 16 SETTEMBRE 2004

livello	parametro	pro rata	quota mensile

1S	210	260,69	52,14
1	195	242,07	48,41
2	176	218,48	43,70
3	160	198,62	39,72
4	145	180,00	36,00
5	130	161,38	32,28
6	120	148,97	29,79
7	100	124,14	24,83

PAGE",severe,clean
17849,4,7547,"T VA || ZONA
zona ui || 2934 || 2054] 2054 || SONA | zona vin ZONA IX zona x |i 7 || Lr
$ ss É ; ; dg ss.

| d.

$i fa | bsx; È 5 fo ii É3
Bri $ Fga $ si d $ ggif È 3
CH 35 |Sgsl gd sf (ag 38 siii |si.|| i
CI E | Agi g 95 Sg BEE FE
sE 5 |S54| di (36:| Pig 8 Ipose Gil fi
SER fi iza) e |2gils;] E [Gail a | itase [Saf si
ia si | ai] i: |af6 gti) a |ESFI î | Aggni dI È
586 45 asel di |ti:Gzc| o [ig a || gi55s | Ase|| #£
PE na agg ci | gf | F [STE F | Hitel Gi
LÉFS ds [Fini a (ili 15 Gaisf | Bia| 3°
ii Si |IgElA |Si |<} di Ii [3] 4
È A i | È (9 è de LA
si ì Il È 7
i
i i
114,00 [110,00 || 1295,00 ||1267,50 l|1254.50 || 1226,50 |!",severe,noisy
7643,2,4005,"Ss

La Delegazione dell’Amministrazione stipula il presente accordo per conto del
Direttore Generale con riserva di sottoporlo al Governatore, il quale lo valuterà in sede di Consiglio

Superiore affinchè l'accordo stesso sia approvato o respinto nel suo complesso.

PER L’AMMINISTRAZIONE PERLA FALBI

Vietti Pa

UU he oh

bndl Co G ma

PER LA FIBA-CISL

o ierii",severe,clean
17847,4,7547,"T VA || ZONA
zona ui || 2934 || 2054] 2054 || SONA | zona vin ZONA IX zona x |i 7 || Lr
$ ss É ; ; dg ss.

| d.

$i fa | bsx; È 5 fo ii É3
Bri $ Fga $ si d $ ggif È 3
CH 35 |Sgsl gd sf (ag 38 siii |si.|| i
CI E | Agi g 95 Sg BEE FE
sE 5 |S54| di (36:| Pig 8 Ipose Gil fi
SER fi iza) e |2gils;] E [Gail a | itase [Saf si
ia si | ai] i: |af6 gti) a |ESFI î | Aggni dI È
586 45 asel di |ti:Gzc| o [ig a || gi55s | Ase|| #£
PE na agg ci | gf | F [STE F | Hitel Gi
LÉFS ds [Fini a (ili 15 Gaisf | Bia| 3°
ii Si |IgElA |Si |<} di Ii [3] 4
È A i | È (9 è de LA
si ì Il È 7
i
i i
114,00 [110,00 || 1295,00 ||1267,50 l|1254.50 || 1226,50 |!",severe,noisy
9550,11,19695,"Resta fermo l'eventuale migliore trattamento in atto.

Nota a verbale n. 1 
Pari Opportunità uomo-donna.

Le Parti convengono circa l'opportunità di applicare anche nel rapporto di lavoro nautico per il diporto la promozione del lavoro femminile e l'effettiva parità di opportunità uomo-donna.

Nota a verbale n. 2
Formazione professionale.

Le Parti convengono sulla necessità di ricercare tutte le opportunità che le normative europee, nazionali e regionali possono offrire per lo sviluppo di attività formative per i marittimi.
I programmi di formazione saranno indirizzati ai marittimi e potranno riguardare materie quali: la sicurezza della navigazione, la prevenzione e la tutela della salute, lo studio della lingua inglese, etc.

CONFITARMA
FILT-CGIL
FIT-CISL
UILTRASPORTI

ALLEGATI 

Allegato 1)

CAPITANERIA DI PORTO
del Compartimento marittimo di _____________________________________

CONTRATTO DI IMBARCO
sulla unità denominata “______________________________” n. di iscrizione ______________

L’anno ______ addì ____ del mese di ___________ nella Capitaneria di _____________________ Porto suddetta avanti a me _________________________ Ufficiale di Porto delegato dal Signor ________________________ Comandante del Porto alla stipulazione dei Contratti di arruolamento, sono personalmente comparsi:

-	la Società Armatrice con sede in _____________________, cod. fisc. e partita IVA ________________, Armatrice della unità denominata “________________________” di T.S.L. _________ lunghezza f.t. mt. ______ iscritta al n. _____________________ del ________ dell’Ufficio Marittimo di ________________________________________;",severe,noisy
6143,6,10500,sociale.,severe,clean
7703,0,0,"Il giorno 16 giugno 2010 a Milano, Anicta e UGL Chimici si sono incontrate per
esaminare la richiesta della UGL Chimici di sottoscrivere per adesione il verbale di
accordo 27 maggio 2010, a rinnovo del ccnl10 maggio 2006 - 12 luglio 2006.
In esito a tale incontro, Anicta ha manifestato la propria disponibilità ad accogliere la
richiesta della UGL Chimici.
UGL CHIMICI
~',t2f~'
~",severe,severe
20596,0,0,"ACCORDO
TRA L’A.RA.N., LE CONFEDERAZIONI RAPPRESENTATIVE
NEI COMPARTI DI CONTRATTAZIONE E LA FNSI
PER LA SPECIFICA REGOLAZIONE DI RACCORDO DEL PERSONALE PROFILI
INFORMAZIONE
Il giorno 7 aprile 2022, alle ore 11.00, ha avuto luogo - in modalità video conferenza - l'incontro tra
l’A.Ra.N.

e le associazioni sindacali aventi titolo.

Al termine della riunione, le parti sottoscrivono l’allegato Accordo per la specifica regolazione di
raccordo del personale profili informazione.

Per l’A.Ra.N.

il Presidente Cons.

Antonio Naddeo firmato
Per le Associazioni sindacali:
CGIL ______ firmato _______________
CISL ______ firmato _______________
UIL ______ firmato ________________
CGS ______ firmato _______________
CISAL______ firmato ______________
CONFSAL____firmato _____________
CSE_________firmato ______________
USB________ firmato ______________
FNSI ________ firmato _____________
VIA DEL CORSO 476
00186 ROMA
TEL.

+39.06.32483260
PEC: protocollo@pec.aranagenzia.it
C.F.

97104250580
ACCORDO
tra l’A.Ra.N., le Confederazioni rappresentative nei
comparti di contrattazione e la FNSI
per la specifica regolazione di raccordo del personale
profili informazione
1
SOMMARIO
TITOLO I DISPOSIZIONI GENERALI   3
Art.

1 Campo di applicazione   3
Art.

2 Autonomia professionale e norme deontologiche   3
Art.

3 Personale di cui all’art.

9, comma 5-bis della Legge n.

150/2000   4
Art.

4 Norme finali   5
Tabella A Tabelle di inquadramento nei CCNL dei comparti pubblici   6
Tabella B Voci retributive del “CCNL giornalistico”   9
Tabella C Voci retributive dei CCNL dei comparti pubblici   9
Tabella D Incarichi comparti pubblici   10
2
TITOLO I
DISPOSIZIONI GENERALI
Art.

1
Campo di applicazione
1.

Il presente accordo si applica al personale dipendente dalle amministrazioni
ricomprese nei comparti di contrattazione collettiva di cui al CCNQ 13 luglio 2016,
che svolge le attività di informazione negli uffici di cui all’art.

9 della Legge 7 giugno
2000, n.",severe,noisy
4655,223,397548,"______________________________________________________
17) essere/non essere (1) titolare di incarico nella medicina dei servizi a tempo
indeterminato: (1) (2)
Azienda ___________________________ Comune _____________________ ore sett.",severe,noisy
19180,0,0,"Il giorno 16 giugno 2010 a Milano, Anicta e UGL Chimici si sono incontrate per
esaminare la richiesta della UGL Chimici di sottoscrivere per adesione il verbale di
accordo 27 maggio 2010, a rinnovo del ccnl10 maggio 2006 - 12 luglio 2006.
In esito a tale incontro, Anicta ha manifestato la propria disponibilità ad accogliere la
richiesta della UGL Chimici.
UGL CHIMICI
~',t2f~'
~",severe,severe
7639,2,4005,"Ss

La Delegazione dell’Amministrazione stipula il presente accordo per conto del
Direttore Generale con riserva di sottoporlo al Governatore, il quale lo valuterà in sede di Consiglio

Superiore affinchè l'accordo stesso sia approvato o respinto nel suo complesso.

PER L’AMMINISTRAZIONE PERLA FALBI

Vietti Pa

UU he oh

bndl Co G ma

PER LA FIBA-CISL

o ierii",severe,clean
20412,196,410255,"di residenza _____________________________________________________________ ,
CHIEDE,
secondo quanto previsto dall’Accordo collettivo nazionale per la medicina generale ex art.

8
del D.L.vo 30.12.92, n.

502, l’aggiornamento del punteggio relativo ai propri titoli nella
graduatoria regionale di medicina generale, a valere per l’anno ____, relativamente
all’attività nel settore di:
a) Assistenza Primaria;
b) Continuità Assistenziale;
c) Emergenza Sanitaria Territoriale, ove presenti;
d) Medicina dei servizi territoriale, ove presenti
A tal fine acclude alla presente la seguente documentazione:
Autocertificazione di iscrizione all’ordine dei Medici della provincia di _________________ .

n.

___ Documenti relativi ai titoli in suo possesso - valutabili ai fini della graduatoria
predetta - e specificati nel prospetto interno.

Chiede che ogni comunicazione venga indirizzata presso (solo se variata rispetto alla
precedente domanda):
c/o _____________________________________________ Comune ______________________
provincia ______ indirizzo ____________________________________________________ n.

___
CAP ___________
Data ________________________ firma per esteso ___________________________________________
AVVERTENZE IMPORTANTI
I documenti comprovanti il possesso dei titoli dichiarati devono essere in regola con le
norme sull’imposta di bollo e le disposizioni di legge vigenti.

Ai fini della attribuzione del relativo punteggio, la documentazione allegata deve essere tale
da poterne consentire la valutazione e non si terrà conto di quella dalla quale non è
possibile dedurre i dati di valutazione o di quella mancante rispetto a quanto dichiarato dal
medico.

179
TITOLI ED ATTIVITÀ SVOLTA
PARTE RISERVATA
ALL’UFFICIO
I Titoli accademici o di studio
Specializzazione o libera docenza in medicina generale o
disciplina equipollente ai sensi del D.M.",severe,noisy
20028,0,0,"ACCORDO
TRA L’A.RA.N., LE CONFEDERAZIONI RAPPRESENTATIVE
NEI COMPARTI DI CONTRATTAZIONE E LA FNSI
PER LA SPECIFICA REGOLAZIONE DI RACCORDO DEL PERSONALE PROFILI
INFORMAZIONE
Il giorno 7 aprile 2022, alle ore 11.00, ha avuto luogo - in modalità video conferenza - l'incontro tra
l’A.Ra.N.

e le associazioni sindacali aventi titolo.

Al termine della riunione, le parti sottoscrivono l’allegato Accordo per la specifica regolazione di
raccordo del personale profili informazione.

Per l’A.Ra.N.

il Presidente Cons.

Antonio Naddeo firmato
Per le Associazioni sindacali:
CGIL ______ firmato _______________
CISL ______ firmato _______________
UIL ______ firmato ________________
CGS ______ firmato _______________
CISAL______ firmato ______________
CONFSAL____firmato _____________
CSE_________firmato ______________
USB________ firmato ______________
FNSI ________ firmato _____________
VIA DEL CORSO 476
00186 ROMA
TEL.

+39.06.32483260
PEC: protocollo@pec.aranagenzia.it
C.F.

97104250580
ACCORDO
tra l’A.Ra.N., le Confederazioni rappresentative nei
comparti di contrattazione e la FNSI
per la specifica regolazione di raccordo del personale
profili informazione
1
SOMMARIO
TITOLO I DISPOSIZIONI GENERALI   3
Art.

1 Campo di applicazione   3
Art.

2 Autonomia professionale e norme deontologiche   3
Art.

3 Personale di cui all’art.

9, comma 5-bis della Legge n.

150/2000   4
Art.

4 Norme finali   5
Tabella A Tabelle di inquadramento nei CCNL dei comparti pubblici   6
Tabella B Voci retributive del “CCNL giornalistico”   9
Tabella C Voci retributive dei CCNL dei comparti pubblici   9
Tabella D Incarichi comparti pubblici   10
2
TITOLO I
DISPOSIZIONI GENERALI
Art.

1
Campo di applicazione
1.

Il presente accordo si applica al personale dipendente dalle amministrazioni
ricomprese nei comparti di contrattazione collettiva di cui al CCNQ 13 luglio 2016,
che svolge le attività di informazione negli uffici di cui all’art.

9 della Legge 7 giugno
2000, n.",severe,noisy
5774,10,17841,"Le parti concordano di applicare i criteri e le modalità di cui all'accordo 16 ottobre 2015
relativo ai sistemi premianti, indennità di posizione e borse di studio anche per l’anno

2016.
NO

ge

>,

17",severe,clean
17939,1,1867,"- la definizione di tempi e modalità del pregresso avverrà entro il 30 giugno 2007 in
sede di confronto decentrato, ambito idoneo ove verificare la sussistenza delle
condizioni necessarie affinché ciascuna struttura possa adempiere alle previsioni del
presente accordo ponte;
resta ferma la necessità di corrispondere ogni pendenza relativa all'incremento del
primo biennio (di cui all’accordo quadro del 2 marzo 2006) entro il 31 dicembre
2007, ed ogni pendenza relativa all'incremento del secondo biennio al più presto e
comunque non oltre il 30 giugno 2009;

- in sede di definizione del pregresso si dovrà procedere all’assorbimento
dell’indennità di vacanza contrattuale istituita con accordo del 5 luglio 2004.

Letto, confermato e sottoscritto
ARIS

i

GLi
CETITTA

k
T

A AAN

i

Ala, cri
(la Jonio

ni

Pri luna

D'ITALIA BSGALI I -
O
li Ù VI
STU
istoszia»— [so'twrz CERIZIA reo |Leteore [sv'ozsisz 8 sose, xo) GIUOBLIP 09IPEN
G1uG,13U 1UUE 0] 01
GizIAIS IP IUUE ZI >
er'eiees 127986 el'eLee drizere = |Le'69orL ‘svozsiz UUB S + @ BIOSE} xe!
81058; xe]
[au uUE gi o
Ly'sL09 oizinvas Ip IUUE ZI <
[89'oso ve 102988 Jesu: gL'orse enzere © |Le'69rL Guozsoz UNE 9 + E EIOSE) xo] QqUeBLIP 09IPEM
v 21988 e]
(FTA
LL'169°29 1zs06 = |eeuzrei oziare: tnzece Leon z 'av'orese cinpow xo) eoliduos eimanns GIueBUIA
uve 9 ogyesui junsse]
18'6z0s8 avooszi © |zz'ezasi  [sogizor  [zvzec8 166911 Isr'ozsise - eoipaL BaJe
18'620s8 evooei  lzu'ezasi Osegrit |Losorz asoziz = |svozssz eolpew rase
JuUE 9 09UEvLI [unsse|
CIACCRA] levoosi © |ze'osezi  [oo'arzor = [zrzere = |L66912 el'ozsse - Bo]Biruiyo ese;
!0y' 199998 ‘89'006""21 ee'osezi CITI 126691 £ es'oziz [9107997 Bob InuIVo EOJe ‘esselduo9 einpnuIs UeBLIa
Tec 34109)
onuue uueg> | segea | juuesh< |idwoounns essalduiDO
srnoL — |'sniosa erpul |-sntosa evpul |-sniose erpui | ‘snioso ripur | 21504 ‘amou | nas evpui WSÌ ‘siod ‘sSy | oselloger eysusede: CINEIUI Ip elB0jod1y",noisy,noisy
4862,2,3114,"SEELZA 1L'608 16°86/ ose 2 9
Se'EIEt 20°818 s2'108 12 £08 29
orosri ovsie 18996 sL'Pe6 ®
02661 oo'61e AL'ZIOL aL'ivoL «E
os'gzgi EGIZI PB vPLL OLUZALL sz
L66881 Gross CIGLONI slibze: 52
1646861 00°001 Gr'oes Gere subze: MUUEZ +0
166103 00°081 G1'0ES overeL sueze: HIVE ZI + ab
ovissre 00°081 101988 006/81 eg0seÌ a9dNns sh
199921 es‘oi 11/609 20282 1z'oa 991 9
(CETORI eroi 10748 12'e28 Sez 98108 #9
9091 esoL 09918 82986 ev'ez 0E'146 d
SOS eeoi 00618 L'HO BASA Sp'9io: «È
aL'9S9% eso couzs OLA 2997 +1°9601 aL
18998"" eroi sw'oes eLozer 0008 sL'eezi d
18/4961 0000. eci 40°089 euezei 00'08 supezi HUUE Z +00
16/4661 00081 eLoI 99/008 sLozei 00'08 sL'oezi IUUIE ZL + oh
EIAA 00081 eroi 10'9€9 88/0ss +L'88 CIICHI tedns aL

TLSONo
ep aseg efied esont

TUSOHO
“IND vIUetune

oe'9ezi 11°609 98'914 20/68 ce'189 Di
960201 20218 96108 s'e +0'49/ È)
couzeri (VASTI DELLE el'ov 850/28 DA
RUSSI 00619 sv'gioi ge +9'Z26 ti
ovezei e9'zs 11'960. Por 00°0801 Ba
L64281 91/089 eL'iezi 0976 euzizii o
LBFEGÌ 007001 97088 sL'razi 00°2s elavzi UE Z +06
L66961 o0°0et avo BL'#6zL 008 erevzi IUUE ZL + ob
IAIGIRA qovel 10/968 bL'LISI series 99/8871 4adns ol

VUEVILO THEVVO

v ebay

80/80/10 1° ASVE VOYd TIIBAN

BLVARIA DIOVINUVA

FARMACIE RURALI SUSSIDIATE

Allegato B

PAGA BASE] cent MUOVA] CONTING
| LIVELLI 2101/8/09 | ‘irtaia ""| Pagabase|CEnza | ED:R | LS.0. | TOTALE
da 1/12/11

1° super 1.400,32 56,14 1456,46 536.07 10,33 130,00
1° + 12 anni 1.192,50 49,92 124242 59045 10,93 13000
14+ 2anni 1.192,50 49,92 124242 59045 10.33 10000
1 1.192,50 49,92 124242 530,45 10,33

» 1.008,01 44.29 1052,30 52163 10,32

3° 932.74 42,05 975.79 519,00 10,33

ta 835,7. 39,09 874,83 51540 10,33

8 793.48 36,02 76950 51207 10.93

8° 854,55 33,63 888,18 509.11 10,38",noisy,noisy
19802,1,1659,"- convengono che, a decorrere dal 1° ottobre 2025, vengano adeguati i minimi tabellari
in essere e concordano di applicare la tabella salariale di seguito riportata, che sostituisce
ogni altra tabella salariale precedentemente in vigore nel testo del CCNL e ne costituisce
parte integrante, variando conseguentemente i relativi testi originari.

*  
1.

Modifica Tabella retributiva A
La tabella retributiva A viene così modificata e sostituita:
Inquadramento Minimi retributivi
retributivo dal 01/10/2025
Quadri € 2.196,00
Primo Livello € 2.054,00
Secondo livello € 1.843,00
Terzo livello € 1.582,00
Quarto livello € 1.490,00
Quinto livello € 1.413,00
Sesto livello € 1.344,00
Settimo livello € 1.275,00
Ai lavoratori sarà inoltre riconosciuto un importo una tantum, con possibilità di erogazione in
un’unica soluzione o in un massimo di dodici rate.

Gli importi spettanti per ciascun livello sono di
seguito indicati:
Inquadramento Importo
retributivo una tantum
Quadri € 334,05
Primo Livello € 310,35
Secondo livello € 270,75
Terzo livello € 226,35
Quarto livello € 207,45
Quinto livello € 194,40
Sesto livello € 182,25
Settimo livello € 169,65
Le suindicate modifiche, integrazioni e contenuti del presente accordo avranno effetto ed efficacia a
far data dal 01/10/2025.

Letto, approvato e sottoscritto.

CONFLAVORO PMI CONF.S.A.L FESICA
___________________ _____________________ __________________",noisy,noisy
17832,10,16794,"39.450 37.400 36.400 38,708 44.650 38.700 39.950 32.200 | 28.700 | 26.750
38.600 36.600 35,600 32.950 43.650 87.850 33,200 31,500 | 28.100 | 26.150
38.250 36.250 35.300) 32,658 48.250 37,500 |, 32.900 | «31.200 | 27.850 | 25.900
38.050 36,100) 35,100) 32,500 43.050 37.350) 32,750 31.050 | 27.700 | 25.800
38.500 36.500 35/500 32.850 43.550 37.750 39.100 31.400 | 22.000 | 26.100
36.700 34.800 33.850 31.350 41.500 36.000 31.550 29.950 | 26.700 | 24.850
39/080 37.050 36,050 38.350 44.200 38.300 33.600 31/850 . | 28.450 | 26.450
87.850 35/850 84.900 32.300 42.000 37.100 32.550 30.850 | 27.950 | 25.650
36,930 35/050 34.100 31/550 || 41.800 36,250 31.000 30.150 | 26.900 | 25.050
37.300 35.400 34.400 31,850 42:20 26.600 32.100 30,450 | 27.150 .| 25.300
36.000 34.100 33.200 30.750 40.700 35.300 30.950 29.350 | 26.200 | 24.400
38.500 36.500 35.500 32,900 43.550 37.780 33.100 31/400 | 29.000 | 26.100
33.450 32,550 50.150 39,950 34,650 30.350 28.800 | 25.700 | 23.900

34.250 22,500 91.600 29.250 38.750 33.600 29.450 27.950 | 24.950 | 23.200
33.900 32,150 31.300 20.950 38.350 33,300 29.150 27.650 | 24,700 | 23.000
34.150 31.400 30.550 20.300 37.450 32,500 28,500 27.060 | 24.100 | 22.450
32.450 30.750 29.950 27.700 36,700 31,800 27.900 26.450 | 23.600 | 22.000
25.550 31.850 30.950 28.650 37,950 32.900 28.850 | -27.400 | 24.450 | 22.750
31,250 29,650 28.850 26.700 35,850 31.109 26.900 25.500 | 22,759 | 21.200
31.500 29.850 29,050 26.900 36.100 34,900 27.100 25.700 | 22.950 | 21.550
30.200 28,650 27.900 25.800 34,800 30.150 26.000 24.650 | 22.000 | 20.500
29150 27.650 26,900) 24,900 39.750 29,250 25.100 28.800 | 21.250 | 19.750
27.600 26.150 25,450 23,600 31 950 27.700 23.750 22,500 | 20.100 } 10.700

11

Accordo 11-VIII-1954 retribuzioni lavoratori industria risiera

TADELLA 3, — OPERAI DEL GRUPPO MERCEO)

Orerdio srEGALIZZATO",noisy,noisy
20236,1,0,"4 – Rappresentanze Sindacali Aziendali (RSA)
1.

Nelle aziende che applicano il presente CCNL, Confintesa può costituire RSA ai sensi
dell’art.

19 della L.

300/1970.

2.

La costituzione è formalizzata con verbale sottoscritto dai lavoratori iscritti, comunicato
all’azienda e a Confintesa con i nominativi dei componenti e del dirigente RSA.

3.

Alla RSA spettano le agibilità e i diritti previsti dagli artt.

20–27 L.

300/1970 (assemblea,
bacheca, locali idonei, trattenuta contributi, permessi retribuiti per i dirigenti RSA).

4.

È allegato Accordo aziendale-tipo per l’attuazione pratica in azienda.

5.

Nelle unità con RSU costituita in base ad accordi interconfederali applicabili, la
rappresentanza è esercitata dalla RSU e non si costituiscono RSA, salvo diverso accordo
tra tutte le OO.SS.

presenti.

Art.

5 – Deposito e pubblicità
Il presente Accordo è depositato presso il CNEL per l’aggiornamento del codice contratto
e pubblicato sui siti delle Parti.

Art.

6 – Salvaguardie
Restano ferme le tutele di legge e le migliori condizioni previste dal CCNL e da eventuali
accordi aziendali.

Art.

7 – Entrata in vigore
Il presente Accordo entra in vigore alla sottoscrizione, salvo le diverse decorrenze indicate
agli articoli precedenti.

Per CONFINTESA
Il Segretario Generale Francesco Prudenzano
____________________________________________
Per CONAPI
Il Presidente Basilio Minichello
____________________________________________
Allegato 1 – Accordo aziendale-tipo per RSA
Tra:
• L’Azienda: [Ragione sociale] – [Sede] – [CF/P.IVA]
• La RSA di Confintesa dell’unità produttiva di [sede]
• Confintesa– Struttura territoriale/regionale [ ]
1.

Riconoscimento
L’Azienda riconosce la RSA di Confintesa ai sensi dell’art.

19 L.

300/1970.

2.

Nominativi
La RSA è composta da n.

[ ] componenti.

Dirigente RSA: [Nome Cognome].

Eventuali
variazioni saranno comunicate per iscritto.

3.",noisy,noisy
17869,3,0,"SerOtmAZZATI:
paga per B are. . >    ++ |[1439,50/1408,00:1396,00|1389, 50|1404, 50|{1339, 00[1425,50|1281,00|1219, 50|1362, 00]
pago per 9 are. . >    + 1|1539,90|1504, 50/1490,50:[1497,00|1503, 50||1434,50/1521,00|1477,50|1442, 50t1450,00]

PITTI [8637, 00/1600, 5011585, 50||1564,00|1602,00|11530,00|1616,50|1574, 00|1595, 50|1554,00|

poga per 10 ore.

Quariricari: i

di età maggiore ai 20

1202,50|1230,60|1240,00|1212,00|1223, 50]
11288, 50|1366,00|1327,50|1295,00|1310, 00]

pag per 8 ore. +. ++ 0 +. +. + >. [|1292,50/1264,50/1253,501256,00/1261,50

paga pier 9 ore, >; + + +++ +. {l1301,50/1351,00/1938,50|(1335,50|1950, 50!
paga per 10 016, +  + + + > + + + f{1471,00|1437,50/1424,00||1423,50/1439,50|1374,5011452,00/1414,50|1378, 50/1396, 50|

I
dei 18 ai 20 anni Hi

paga per Bore, LL  1254, 00|1227,00/1216,00)|1210,50|1224, 00||1167,00|1242,00|1209, 50|1176,00}1187,00
paga per 9 ore, LL (1340, 50/1311, 00/1299,00}|1296, 00|1310,00||1250,50|1925, 50/1288, 00|1256, s0|t271, 00|
pago per 10 ore. . .   +. + + + +. |[2427,00;1394,50/1381,50|/1981,00|1396, 50)|1333, 5011409, 00|1372,001337,0/1355,00|

doi 16 ai 13 anni:

paga per 8 ore.» |. <  <<. +. [{1102,00|1078,00Î1058,00|[1063,50/1015, 50|{1025,00'1091,50/1057,00|1033, 00|1042, 50
paga per 9 ore. «è +  +. ++ |{1177,50|1151,50/1141,00||119,50|1151,50|[1098, 00|1161,50/1131,00}1104,0011116, 50
paga per 10 are. . <.<, +, +. . > |[1259,50{1225,00/1213,50({1213,00|1227,00||1171,50/1238, 00/1205, 00|1175, 00/1190, 00

taferiori ai 16 wnni:
paga per 8 ore, |. <.<. +  | 912,00 892,00] 884,00/ 560,00) 830,00|| 848,00} 903,00) 874,50] 854,50/ 863,00
paga per 9 ore, . LL  0  {[ 974,50] 953,00] 944,50|( 942,00] 952,50| 909,00) 963,50] 936,00] 913,50| 924,00)

Ù

paga per 10 pre. < LL  + + -  [{1037,50:1014,00|1004,50||1004, 0011015,501| 969, 50|1024,00| 997,00) 972,00! 985,00;

Accordo 10-IF-1955 retribuzioni addetti industria molitoria e della pustificazione

AT LAVORI DISCONTINUI, DI SEMPLICE ATTESA O CUSTODIA",noisy,noisy
20984,1,0,"4 – Rappresentanze Sindacali Aziendali (RSA)
1.

Nelle aziende che applicano il presente CCNL, Confintesa può costituire RSA ai sensi
dell’art.

19 della L.

300/1970.

2.

La costituzione è formalizzata con verbale sottoscritto dai lavoratori iscritti, comunicato
all’azienda e a Confintesa con i nominativi dei componenti e del dirigente RSA.

3.

Alla RSA spettano le agibilità e i diritti previsti dagli artt.

20–27 L.

300/1970 (assemblea,
bacheca, locali idonei, trattenuta contributi, permessi retribuiti per i dirigenti RSA).

4.

È allegato Accordo aziendale-tipo per l’attuazione pratica in azienda.

5.

Nelle unità con RSU costituita in base ad accordi interconfederali applicabili, la
rappresentanza è esercitata dalla RSU e non si costituiscono RSA, salvo diverso accordo
tra tutte le OO.SS.

presenti.

Art.

5 – Deposito e pubblicità
Il presente Accordo è depositato presso il CNEL per l’aggiornamento del codice contratto
e pubblicato sui siti delle Parti.

Art.

6 – Salvaguardie
Restano ferme le tutele di legge e le migliori condizioni previste dal CCNL e da eventuali
accordi aziendali.

Art.

7 – Entrata in vigore
Il presente Accordo entra in vigore alla sottoscrizione, salvo le diverse decorrenze indicate
agli articoli precedenti.

Per CONFINTESA
Il Segretario Generale Francesco Prudenzano
____________________________________________
Per CONAPI
Il Presidente Basilio Minichello
____________________________________________
Allegato 1 – Accordo aziendale-tipo per RSA
Tra:
• L’Azienda: [Ragione sociale] – [Sede] – [CF/P.IVA]
• La RSA di Confintesa dell’unità produttiva di [sede]
• Confintesa– Struttura territoriale/regionale [ ]
1.

Riconoscimento
L’Azienda riconosce la RSA di Confintesa ai sensi dell’art.

19 L.

300/1970.

2.

Nominativi
La RSA è composta da n.

[ ] componenti.

Dirigente RSA: [Nome Cognome].

Eventuali
variazioni saranno comunicate per iscritto.

3.",noisy,noisy
20903,1,1404,"Articolo 73 TRATTAMENTI MINIMI CONTRATTUALI
Aumento | Aumento | Aumento ] Aumento | Aumento | Aumento | Aumento _] Aumento
Uvi Pat. ‘economico economico economico “economico ‘economico ‘economico ‘economico economico Totale
Luglio 2025 | Maggio2026 | Ottobre2026 | Maggio2027 | Dicembre 2027 | Luglio 2028 | Ottobre 2028_| Marzo 2020
Q 220. € 80,73 | € 70,64 | € 170,64 | € 80,55 | € 40,37 | € 50,46 | € 40,37 | € 20,18 | € 433,94.
7 201_|e 7376|€ 54,58 | € 84,51 [€ 55,32 | € 36,88 | € 46,19 | € 36,88 | € 18,44 | €396,86
6 [7 _|e 50.85 [€ 3587 |€ 35,87 /€ ar89|€ 3193 [€ 3991|€ 3193 [€ 15,96 |€ 2021
5 10 _|e 3138 [€ 40,95 |€ 44,95 |€ 3853 | € 25,69 [€ 32,1 [€ 25,68 [€ 17,84 | € 27614
4 128_|e 46,97 |€ 41,10] € 81,10 | € 3523|€ 23,69 [€ 29,36 |€ 23.49 |€ 1174 |e___252,8
O ne le 63.30 /€ 3789 |€ 3789 |€ 3248] € 2165 [€ 27,06 [€ 21,65 [€ 10,83 €232,75
2 109_|e 20,00 | € 35,00 | € 35,00 [€ 30,00 [€ 20,00 |€ 25,00 | € 20,00 | € 10,00 [€ 215,00
1 100_|e 36,70] € 3211 [€ 2211 [€ ns |e 18,35 [€ 22,94 | € 18,35 [€ 3,7 |€ 197,5
15_|e 45,87 | € 40,14 | € 4014 | € 34,40 | € 29 | € 28,67|€ EG 1147 |€ 24657
us |e 42,20 | € 3693 | € 3693 [e 3165 [€ 2.10 |€ 26,38 [€ 2.10] e 1055 |e 226,84
di Sumo Retribuzione I nità di Retribuzione enR
iv. economico tabellare contingenza sale DR
Luglio 2025 Luglio 2025 Luglio 2025
a 220 € 100,92 € 1.653,44 € 532,06 € 2.185,50 € 210,33
7 201 € 92,20 € 1.510,64 € 532,06 € 2.042,70 € 10,33
6 174 € 79,82 € 1.307,72 € 524,77 € 1.832,49 € 10,33
5 140 € 64,22 € 1.052,18 € 518,53 € 1.570,71 € 10,33
4 128 € 58,72 € 962,00 € 517,50 € 1.479,50 € 10,33
3 118 € 54,13 € 886,85 € 515,42 € 1.402,27 € 10,33
2 109 € 50,00 € 819,21 € 513,96 € 1.333,17 € 10,33
1 100 € 5,87 € 751,57 € 512,71 € 1.264,28 € 10,33

l'afftuale rinnovo 2025-2028 che fa 5° tranche di aumento del precedente CCNL 2021-2024
1

HA titug entità
27

L'aumento economico comprende sia remento

Mute A LAS , Ì

Aumento Retribuzione Retribuzione",noisy,clean
17809,13,22538,"132,90 | 129,00 | 113,30 3770 || 125,30 | 116,95 92,25 12,65 || 116,75 | 109,05| se6,20| 59,90
137,50 | 133/45 | 17,20 | 96,95 || 129,75 | 12110 | 95,55 | 25,20 || 120,80 {112,851 89,15] 62,00

126,85 | 123,10 | 100,15 | 89,45 !{ 129,50 | 111,55 | oo,00 | 69,30 || 111,25 | 109,95 | 02,10] 57,10
127,80 | 12405 | 109/95 | 90,15 | 120,40 | m12,40 | na,zo |. 69,90 || 112,20 | 104,70] 02,75] 57,95

122,80 | 119,20 | 101,70 | 86,00 || 115,30 | 107,65 | 84,90 |. 66,85 | 106,75 | 99,70) 78,80) 54,80

113,46 | 115,00 } 101,00 | 69,55 |} 111,25 | 108,65 81,95 |"" 64,50 || 103,00 | 06,20) 76,051) 52,85

112,15 | 108,85 | 95,60 | ‘79,10 |} t0s,30 | 99,30 | 77,55 | 61,05 97,50 | oLi0| 71,95] 50,05

13

Accordo 11-VIII-1954 retribuzioni lavoratori industria risiera

Segue: TapeLsA 3. — OPERAI DEL GRUPPO MERCEO",noisy,noisy
20860,1,1737,"- convengono che, a decorrere dal 1° ottobre 2025, vengano adeguati i minimi tabellari
in essere e concordano di applicare le tabelle salariali di seguito riportate, che
sostituiscono ogni altra tabella salariale precedentemente in vigore nel testo del CCNL
e ne fanno parte integrante, variando conseguentemente i relativi testi originari.

*  
1.

Modifica Tabelle salariali
La tabella retributiva A viene così modificata e sostituita:
Minimi
Inquadramento
retributivi
retributivo
dal 01/10/2025
1 € 1.544,00
2 € 1.905,00
3 € 2.005,00
4 € 2.135,00
5 € 2.330,00
6 € 2.569,00
7 € 2.838,00
8 € 3.149,00
Quadro € 3.537,00
La tabella retributiva B viene così modificata e sostituita:
Inquadramen Minimi
to retributivi
retributivo dal 01/10/2025
1J € 1.237,00
1 € 1.366,00
2 € 1.714,00
3 € 1.912,00
4 € 2.071,00
5 € 2.232,00
6 € 2.451,00
7 € 2.700,00
Le suindicate modifiche, integrazioni e contenuti del presente accordo avranno effetto ed efficacia a
far data dal 01/10/2025.

Letto, approvato e sottoscritto.

CONFLAVORO PMI CONF.S.A.L FESICA
_____________________ ___________________ _____________",noisy,noisy
7765,68,0,"FAI-CISL FLAI-CGIL UILA-PESCA FEDERPESCA

th

boe wo

ZLOZ'ZE'LE IR ZLOZ'ZO""L0 [EP ONJUEIEO OIEZAUIONN OWUUIIN [OP 9 HEIZUSPIAGAY IU Ie I}NI]ISUSLI [UOIZN(/1}91 2][PP EIjOGEL ""E21UESIO PISOd

uo,

VOSIdYICIA — VOSAdVIN — NDO-INII TISIO-IVI

16496 SS'4S9 00'96z| Lr'osp'l EEGI £0'80L ee'Lez| 064981 19'978 Pil

ec'L0L ee'ezzil co'sez| z9'ses i EE'PEPI sell ve'zwz| sese 60'228 OROUEACIO

LE'oLL 02°9861 00'88z| Lo'z0g8' 02'069 1 98‘0eì oz'ezi Le'#zz  |sg'osol| srl GJEN91/OIEULIEIN

99°7zL esso oo'sez| so'ozeT ES'LGLI Gg'zeL Lo'ooe] se'oez |sz'ezii|  sst OWIOJISON

969, AISHA co'ssz| LL'ogL'z VAIIA 10991 ve'scee| evvoz  |22'68z1|  S2L SIEIOIyn 7

69'L9L <9'6197 [oa AZIZ VMZZAA 10991 ac'L19E| ro'78c |9S'tl AIZIOUN pL

os'eLl PI'ezez co'sez| r9'898%7 #L'#897 1e'961 eL'ier| es'oce [rei BUIUDOELI IP GIORNATA

l ì

CE 8U'8rLE oo'sez| ze'zz9e ST'EsrE 660977 W'zes] L'eco |Ly'9wz7 || Geepeuco]
Ydl ud NHL ezuas

apsua”y SANI 1UY IR AGI 1UIY 18 alsuey e|isueNN elsuSpi a|sueN

MAL OP | FUISNAN OLYOdMI | erauo9 omueso omuese9 alog | ollisuew | e/pi-e/ei | 0Ssy

UOVA AMOTVA UOVA ONEJGUON OUEAUON | FUOTVA | eNAnSSA| AHOTVA | ouodui | ozewelEd euoIgienO
“UN ""UN

SLOZIzi:Le Ie EL0Z'LO""LO IEP OIMUEIEO OLIEZSUONI OLULUINN |OP 9 IEIZUSPIASIT IU IE ITNIISUOLI |UOIZNGLI}SI SISP EIJOGUL ‘ESIUESIO LISIA

VOSAdYIAIA VOSIdVvIN

UDOVIH

ISIO-VI

e9'9z9L o0'0LE] 064P9F""L 69'99E1 gp'oLi seo] 0p'88ì | 14'978 vIL en]
L9'LSLL O0'0LE| So'pre'l IVANA cL'IST| 98'26L 60258| Lal PAS]
09'LLL VERITA OO'OLE| Pr'SIB'L 18'169°L 19282| 194972 |sg'oso SbI 810Na1/OIEUMEIA

ata

i

90'ecl 99FLL'7 oo'oLe| z9'876, 99408"" CERA Sz'ECVI ssI uOION]

s7'8e, VAACESA co'oLe] 09'88L'7 #e‘osoz L26871 8LL SIeoyn 7
—_

62'8PL Se'Los'z co'oLe| #8'08€7 see 981 sel SIEIOLYn ol

eL'aLl 42° 100°€ co'oLe| 9021987 L01697 LVVELI BUJYDIELI IP 210RaIIT

#8‘0%7

eNsuan
Al 19p
FUOTVA

Ww'ozz'e oo°0Le

SdN
ATISNIN OLYOAI
AUOTVA

'AGAd IU IE
arauo9
AUOTVA

97189

Hr uo9
e[ISUSNI
omueseo5
ONEJGUONI
""UN

b'0gr:e",noisy,clean
19458,1,1808,"- convengono che, a decorrere dal 1° ottobre 2025, vengano adeguati i minimi tabellari
in essere e concordano di applicare le tabelle salariali di seguito riportate, che
sostituiscono ogni altra tabella salariale precedentemente in vigore nel testo del CCNL
e ne fanno parte integrante, variando conseguentemente i relativi testi originari.

*  
1.

Modifica Tabella retributiva A
La tabella retributiva A viene così modificata e sostituita:
Minimi
Inquadramento
retributivi
retributivo
dal 01/10/2025
Quadri € 2.838,00
Primo Livello € 2.771,00
Secondo livello
€ 2.482,00
Super
Secondo livello € 2.314,00
Terzo livello € 2.159,00
Quarto livello € 2.016,00
Quinto livello € 1.974,00
Sesto livello € 1.932,00
Settimo livello € 1.743,00
Le suindicate modifiche, integrazioni e contenuti del presente accordo avranno effetto ed efficacia a
far data dal 01/10/2025.

Letto, approvato e sottoscritto.

CONFLAVORO PMI CONF.S.A.L FESICA
___________________ ___________________ ___________________",noisy,noisy
6878,8,14504,"sressue rover L peos'ce TrTI6EsT Teso'ze I | 8886961
Ero CES asst [xsete |soses0o  [ueees VS 6L
SFRIEOI eozLET 60] [xe6es  [zo'cr9:sor [eso [ve's09sti
875119 ILUST [zoo fueste | 10treve peesas  [9stnzon
2TUSLI 070609 [xis'o [nero [132546 [uss'os  |erzorsoz
SFTNTSS STERTZI [ass bergis |0eves 608 MRIS6E [Ovwitose
Leva BrToL [0070 E berrzi  [se'szzi eors9  [ssoser
35 T08:SI T0PrLT fx0o'o fesso [rovze9zi Gere [orzogzer
VIMESI Cud acco Sri STLE | 5029615 166» | Erore 6a
Cossa] 20190E pe  fusti [oceeoni usogi  |ercoree
can [orssr_ et TsusZ WErGi | IDI619E CCR CITTA
iSEnrs ETTI Cra i 70 5828 fores  [arzseze
TsFinaz Crtei TAC] Cs percio |ereecoie
este BSS6ETI [ao 06 SLY ATI [uttor _[srorassi
ISOLE pese o ITEITOTI nove [srosotwt
LE 60988 [xe or Lee Bet [ezeso | ceo tez
arsare ato LT 59697 puatse_ [preegser
8020£ eso ST39021 fesos | ewearze
19908 000 E T6 1878 WeLeT9 [108607
user eso [st |uesc 79159 CES] STSsTS
treeror [sessst____|uocte_] SL'EBGPIL Gaza BSISETSI
206: 1 |uares |erecesa___[xor te 18706
|eerte | se'orz9 [e89' Igosezi
[zz | ootsrEE 9eS0 99 IL'SETZOr
peso ts ]902855 perse
peso e |oresetz uers
ferste [orsc9st rao'ss
jeoco_] peesaz
fece9z | tvoszzi pass es
CECA SENT] Feezee
[eagter | eseres [xac'99
[naro [srocser CERI
[easte  |er'se9 ce ESCE
[nzoe | es'6s0ze [x90°0r
Gaza Cesa [nere
[uoris | er'eava coz'ez
ECESSI CEL ETA pasg9I | seeuvi
Caraa fusose | ersarsi COS CITA
TELOETI furore [coeerIE fxse‘se_ [06st SEI
ve SOLE ERI | roesase PRETIS | B9Ere see
320676 fuso |zoescai perso [essrroni
oc'evzti Fuestsi [caste [use'se_ [10059181
SELES fees [seven perzieo  [ar'esssi
ETSSTT [xso9i  [sverss eee | ur'sicaz
CISE] [40091 Le tro te
Gi) Cous astasT
Carsa ES ETISOZI
LTSIE ET CESSI EGEO pesto |esseroni
ca [xes'et | vo'elzor psores  |trtecse
SHOLET aste 39/0681 1eso'69 | 69'66rer
E orta __|srosrti [uorie  [ermigze
Ta resi [assise puerer [esenti

#14 184 6102 svOnqUIUOI

xO0°00T = IUSIOLENIZ sirS SESPOSITT  X90C 9r'6sT989 È 9v'ore6er 1 MUTBS

924 196 6107 auopnqUIUOI",noisy,clean
3796,2,3114,"SEELZA 1L'608 16°86/ ose 2 9
Se'EIEt 20°818 s2'108 12 £08 29
orosri ovsie 18996 sL'Pe6 ®
02661 oo'61e AL'ZIOL aL'ivoL «E
os'gzgi EGIZI PB vPLL OLUZALL sz
L66881 Gross CIGLONI slibze: 52
1646861 00°001 Gr'oes Gere subze: MUUEZ +0
166103 00°081 G1'0ES overeL sueze: HIVE ZI + ab
ovissre 00°081 101988 006/81 eg0seÌ a9dNns sh
199921 es‘oi 11/609 20282 1z'oa 991 9
(CETORI eroi 10748 12'e28 Sez 98108 #9
9091 esoL 09918 82986 ev'ez 0E'146 d
SOS eeoi 00618 L'HO BASA Sp'9io: «È
aL'9S9% eso couzs OLA 2997 +1°9601 aL
18998"" eroi sw'oes eLozer 0008 sL'eezi d
18/4961 0000. eci 40°089 euezei 00'08 supezi HUUE Z +00
16/4661 00081 eLoI 99/008 sLozei 00'08 sL'oezi IUUIE ZL + oh
EIAA 00081 eroi 10'9€9 88/0ss +L'88 CIICHI tedns aL

TLSONo
ep aseg efied esont

TUSOHO
“IND vIUetune

oe'9ezi 11°609 98'914 20/68 ce'189 Di
960201 20218 96108 s'e +0'49/ È)
couzeri (VASTI DELLE el'ov 850/28 DA
RUSSI 00619 sv'gioi ge +9'Z26 ti
ovezei e9'zs 11'960. Por 00°0801 Ba
L64281 91/089 eL'iezi 0976 euzizii o
LBFEGÌ 007001 97088 sL'razi 00°2s elavzi UE Z +06
L66961 o0°0et avo BL'#6zL 008 erevzi IUUE ZL + ob
IAIGIRA qovel 10/968 bL'LISI series 99/8871 4adns ol

VUEVILO THEVVO

v ebay

80/80/10 1° ASVE VOYd TIIBAN

BLVARIA DIOVINUVA

FARMACIE RURALI SUSSIDIATE

Allegato B

PAGA BASE] cent MUOVA] CONTING
| LIVELLI 2101/8/09 | ‘irtaia ""| Pagabase|CEnza | ED:R | LS.0. | TOTALE
da 1/12/11

1° super 1.400,32 56,14 1456,46 536.07 10,33 130,00
1° + 12 anni 1.192,50 49,92 124242 59045 10,93 13000
14+ 2anni 1.192,50 49,92 124242 59045 10.33 10000
1 1.192,50 49,92 124242 530,45 10,33

» 1.008,01 44.29 1052,30 52163 10,32

3° 932.74 42,05 975.79 519,00 10,33

ta 835,7. 39,09 874,83 51540 10,33

8 793.48 36,02 76950 51207 10.93

8° 854,55 33,63 888,18 509.11 10,38",noisy,noisy
17867,59,111056,"Gli aumenti periodici maturati anteriormente al 1° giugno
1952 sono — con decorrenza dal momento di entrata in vigore
del presente contratto — consolidati nelle seguenti somme, com-
prese le quote forfettarie di rivalutazione previste dagli accordi
interconfederali 14 giugno 1952 (art. 3) e 12 giugno 1954 (art. 8).

AUMENTI PERIODICI DI ANZIANITÀ CONSOLIDATI AL 5%

Ex I zona Ex II zona Ex INI zona | Ex IV zona

CATEGORIA
uomini | donne uomini | donne |uomini | donne [uomini | donne
1° categoria   4.160] 4.160| 4.040) 4.040| 3.940] 3.940] 3.870) 3.870
29 categoria   2.880] 2.445] 2.795] 2,380] 2.730] 2.330] 2.685| 2.290
3% categoria 4   1.895] 1.620| 1.840] 1.575] 1.800] 1.545} 1.760| 1.515
3% categoria B  1,450] 1.250] 1.410] 1,225} 1.380] 1.195] 1.360| 1.170

Art. 9. — Indennità maneggio danaro - Cauzione.

L'impiegato, la cui normale mansione consiste nel maneggio
di danaro per pagamenti e riscossioni, con responsabilità, per

58

C.c.n.l 27-VII-1972 per gli addetti alle industrie detta birra e del malto

errori, anche finanziaria, ha diritto ad una particolare indennità
mensile pari al 7 per cento del minimo di stipendio della catego-
ria di appartenenza e della indennità di contingenza.

Le somme eventualmente richieste all’impiegato a titolo di
cauzione dovranno essere depositate e vincolate a nome del ga-
rante e del garantito presso un Istituto di credito.

I relativi interessi matureranno a favore dell'impiegato.

Art. 10, — Tredicesima mensilità,

L'azienda corrisponderà una tredicesima mensilità pari alla
retribuzione mensile di fatto percepita dall'impiegato. La corre-
sponsione di tale mensilità avverrà normalmente alla vigilia di
Natale.

Nel caso di inizio o di cessazione del rapporto durante il
corso dell’anno, l'impiegato non in prova avrà diritto a tanti
dodicesimi dell'ammontare della tredicesima mensilità per quanti
sono i mesi interi di servizio prestato.",noisy,clean
17810,10,16794,"39.450 37.400 36.400 38,708 44.650 38.700 39.950 32.200 | 28.700 | 26.750
38.600 36.600 35,600 32.950 43.650 87.850 33,200 31,500 | 28.100 | 26.150
38.250 36.250 35.300) 32,658 48.250 37,500 |, 32.900 | «31.200 | 27.850 | 25.900
38.050 36,100) 35,100) 32,500 43.050 37.350) 32,750 31.050 | 27.700 | 25.800
38.500 36.500 35/500 32.850 43.550 37.750 39.100 31.400 | 22.000 | 26.100
36.700 34.800 33.850 31.350 41.500 36.000 31.550 29.950 | 26.700 | 24.850
39/080 37.050 36,050 38.350 44.200 38.300 33.600 31/850 . | 28.450 | 26.450
87.850 35/850 84.900 32.300 42.000 37.100 32.550 30.850 | 27.950 | 25.650
36,930 35/050 34.100 31/550 || 41.800 36,250 31.000 30.150 | 26.900 | 25.050
37.300 35.400 34.400 31,850 42:20 26.600 32.100 30,450 | 27.150 .| 25.300
36.000 34.100 33.200 30.750 40.700 35.300 30.950 29.350 | 26.200 | 24.400
38.500 36.500 35.500 32,900 43.550 37.780 33.100 31/400 | 29.000 | 26.100
33.450 32,550 50.150 39,950 34,650 30.350 28.800 | 25.700 | 23.900

34.250 22,500 91.600 29.250 38.750 33.600 29.450 27.950 | 24.950 | 23.200
33.900 32,150 31.300 20.950 38.350 33,300 29.150 27.650 | 24,700 | 23.000
34.150 31.400 30.550 20.300 37.450 32,500 28,500 27.060 | 24.100 | 22.450
32.450 30.750 29.950 27.700 36,700 31,800 27.900 26.450 | 23.600 | 22.000
25.550 31.850 30.950 28.650 37,950 32.900 28.850 | -27.400 | 24.450 | 22.750
31,250 29,650 28.850 26.700 35,850 31.109 26.900 25.500 | 22,759 | 21.200
31.500 29.850 29,050 26.900 36.100 34,900 27.100 25.700 | 22.950 | 21.550
30.200 28,650 27.900 25.800 34,800 30.150 26.000 24.650 | 22.000 | 20.500
29150 27.650 26,900) 24,900 39.750 29,250 25.100 28.800 | 21.250 | 19.750
27.600 26.150 25,450 23,600 31 950 27.700 23.750 22,500 | 20.100 } 10.700

11

Accordo 11-VIII-1954 retribuzioni lavoratori industria risiera

TADELLA 3, — OPERAI DEL GRUPPO MERCEO)

Orerdio srEGALIZZATO",noisy,noisy
12311,79,145491,"Sondrio 23,93 | 24,51 | 25,06
Taranto 13,35 | 16,63 | 19,77
Terano 14,08 | 19,76 | 23,24
Tomi LL 2. | 16,22 | 19,4 | 22,58
Torino Li 37,21 | 37,21 | 87,21
Trapani 22/22/22 1,70 6,06 10,24
Trento Li 1  | 22,58 | 29,54 | 24,46
Treviso Li 15,45 | 17,32 | 19,11
Trieste. ii 20,58 | 21,53 | 22,44
Udino . 17,94 | 19,64 | 21,27
Varoso . 36,62 | 37,03 | 37,42
Venezia 21,98 | 22,94 | 23,85
Verbania Li i 24,76 | 25,33 | 25,87
Vereelli LL. 25,06 | 26,02 | 26,94
Verona Lili 2  | 18,75 | 20,26 | 21,71
Vicenza Lil 16,24 | 17,75 | 19,20
Viterbo LL 10,90 | 14,61 | 19,17

Nota. — Con decorrenza non anteriore al 19 gennaio 1971 le misure percentuali dell'indennità territoriate
di settore potranno subire inerementi nelle singole circoscrizioni territoriali per effetto della contrattazione iute-

grativa di cis all'articolo 17 del presente contratto.

75

C.c. n. i, 3-X11-1969 operai dipendenti dalle imprese edili ed affini

ALLEGATO €

ANZIANITA’ DI MESTIERE
Regolamento di attuazione dell'art. 38 del contratto (*)

$ 1. — L'anzianità di mestiere si computa a partire dal
1° gennaio 1967 ed è ragguagliata ad anno.

L’operaio matura un anno di anzianità di mestiere quando
nel corso di un anno solare abbia complessivamente prestato nel
settore, in qualsiasi località, almeno 1.500 ore di lavoro ordi-
nario, anche presso diversi datori di lavoro.

Se, nel corso dell'anno solare, l'operaio:

4) non ha raggiunto le 1.500 ore, ma ne ha prestate al
meno 800: tali ore. non sono computabili per la maturazione
dell'anzianità di mestiere, ma sono contabilizzate agli effetti
della commisurazione dei benefici previsti dai successivi 88 5 e 6,
salvo il verificarsi dell'ipotesi di cui alla lettera c) del $ 2;

b) non ha raggiunto le 800 ore, ma ne ha prestate almeno
500: tali ore non sono computabili ad alcun effetto, ma non
opera la decadenza di cui al $ 2, lettera 5), salvo il verificarsi
della ipotesi di cui alla lettera c) del paragrafo medesimo;",noisy,clean
19544,0,0,"ACCORDO ECONOMICO INTEGRATIVO
DEL CONTRATTO COLLETTIVO NAZIONALE DI LAVORO MODA ARTIGIANATO -
PELLETTERIA, CALZATURIERO, TESSILE E ABBIGLIAMENTO ED AFFINI,
CHIMICA E CERAMICA -
codice contratto V754

L’anno 2025 il giorno 21 del mese di Febbraio, in Roma, presso la sede di CONFSAL , sita in Viale
Trastevere 60, si sono costituite le seguenti Parti sociali

CNL Confederazione Nazionale del Lavoro, rappresentata dal Presidente Michele Antonio Eramo,

Confsal Federlavoratori, rappresentata dal Segretario Generale Federica Pascarelli,
CONFSAL- Confederazione Generale dei Sindacati Autonomi dei Lavoratori rappresentata
dal Segretario Generale Angelo Raffaele Margiotta.

Premesso che le parti ritengono necessario tutelare il potere di acquisto dei lavoratori e nel contempo
favorire sia la crescita e lo sviluppo delle imprese che il benessere dei dipendenti

convengono

che a decorrere dal 1 gennaio 2025 vengono adeguati i minimi tabellari in essere e pertanto
concordano di applicare le tabelle salariali di seguito riportate, che sostituiscono ogni altra tabella
salariale precedentemente in vigore
iiololii.ii.i.i.i
1. Tabelle minimi salariali
TABELLA A
SETTORE TESSILE ABBIGLIAMENTO

di Minimial-- | Minimal | Minimi al

[Sesto Ivello_|__©1.439,00_|_C1487,00_]
ettimo Tivello_|__T1.361,00_| 1.405,50 ]
* Da aggiungere indennità di funzione pari a € 21€

TABELLA B
SETTORE TESSILE CALZATURIERO

* Da aggiungere indennità di funzione pari a € 21

TABELLA C
SETTORE LAVORAZIONI A MANO E SU MISURA

Minimi al _- Minimi. al.
. 01/01/2025. 01/10/202

— € 1.973,00

TABELLA D SETTORE
OCCHIALERIA

E E n Minimi al È
I
[Secondo vete | T:9T700
[terzo Tvelo _|__C173600
DO

Quinto Tvello_]__C1.525,00 |

* Da aggiungere indennità di funzione pari a € 21

TABELLA E
Chimica, Gomma-Plastica, Vetro, Concia

7 Minimi Minimi a] x
Inquadramento | 01/01/2025 | 01/10/2025.
[Primo vello O* | 129,00 92,00
| Sese] _t196s.00 -}eZos0no —{__t21330 |]
«[_CI847,00 | CIII9,0 |

(Terzo velo _|_C1790,00 —]",noisy,noisy
6878,7,12677,"_ MIGIVAMWO]
L9'LOE BT eze B6°60£'pI ES] CSA MOUVANO]
EIA cassa t0GL EI Cesa SESCHI FINYENOI]
ST'OZITOE [EO'E 1685801 [400 OTT MIASYANON
6060811 SL'rSS5 USA 98'SSES VIUNON
EvvIiezi EGIE] EEZ40] [CoDS] NON
POSE SES0TE [x00°0 MIINONI
EGEO BOS6ESI [RL TTO 11°09s QV9S9A8T ainonj
Can xoo'o = pesce [oserei ov]
SOTTO EL 08'686-31 EE] Dv'soz Cc] [IZ] GE‘LTONSEE mal DINI
00775 [3600""0 2 ETEOPT EGCTE] ti] iz
08'087 [x00""0 I 40] DEI
ad ETO Li Ù4] il
BELIOI GIS EGoZA AN]_yNAII vizINaA-i
st'eraT Cao] L60097 B66IZTE SAl 19 VIZINIA-|
St'o60 E [960070 Di IS9ZSP6 Naj_vMMID VIZINIA:
TWTITT ESD LVIWIT EF"" 09] _VIINIO vIZINIA-
COCCIA Ecco IFLIGT PL'YLT'60T Na] VNOVINON- VI
ECusi Ecsol L0""S9E EFFE 33| VNOVINOY VITINIA]
CACIE) EIcA IE 19998 EP60r E8I CD) MNOVWOY-VIMN3]
LSGSSET CE33] Co] eL'coT Z0""09w""OPT ddl VNOVINOY VW]
07°6009 ESCISE] [seto'0 CIS] StSTO84 E VNOVWOY-WITHN3]
[soGisa |x900 80961 osOLS ULI DAI VovWOsYIMA]
La 086I Eoa TRIOZTI 0066098 il vsvWwcevnII]
ESELGE] EC CACco EVSEYTET 234 VNOVINOYWTUNI]
SSTI9OI ECHO] \KGC3] [CES 09] NOW NOYvI MI]
SI'SLET [IGT TS'GECE #0'610007 CO VINI dI]
LVELLDE ESSO] Os ELI LI'EEGSOI N INVANO]
FOSLI   | 035693 DI invano]
E] [1e00""0 Be EST CO ViNvdi
COS 000 Ei ssi av] FINvAvINO]
si [MESSE PL'IETS CIG STSITY Avati AA VIBAVIVII
i ONzLI [600""0 ESSO Oe'895 SS'GLE OT 2 CECZA
z CE CU CECO Coca ISS CO) MIBAVIVO]
I 00795 CEI 66 rrST [eLo9 CES] 607609 DI av
e OL'L8T [36600 009 ISS'OT Gy Stars SY MANTVI]
E CECHI [36000 ETA 458157 Ie'soLo 24] VLMONisva]
n VSSsri eort a16s peoste [sese ws ini vivonisve]
4 199v8 erge TUTN6T ILS TOTP6 6E IECEEA E OzzAsavi
I I2'erst 1%00""0 LI AZL'IT EGTOST SS PES LE 3dl OIZAUE
È OTLESE SCESTI EGG CIG [60*07 BITLITI CISZd HOj Quznuavi
I 10688 7 39'0v [0z'0 8099 [6867 Cos: 19°169""61 Dv (ZZIZET]
Ra COTTI RI DE

924 420 6107 2UOWNALIUOI

E I ETTI RSI

xa vet aa",noisy,clean
17866,3,0,"SerOtmAZZATI:
paga per B are. . >    ++ |[1439,50/1408,00:1396,00|1389, 50|1404, 50|{1339, 00[1425,50|1281,00|1219, 50|1362, 00]
pago per 9 are. . >    + 1|1539,90|1504, 50/1490,50:[1497,00|1503, 50||1434,50/1521,00|1477,50|1442, 50t1450,00]

PITTI [8637, 00/1600, 5011585, 50||1564,00|1602,00|11530,00|1616,50|1574, 00|1595, 50|1554,00|

poga per 10 ore.

Quariricari: i

di età maggiore ai 20

1202,50|1230,60|1240,00|1212,00|1223, 50]
11288, 50|1366,00|1327,50|1295,00|1310, 00]

pag per 8 ore. +. ++ 0 +. +. + >. [|1292,50/1264,50/1253,501256,00/1261,50

paga pier 9 ore, >; + + +++ +. {l1301,50/1351,00/1938,50|(1335,50|1950, 50!
paga per 10 016, +  + + + > + + + f{1471,00|1437,50/1424,00||1423,50/1439,50|1374,5011452,00/1414,50|1378, 50/1396, 50|

I
dei 18 ai 20 anni Hi

paga per Bore, LL  1254, 00|1227,00/1216,00)|1210,50|1224, 00||1167,00|1242,00|1209, 50|1176,00}1187,00
paga per 9 ore, LL (1340, 50/1311, 00/1299,00}|1296, 00|1310,00||1250,50|1925, 50/1288, 00|1256, s0|t271, 00|
pago per 10 ore. . .   +. + + + +. |[2427,00;1394,50/1381,50|/1981,00|1396, 50)|1333, 5011409, 00|1372,001337,0/1355,00|

doi 16 ai 13 anni:

paga per 8 ore.» |. <  <<. +. [{1102,00|1078,00Î1058,00|[1063,50/1015, 50|{1025,00'1091,50/1057,00|1033, 00|1042, 50
paga per 9 ore. «è +  +. ++ |{1177,50|1151,50/1141,00||119,50|1151,50|[1098, 00|1161,50/1131,00}1104,0011116, 50
paga per 10 are. . <.<, +, +. . > |[1259,50{1225,00/1213,50({1213,00|1227,00||1171,50/1238, 00/1205, 00|1175, 00/1190, 00

taferiori ai 16 wnni:
paga per 8 ore, |. <.<. +  | 912,00 892,00] 884,00/ 560,00) 830,00|| 848,00} 903,00) 874,50] 854,50/ 863,00
paga per 9 ore, . LL  0  {[ 974,50] 953,00] 944,50|( 942,00] 952,50| 909,00) 963,50] 936,00] 913,50| 924,00)

Ù

paga per 10 pre. < LL  + + -  [{1037,50:1014,00|1004,50||1004, 0011015,501| 969, 50|1024,00| 997,00) 972,00! 985,00;

Accordo 10-IF-1955 retribuzioni addetti industria molitoria e della pustificazione

AT LAVORI DISCONTINUI, DI SEMPLICE ATTESA O CUSTODIA",noisy,noisy
17809,10,16794,"39.450 37.400 36.400 38,708 44.650 38.700 39.950 32.200 | 28.700 | 26.750
38.600 36.600 35,600 32.950 43.650 87.850 33,200 31,500 | 28.100 | 26.150
38.250 36.250 35.300) 32,658 48.250 37,500 |, 32.900 | «31.200 | 27.850 | 25.900
38.050 36,100) 35,100) 32,500 43.050 37.350) 32,750 31.050 | 27.700 | 25.800
38.500 36.500 35/500 32.850 43.550 37.750 39.100 31.400 | 22.000 | 26.100
36.700 34.800 33.850 31.350 41.500 36.000 31.550 29.950 | 26.700 | 24.850
39/080 37.050 36,050 38.350 44.200 38.300 33.600 31/850 . | 28.450 | 26.450
87.850 35/850 84.900 32.300 42.000 37.100 32.550 30.850 | 27.950 | 25.650
36,930 35/050 34.100 31/550 || 41.800 36,250 31.000 30.150 | 26.900 | 25.050
37.300 35.400 34.400 31,850 42:20 26.600 32.100 30,450 | 27.150 .| 25.300
36.000 34.100 33.200 30.750 40.700 35.300 30.950 29.350 | 26.200 | 24.400
38.500 36.500 35.500 32,900 43.550 37.780 33.100 31/400 | 29.000 | 26.100
33.450 32,550 50.150 39,950 34,650 30.350 28.800 | 25.700 | 23.900

34.250 22,500 91.600 29.250 38.750 33.600 29.450 27.950 | 24.950 | 23.200
33.900 32,150 31.300 20.950 38.350 33,300 29.150 27.650 | 24,700 | 23.000
34.150 31.400 30.550 20.300 37.450 32,500 28,500 27.060 | 24.100 | 22.450
32.450 30.750 29.950 27.700 36,700 31,800 27.900 26.450 | 23.600 | 22.000
25.550 31.850 30.950 28.650 37,950 32.900 28.850 | -27.400 | 24.450 | 22.750
31,250 29,650 28.850 26.700 35,850 31.109 26.900 25.500 | 22,759 | 21.200
31.500 29.850 29,050 26.900 36.100 34,900 27.100 25.700 | 22.950 | 21.550
30.200 28,650 27.900 25.800 34,800 30.150 26.000 24.650 | 22.000 | 20.500
29150 27.650 26,900) 24,900 39.750 29,250 25.100 28.800 | 21.250 | 19.750
27.600 26.150 25,450 23,600 31 950 27.700 23.750 22,500 | 20.100 } 10.700

11

Accordo 11-VIII-1954 retribuzioni lavoratori industria risiera

TADELLA 3, — OPERAI DEL GRUPPO MERCEO)

Orerdio srEGALIZZATO",noisy,noisy
20433,1,1808,"- convengono che, a decorrere dal 1° ottobre 2025, vengano adeguati i minimi tabellari
in essere e concordano di applicare le tabelle salariali di seguito riportate, che
sostituiscono ogni altra tabella salariale precedentemente in vigore nel testo del CCNL
e ne fanno parte integrante, variando conseguentemente i relativi testi originari.

*  
1.

Modifica Tabella retributiva A
La tabella retributiva A viene così modificata e sostituita:
Minimi
Inquadramento
retributivi
retributivo
dal 01/10/2025
Quadri € 2.838,00
Primo Livello € 2.771,00
Secondo livello
€ 2.482,00
Super
Secondo livello € 2.314,00
Terzo livello € 2.159,00
Quarto livello € 2.016,00
Quinto livello € 1.974,00
Sesto livello € 1.932,00
Settimo livello € 1.743,00
Le suindicate modifiche, integrazioni e contenuti del presente accordo avranno effetto ed efficacia a
far data dal 01/10/2025.

Letto, approvato e sottoscritto.

CONFLAVORO PMI CONF.S.A.L FESICA
___________________ ___________________ ___________________",noisy,noisy
17938,1,1867,"- la definizione di tempi e modalità del pregresso avverrà entro il 30 giugno 2007 in
sede di confronto decentrato, ambito idoneo ove verificare la sussistenza delle
condizioni necessarie affinché ciascuna struttura possa adempiere alle previsioni del
presente accordo ponte;
resta ferma la necessità di corrispondere ogni pendenza relativa all'incremento del
primo biennio (di cui all’accordo quadro del 2 marzo 2006) entro il 31 dicembre
2007, ed ogni pendenza relativa all'incremento del secondo biennio al più presto e
comunque non oltre il 30 giugno 2009;

- in sede di definizione del pregresso si dovrà procedere all’assorbimento
dell’indennità di vacanza contrattuale istituita con accordo del 5 luglio 2004.

Letto, confermato e sottoscritto
ARIS

i

GLi
CETITTA

k
T

A AAN

i

Ala, cri
(la Jonio

ni

Pri luna

D'ITALIA BSGALI I -
O
li Ù VI
STU
istoszia»— [so'twrz CERIZIA reo |Leteore [sv'ozsisz 8 sose, xo) GIUOBLIP 09IPEN
G1uG,13U 1UUE 0] 01
GizIAIS IP IUUE ZI >
er'eiees 127986 el'eLee drizere = |Le'69orL ‘svozsiz UUB S + @ BIOSE} xe!
81058; xe]
[au uUE gi o
Ly'sL09 oizinvas Ip IUUE ZI <
[89'oso ve 102988 Jesu: gL'orse enzere © |Le'69rL Guozsoz UNE 9 + E EIOSE) xo] QqUeBLIP 09IPEM
v 21988 e]
(FTA
LL'169°29 1zs06 = |eeuzrei oziare: tnzece Leon z 'av'orese cinpow xo) eoliduos eimanns GIueBUIA
uve 9 ogyesui junsse]
18'6z0s8 avooszi © |zz'ezasi  [sogizor  [zvzec8 166911 Isr'ozsise - eoipaL BaJe
18'620s8 evooei  lzu'ezasi Osegrit |Losorz asoziz = |svozssz eolpew rase
JuUE 9 09UEvLI [unsse|
CIACCRA] levoosi © |ze'osezi  [oo'arzor = [zrzere = |L66912 el'ozsse - Bo]Biruiyo ese;
!0y' 199998 ‘89'006""21 ee'osezi CITI 126691 £ es'oziz [9107997 Bob InuIVo EOJe ‘esselduo9 einpnuIs UeBLIa
Tec 34109)
onuue uueg> | segea | juuesh< |idwoounns essalduiDO
srnoL — |'sniosa erpul |-sntosa evpul |-sniose erpui | ‘snioso ripur | 21504 ‘amou | nas evpui WSÌ ‘siod ‘sSy | oselloger eysusede: CINEIUI Ip elB0jod1y",noisy,noisy
18086,2,3245,"Gli importi spettanti per ciascun livello sono di
seguito indicati:
Tabella A
Inquadramento Importo
retributivo una tantum
Quadri € 811,50
Primo livello € 728,50
Secondo livello € 685,75
Terzo livello
€ 704,00
Super
Terzo livello € 588,25
Quarto livello € 567,25
Quinto livello € 515,50
Sesto livello € 488,25
Settimo livello € 345,25
Riders
Inquadramento Importo
Periodo
retributivo una tantum
A Primi 6 mesi € 423,00
A Mesi successivi € 445,50
B Primi 6 mesi € 458,00
B Ulteriori 9 mesi € 480,50
B Mesi successivi € 486,75
Le suindicate modifiche, integrazioni e contenuti del presente accordo avranno effetto ed efficacia a
far data dal 01/10/2025.

Letto, approvato e sottoscritto.

CONFLAVORO PMI CONF.S.A.L FESICA
____________________ ___________________ _______________",noisy,noisy
14389,3,4858,"aumento nuova
LIVELLI veri CENE paga base LS.Q. | TOTALE
1405112 da 1/05712
1° super 1456,46 82,09 1.488,85 536,07 10,38 180,00 2.165,25
1° + 12 anni 1242.42 28,80 1.271,22 530,45 10,33 130,00 194200
t°+ 2anni 1242,42 2880. 127122 530,45 10,33 100.00 191200
1 1242,42 28,80. 12712: 580,45 10.93 1.812,00
2° 1052,30 25.55 1.077,85 521.63 10,33 1.809,81
3° 975,79 24,26 1.000.605 519,00 10,32 1 529,38
4° 874,83 22,55 397,38 515,40 10.33 1.423.131
5° 769,50 20,78 790,28 512,07 19.33 1.912,68
8° 688.18 19,40 707,58 509.11 10,33 1.227,02
aumento nuova
uveLti [PAGA RA | CCNL |pagabase|CONTNG! EDR. | 190. | TOTALE
vizaz da 112/12
1° super 1488,85 26,99 1.515,84 536,07 10.33 130,00 2.192.246
1° + 12 anni 1271,22 24.00 1.295,22 530,45 10,33 130,00 1.966 00
1°+ 2anni 127122 24,00 1.295,22 530,45 10,35 100.00 1.936,00
1 1271,22 24,00 1.295,22 530,45 10,33 1.836,00
2° 1077,85 21,29 1.099,14 521,63 10,33 183110
3° 1000,08 20,22 1.020,27 519,00 10.33 1.549,60
4° 897,38 18,80 916,18 515,40 10.33 1.441,91
8 790,28 17,92 807.60 512,07 10.32 1.330,00
e 707.58 1617 723.75 509.11 10,32 1.243,19

69‘72S 16‘181 S9'88L cl'z07 09
6z‘E19 18‘761 <0'707 I ASITA 08
19'999 Sh'LLz 82‘612 v6'vez ob
SO‘9LZ sv'L0% 18'S€7 aL'aSc 0£
8L'9SL 95687 IA 4:19 81‘997 oC
00‘088 00‘027 00‘087 00‘00£ ok
16‘5S6 19'E0£ 68471 8e‘2e£ Jodns LL

CULO/NE
<1/60/0£ INDI|ZL/90/0€ INDI] INDI
AFHONVUL € | FHONVAL 07 | AHONVUL EV Va]
WNINVI VNN | NNINVI VNN | cb NNINVI
VNN

ATVLOL INDI

WNOLNVI YNN

ILVANYA FIOVINYVI NNINVI YNN

o oxeBally

82'61S UE ZA! OL'L8L vOV6L 09
92'88S c0‘181 16‘£61 08‘207 08
10'6£9 66‘207 LS‘oLz vS'977 od
0y‘189 se‘, vr'9zz 19777 0£
(108241 86‘622 05‘8€% IZICLIA 06
00'918 07‘697 08‘897 00'887 ok
L9‘216 0S‘167 62‘70£ 88‘87£ Jedns 1

<L/60/0€ | ZL/v0/0€
AVIOL INDI INDI
INDI FHONVUHL|FHONVUL

(471712
TNDI
FHONVUL ITT3ANM
ob NNINVWI
vNN

NOINVI 0€ ol
vNN WOLNVI | NNINVI

ALVICISSNS IMYUNY FIOVINYVI INNINVI YVNN

2 c7e6ely",noisy,noisy
20640,0,0,"ACCORDO ECONOMICO INTEGRATIVO
DEL CONTRATTO COLLETTIVO NAZIONALE DI LAVORO MODA ARTIGIANATO -
PELLETTERIA, CALZATURIERO, TESSILE E ABBIGLIAMENTO ED AFFINI,
CHIMICA E CERAMICA -
codice contratto V754

L’anno 2025 il giorno 21 del mese di Febbraio, in Roma, presso la sede di CONFSAL , sita in Viale
Trastevere 60, si sono costituite le seguenti Parti sociali

CNL Confederazione Nazionale del Lavoro, rappresentata dal Presidente Michele Antonio Eramo,

Confsal Federlavoratori, rappresentata dal Segretario Generale Federica Pascarelli,
CONFSAL- Confederazione Generale dei Sindacati Autonomi dei Lavoratori rappresentata
dal Segretario Generale Angelo Raffaele Margiotta.

Premesso che le parti ritengono necessario tutelare il potere di acquisto dei lavoratori e nel contempo
favorire sia la crescita e lo sviluppo delle imprese che il benessere dei dipendenti

convengono

che a decorrere dal 1 gennaio 2025 vengono adeguati i minimi tabellari in essere e pertanto
concordano di applicare le tabelle salariali di seguito riportate, che sostituiscono ogni altra tabella
salariale precedentemente in vigore
iiololii.ii.i.i.i
1. Tabelle minimi salariali
TABELLA A
SETTORE TESSILE ABBIGLIAMENTO

di Minimial-- | Minimal | Minimi al

[Sesto Ivello_|__©1.439,00_|_C1487,00_]
ettimo Tivello_|__T1.361,00_| 1.405,50 ]
* Da aggiungere indennità di funzione pari a € 21€

TABELLA B
SETTORE TESSILE CALZATURIERO

* Da aggiungere indennità di funzione pari a € 21

TABELLA C
SETTORE LAVORAZIONI A MANO E SU MISURA

Minimi al _- Minimi. al.
. 01/01/2025. 01/10/202

— € 1.973,00

TABELLA D SETTORE
OCCHIALERIA

E E n Minimi al È
I
[Secondo vete | T:9T700
[terzo Tvelo _|__C173600
DO

Quinto Tvello_]__C1.525,00 |

* Da aggiungere indennità di funzione pari a € 21

TABELLA E
Chimica, Gomma-Plastica, Vetro, Concia

7 Minimi Minimi a] x
Inquadramento | 01/01/2025 | 01/10/2025.
[Primo vello O* | 129,00 92,00
| Sese] _t196s.00 -}eZos0no —{__t21330 |]
«[_CI847,00 | CIII9,0 |

(Terzo velo _|_C1790,00 —]",noisy,noisy
19247,1,1659,"- convengono che, a decorrere dal 1° ottobre 2025, vengano adeguati i minimi tabellari
in essere e concordano di applicare la tabella salariale di seguito riportata, che sostituisce
ogni altra tabella salariale precedentemente in vigore nel testo del CCNL e ne costituisce
parte integrante, variando conseguentemente i relativi testi originari.

*  
1.

Modifica Tabella retributiva A
La tabella retributiva A viene così modificata e sostituita:
Inquadramento Minimi retributivi
retributivo dal 01/10/2025
Quadri € 2.196,00
Primo Livello € 2.054,00
Secondo livello € 1.843,00
Terzo livello € 1.582,00
Quarto livello € 1.490,00
Quinto livello € 1.413,00
Sesto livello € 1.344,00
Settimo livello € 1.275,00
Ai lavoratori sarà inoltre riconosciuto un importo una tantum, con possibilità di erogazione in
un’unica soluzione o in un massimo di dodici rate.

Gli importi spettanti per ciascun livello sono di
seguito indicati:
Inquadramento Importo
retributivo una tantum
Quadri € 334,05
Primo Livello € 310,35
Secondo livello € 270,75
Terzo livello € 226,35
Quarto livello € 207,45
Quinto livello € 194,40
Sesto livello € 182,25
Settimo livello € 169,65
Le suindicate modifiche, integrazioni e contenuti del presente accordo avranno effetto ed efficacia a
far data dal 01/10/2025.

Letto, approvato e sottoscritto.

CONFLAVORO PMI CONF.S.A.L FESICA
___________________ _____________________ __________________",noisy,noisy
9523,2,3114,"SEELZA 1L'608 16°86/ ose 2 9
Se'EIEt 20°818 s2'108 12 £08 29
orosri ovsie 18996 sL'Pe6 ®
02661 oo'61e AL'ZIOL aL'ivoL «E
os'gzgi EGIZI PB vPLL OLUZALL sz
L66881 Gross CIGLONI slibze: 52
1646861 00°001 Gr'oes Gere subze: MUUEZ +0
166103 00°081 G1'0ES overeL sueze: HIVE ZI + ab
ovissre 00°081 101988 006/81 eg0seÌ a9dNns sh
199921 es‘oi 11/609 20282 1z'oa 991 9
(CETORI eroi 10748 12'e28 Sez 98108 #9
9091 esoL 09918 82986 ev'ez 0E'146 d
SOS eeoi 00618 L'HO BASA Sp'9io: «È
aL'9S9% eso couzs OLA 2997 +1°9601 aL
18998"" eroi sw'oes eLozer 0008 sL'eezi d
18/4961 0000. eci 40°089 euezei 00'08 supezi HUUE Z +00
16/4661 00081 eLoI 99/008 sLozei 00'08 sL'oezi IUUIE ZL + oh
EIAA 00081 eroi 10'9€9 88/0ss +L'88 CIICHI tedns aL

TLSONo
ep aseg efied esont

TUSOHO
“IND vIUetune

oe'9ezi 11°609 98'914 20/68 ce'189 Di
960201 20218 96108 s'e +0'49/ È)
couzeri (VASTI DELLE el'ov 850/28 DA
RUSSI 00619 sv'gioi ge +9'Z26 ti
ovezei e9'zs 11'960. Por 00°0801 Ba
L64281 91/089 eL'iezi 0976 euzizii o
LBFEGÌ 007001 97088 sL'razi 00°2s elavzi UE Z +06
L66961 o0°0et avo BL'#6zL 008 erevzi IUUE ZL + ob
IAIGIRA qovel 10/968 bL'LISI series 99/8871 4adns ol

VUEVILO THEVVO

v ebay

80/80/10 1° ASVE VOYd TIIBAN

BLVARIA DIOVINUVA

FARMACIE RURALI SUSSIDIATE

Allegato B

PAGA BASE] cent MUOVA] CONTING
| LIVELLI 2101/8/09 | ‘irtaia ""| Pagabase|CEnza | ED:R | LS.0. | TOTALE
da 1/12/11

1° super 1.400,32 56,14 1456,46 536.07 10,33 130,00
1° + 12 anni 1.192,50 49,92 124242 59045 10,93 13000
14+ 2anni 1.192,50 49,92 124242 59045 10.33 10000
1 1.192,50 49,92 124242 530,45 10,33

» 1.008,01 44.29 1052,30 52163 10,32

3° 932.74 42,05 975.79 519,00 10,33

ta 835,7. 39,09 874,83 51540 10,33

8 793.48 36,02 76950 51207 10.93

8° 854,55 33,63 888,18 509.11 10,38",noisy,noisy
18872,1,1659,"- convengono che, a decorrere dal 1° ottobre 2025, vengano adeguati i minimi tabellari
in essere e concordano di applicare la tabella salariale di seguito riportata, che sostituisce
ogni altra tabella salariale precedentemente in vigore nel testo del CCNL e ne costituisce
parte integrante, variando conseguentemente i relativi testi originari.

*  
1.

Modifica Tabella retributiva A
La tabella retributiva A viene così modificata e sostituita:
Inquadramento Minimi retributivi
retributivo dal 01/10/2025
Quadri € 2.196,00
Primo Livello € 2.054,00
Secondo livello € 1.843,00
Terzo livello € 1.582,00
Quarto livello € 1.490,00
Quinto livello € 1.413,00
Sesto livello € 1.344,00
Settimo livello € 1.275,00
Ai lavoratori sarà inoltre riconosciuto un importo una tantum, con possibilità di erogazione in
un’unica soluzione o in un massimo di dodici rate.

Gli importi spettanti per ciascun livello sono di
seguito indicati:
Inquadramento Importo
retributivo una tantum
Quadri € 334,05
Primo Livello € 310,35
Secondo livello € 270,75
Terzo livello € 226,35
Quarto livello € 207,45
Quinto livello € 194,40
Sesto livello € 182,25
Settimo livello € 169,65
Le suindicate modifiche, integrazioni e contenuti del presente accordo avranno effetto ed efficacia a
far data dal 01/10/2025.

Letto, approvato e sottoscritto.

CONFLAVORO PMI CONF.S.A.L FESICA
___________________ _____________________ __________________",noisy,noisy
17833,3,4578,"- - -- = =
13 Car. |} 2° carzoona
ZONE
Sup. 21 | Sup.21| mf. 21
anni || anni | enni
ZONA 0:
Milmo. LL RP 2002 a+ || 71.000 || 53.500 | 46.400
Torino Li. Li +. ++ || 69.450 || 52.300 | 45.400
Genova fa) Le < || 68.900 || 51.850 | 45.000
ZONA I:
Como, Firenze, Roma, PIPPI ce 68,500 || 51.600
situazione extra: Varese . 69,250 || 52.200
ZONA IL:
Aosta, Bolzano, Cremona, Livorno, Massa Carrara, Novara, Pavi Lee 66.000 || 49,750 | 43.150
eiluasioni extra: Cromo   - vue ++: +. {| 70.300 (| 52.950 | 45.950
Sondrio    «020 +++ || 69.050 || 51.300 | 44.500
rente n ii ++ .+ | 66.500 [| 50.100 | 43.500
Verbania i LL vee +1 + |[ 67.150 |! 50.600 | 43.900
ZONA ILL:
Bergamo, Brescia, Gor 2a ee + [| 64.750 || 40.600 | a2.a50
situazione extra: Biella  nei eee eee iaia a+ + || 69.250 |[ 52.200 | 45.300
ZONA I
La Spezie, Mantova, l'adova, Ravenna, Verona, PIETRA «000 ++ + || 69.950 | 46.050 | 41.650
ZONA V:
Alessondria, Neltuno, Dologas, Modena, Napoli, l'arma, Piacenza, Neggio Emi e» ]] 63.200 || 47.200 | d0.9s0
ZONA VI: i
Forlì, Grosseto, Lucca, Pistoia, Udine    i. Lerreriaiii 61.950 [| 46.450 | 40.300
ZONA VII:
Ancona, Astî, Cuneo, Eezrara, Palermo, Rovigo, Siena, Tre «0a 00 ea +0 + Jl 61,550 || 45.900 | 39.050
ZONA VITE
Azezzo, Meri, Perugia, Pesegra, Salerno, Taranto, Terni . . , . .°. ces ea e» || 60.250 || 45.950 | 29.000
situarfona extra: Valdarno LL LL. ce 2200 +++ || 62.950 || 46.500 | 40.350
ZONA IX:
Cagliari, Catania, Prosinone, Lecce, Messina, Pesaro, Rieti, Viterbo. . . . . . 59.100 || 43.300 | 97,550
siluazione estro; Ascoli Piceno». 0.0.0. » || 50.550 || 43.650 | 37.850
ZONA X:
Avellino, Benevento, Campobasso, Cascru
Nuoro, Sassari, Teramo LL  RA ei + [| 57.550 || 42.450 | 36.800
ZONA XI:
Agrigento, Latina, Matera, Potenza, Regusa, Siracusa, Trapani . . <a 0 +20 + || 56.150 {| 41.950 | 35.000
ZONA XII:
Caltonissetta, Enna, Reggio Calobria LL  Li. +++ || 53.550 || 39.550 | 84.350

Accordo 11-VIII-1954 retribuzioni lavoratori industria risiera",noisy,noisy
20780,2,3114,"SEELZA 1L'608 16°86/ ose 2 9
Se'EIEt 20°818 s2'108 12 £08 29
orosri ovsie 18996 sL'Pe6 ®
02661 oo'61e AL'ZIOL aL'ivoL «E
os'gzgi EGIZI PB vPLL OLUZALL sz
L66881 Gross CIGLONI slibze: 52
1646861 00°001 Gr'oes Gere subze: MUUEZ +0
166103 00°081 G1'0ES overeL sueze: HIVE ZI + ab
ovissre 00°081 101988 006/81 eg0seÌ a9dNns sh
199921 es‘oi 11/609 20282 1z'oa 991 9
(CETORI eroi 10748 12'e28 Sez 98108 #9
9091 esoL 09918 82986 ev'ez 0E'146 d
SOS eeoi 00618 L'HO BASA Sp'9io: «È
aL'9S9% eso couzs OLA 2997 +1°9601 aL
18998"" eroi sw'oes eLozer 0008 sL'eezi d
18/4961 0000. eci 40°089 euezei 00'08 supezi HUUE Z +00
16/4661 00081 eLoI 99/008 sLozei 00'08 sL'oezi IUUIE ZL + oh
EIAA 00081 eroi 10'9€9 88/0ss +L'88 CIICHI tedns aL

TLSONo
ep aseg efied esont

TUSOHO
“IND vIUetune

oe'9ezi 11°609 98'914 20/68 ce'189 Di
960201 20218 96108 s'e +0'49/ È)
couzeri (VASTI DELLE el'ov 850/28 DA
RUSSI 00619 sv'gioi ge +9'Z26 ti
ovezei e9'zs 11'960. Por 00°0801 Ba
L64281 91/089 eL'iezi 0976 euzizii o
LBFEGÌ 007001 97088 sL'razi 00°2s elavzi UE Z +06
L66961 o0°0et avo BL'#6zL 008 erevzi IUUE ZL + ob
IAIGIRA qovel 10/968 bL'LISI series 99/8871 4adns ol

VUEVILO THEVVO

v ebay

80/80/10 1° ASVE VOYd TIIBAN

BLVARIA DIOVINUVA

FARMACIE RURALI SUSSIDIATE

Allegato B

PAGA BASE] cent MUOVA] CONTING
| LIVELLI 2101/8/09 | ‘irtaia ""| Pagabase|CEnza | ED:R | LS.0. | TOTALE
da 1/12/11

1° super 1.400,32 56,14 1456,46 536.07 10,33 130,00
1° + 12 anni 1.192,50 49,92 124242 59045 10,93 13000
14+ 2anni 1.192,50 49,92 124242 59045 10.33 10000
1 1.192,50 49,92 124242 530,45 10,33

» 1.008,01 44.29 1052,30 52163 10,32

3° 932.74 42,05 975.79 519,00 10,33

ta 835,7. 39,09 874,83 51540 10,33

8 793.48 36,02 76950 51207 10.93

8° 854,55 33,63 888,18 509.11 10,38",noisy,noisy
17817,3,4578,"- - -- = =
13 Car. |} 2° carzoona
ZONE
Sup. 21 | Sup.21| mf. 21
anni || anni | enni
ZONA 0:
Milmo. LL RP 2002 a+ || 71.000 || 53.500 | 46.400
Torino Li. Li +. ++ || 69.450 || 52.300 | 45.400
Genova fa) Le < || 68.900 || 51.850 | 45.000
ZONA I:
Como, Firenze, Roma, PIPPI ce 68,500 || 51.600
situazione extra: Varese . 69,250 || 52.200
ZONA IL:
Aosta, Bolzano, Cremona, Livorno, Massa Carrara, Novara, Pavi Lee 66.000 || 49,750 | 43.150
eiluasioni extra: Cromo   - vue ++: +. {| 70.300 (| 52.950 | 45.950
Sondrio    «020 +++ || 69.050 || 51.300 | 44.500
rente n ii ++ .+ | 66.500 [| 50.100 | 43.500
Verbania i LL vee +1 + |[ 67.150 |! 50.600 | 43.900
ZONA ILL:
Bergamo, Brescia, Gor 2a ee + [| 64.750 || 40.600 | a2.a50
situazione extra: Biella  nei eee eee iaia a+ + || 69.250 |[ 52.200 | 45.300
ZONA I
La Spezie, Mantova, l'adova, Ravenna, Verona, PIETRA «000 ++ + || 69.950 | 46.050 | 41.650
ZONA V:
Alessondria, Neltuno, Dologas, Modena, Napoli, l'arma, Piacenza, Neggio Emi e» ]] 63.200 || 47.200 | d0.9s0
ZONA VI: i
Forlì, Grosseto, Lucca, Pistoia, Udine    i. Lerreriaiii 61.950 [| 46.450 | 40.300
ZONA VII:
Ancona, Astî, Cuneo, Eezrara, Palermo, Rovigo, Siena, Tre «0a 00 ea +0 + Jl 61,550 || 45.900 | 39.050
ZONA VITE
Azezzo, Meri, Perugia, Pesegra, Salerno, Taranto, Terni . . , . .°. ces ea e» || 60.250 || 45.950 | 29.000
situarfona extra: Valdarno LL LL. ce 2200 +++ || 62.950 || 46.500 | 40.350
ZONA IX:
Cagliari, Catania, Prosinone, Lecce, Messina, Pesaro, Rieti, Viterbo. . . . . . 59.100 || 43.300 | 97,550
siluazione estro; Ascoli Piceno». 0.0.0. » || 50.550 || 43.650 | 37.850
ZONA X:
Avellino, Benevento, Campobasso, Cascru
Nuoro, Sassari, Teramo LL  RA ei + [| 57.550 || 42.450 | 36.800
ZONA XI:
Agrigento, Latina, Matera, Potenza, Regusa, Siracusa, Trapani . . <a 0 +20 + || 56.150 {| 41.950 | 35.000
ZONA XII:
Caltonissetta, Enna, Reggio Calobria LL  Li. +++ || 53.550 || 39.550 | 84.350

Accordo 11-VIII-1954 retribuzioni lavoratori industria risiera",noisy,noisy
20749,2,3787,"IVINISNAN VINEL YIT3O VAISNAYAWOD) VANNY FIVLOL ANCIZNIIYLIM > L007 CIVNNI9 LITYO ONIIA OAMIIL [DICI LLNZOIUIO ITTIGVI

Pagg gi SI 01

v)

4 )

D7,

Vo

DA pe, VV
7
VARELNTAÀ FINRzzA LG9LSÙ I66'BLL 'C7’9569 La'itesi E BIOSe; xal #3U2Bjp 09peyi
TUE E TE Bose]
2 'esgze
(ez'osp Ly 1.'7596 eo'aziiei 66'eLo 66 alb 27'898619 La'LL6sì \Y BIOSE} xa] IUEB|:]p 09|pow]
LEZIONI
Lg'6oen 147986 gaia 1s'eez9 GG RLLL |22'ese9 I2'LLesì cInpow xa solidues einpnus queBuig
1uve g colreoui nunsse!
|96*£0€79s CIASOENAS |00°918""9 \L0'097°9 96 sez |22'85619 L2'LLESÌ = Bolpaw Baue|
|
|96'£0€'98 CiAccezAl 100'9199 Eorad |cT'8s69 'e0'osr9 IT'uesi POIDaLLI BaJel
uve  couiesui punsse!
8L'e6zzs ‘8P'006.LL (CACI3:99 L0'08h""9 CERAA |z2'es69 1z'ulesì - BAIBUVIVO Bave
EIRECIALEI ap'0o6'zL EZIOLL BELLEZZ 70'8969 iLo'osr'9 Iz' Les B9]6:nI9 Ale! essejdwos einynas quablia
Tec uduos]
onuve | juuess | sjogea | iuuegie |1dwosrnas essaduio9
alzo, “Snjosa EYpu] |‘snjosa EIPu |:snjosa Eypu] |*sn|j258 gypul |2150d ‘GHJaY | ‘HNu1S Eyvpuj WSI SI csuod ""Say asellageL eYoniads 09HEIUI |p elSojodiL

CYLIMSNIW VINEL VTTZO VAISNIUAWNOD) VANNY FIVLOL INCIZABNILIY - L007 CIVNN3O L'TIVO OLINIZIO OdWIL 19ICIW LLN3DI

ia 3MIAVI",noisy,noisy
15436,4,7483,"Le Parti nella convinzione di consolidare una nuova identità del settore che
persegua gli interessi comuni ai settori rappresentati dai videofonografici, grafici
ed editori, convengono di costituire una Commissione Tecnica Paritetica Bilaterale
per agevolare la confluenza — pur conservando la propria specificità — del settore
videofonografico — nel settore attualmente regolato dal CCNL per i dipendenti delle
aziende grafiche, editoriali, digitali ed affini, a decorrere dal 1° gennaio 2027.

La Commissione sarà costituita da massimo 6 componenti, 3 di parte datoriale e 3
di parte sindacale nominati dalle Associazioni stipulanti che, di comune accordo, di
volta in volta, potranno essere affiancati da esperti delle materia trattate.

Alle riunioni potranno essere invitati, in qualità di osservatori i rappresentanti delle
Associazioni stipulanti il CCNL Grafico Editore.

Sino alla data di effettiva confluenza il contratto del 10 luglio 2014, per le parti non
sostituite e/o modificate dal presente rinnovo, continuerà a produrre i propri effetti.

ALLEGATO 1) all’accordo di rinnovo 22.5.2025 del CCNL Videofonografici

AUMENTI CONTRATTUALI, DECORRENZE E MINIMI TABELLARI:

Livello Totale aumento

1° tranche 2° tranche

aumento aumento

1.7.2025 41.3.2026
a | 12 |
[_8 | t7 | t2870) 16966] 26835
107 117,70
(_6 | 100 | 1000) 14500) 25500
[_5 | sa | 0340) 13630) 23970]

| e | 7480] sesof _t7340

Minimi in

n Minimi in |Indennità di | Minimi in vigore |.
vigore al {contingenza{ dal 1.07.2025 bia
1.9.2016 osi

[a | _i22 | 150619 |_s3238 _|__173088 | 190/28 ]
[e] t7 | 158637 | ss2s8 | 1.667,07 | 185672]
[00 | 1.212,10 | s2252 | 1.322,10 | 1.467,10 ]

e]
[&7_| 101385 |_s1.38_|_ 110068 | _123668 |
[ei | senz? | stato | s7682 | 100677]
[73 | 76224 | st145 | 66054 | 96850 ]
[60 | 71201 | s00s4 | 178681 | so54i

,32
1,135,97 520,96 1.239,37 1.375,67

Ai sensi del Protocollo d'intesa 31 luglio 1992 è da riconoscere un importo pari ad euro 10,33",noisy,clean
19817,1,1808,"- convengono che, a decorrere dal 1° ottobre 2025, vengano adeguati i minimi tabellari
in essere e concordano di applicare le tabelle salariali di seguito riportate, che
sostituiscono ogni altra tabella salariale precedentemente in vigore nel testo del CCNL
e ne fanno parte integrante, variando conseguentemente i relativi testi originari.

*  
1.

Modifica Tabella retributiva A
La tabella retributiva A viene così modificata e sostituita:
Minimi
Inquadramento
retributivi
retributivo
dal 01/10/2025
Quadri € 2.838,00
Primo Livello € 2.771,00
Secondo livello
€ 2.482,00
Super
Secondo livello € 2.314,00
Terzo livello € 2.159,00
Quarto livello € 2.016,00
Quinto livello € 1.974,00
Sesto livello € 1.932,00
Settimo livello € 1.743,00
Le suindicate modifiche, integrazioni e contenuti del presente accordo avranno effetto ed efficacia a
far data dal 01/10/2025.

Letto, approvato e sottoscritto.

CONFLAVORO PMI CONF.S.A.L FESICA
___________________ ___________________ ___________________",noisy,noisy
5502,34,53145,"Laformazione sar realizzata da: _____________________________________________La  retribuzione  e la  normativa sar  quella prevista dal  contratto sopramenzionato.Ai  sensi della legge 1618/1962  il sottoscritto  dichiara  che non  vi sonostati negli ultimi 12  mesi licenziamenti per riduzione di personale  con lastessa qualifica.Ai sensi dell'art.

2, legge 675/1977 non sono in atto sospensioni dal lavoroo riduzioni del personale con la stessa qualifica.Ai  sensi del comma 4  del  citato art.

25  della legge 223/91, non adibiri lavoratori  da  assumere in mansioni  non equivalenti a  quelle risultantidalla richiesta di avviamento.Dichiara inoltre che il  presente  progetto  standard  non sar  applicato agiovani che abbiano gi fruito  di  progetti  finanziati  dal  Fondo SocialeEuropeo.Gli oneri del finanziamento sono a totale carico dell'azienda.

firma del legale rappresentante                                            -------------------------------  - Allegato N 1 Attestato   da   cui   risulti   l'iscrizione   dell'azienda  all'U.C.I.C.T.PROTOCOLLO D'INTESA PER LA COSTITUZIONE ""CASSA ASSISTENZA PREVIDENZA""tra""U.C.I.C.T."" - Unione Cristiana Italiana Commercio Turismoe""C.I.S.A.L."" - Confederazione Italiana Sindacato Lavoratori Autonomiin  attuazione  delle  disposizione  contenute  nell'art.",noisy,noisy
6055,2,3114,"SEELZA 1L'608 16°86/ ose 2 9
Se'EIEt 20°818 s2'108 12 £08 29
orosri ovsie 18996 sL'Pe6 ®
02661 oo'61e AL'ZIOL aL'ivoL «E
os'gzgi EGIZI PB vPLL OLUZALL sz
L66881 Gross CIGLONI slibze: 52
1646861 00°001 Gr'oes Gere subze: MUUEZ +0
166103 00°081 G1'0ES overeL sueze: HIVE ZI + ab
ovissre 00°081 101988 006/81 eg0seÌ a9dNns sh
199921 es‘oi 11/609 20282 1z'oa 991 9
(CETORI eroi 10748 12'e28 Sez 98108 #9
9091 esoL 09918 82986 ev'ez 0E'146 d
SOS eeoi 00618 L'HO BASA Sp'9io: «È
aL'9S9% eso couzs OLA 2997 +1°9601 aL
18998"" eroi sw'oes eLozer 0008 sL'eezi d
18/4961 0000. eci 40°089 euezei 00'08 supezi HUUE Z +00
16/4661 00081 eLoI 99/008 sLozei 00'08 sL'oezi IUUIE ZL + oh
EIAA 00081 eroi 10'9€9 88/0ss +L'88 CIICHI tedns aL

TLSONo
ep aseg efied esont

TUSOHO
“IND vIUetune

oe'9ezi 11°609 98'914 20/68 ce'189 Di
960201 20218 96108 s'e +0'49/ È)
couzeri (VASTI DELLE el'ov 850/28 DA
RUSSI 00619 sv'gioi ge +9'Z26 ti
ovezei e9'zs 11'960. Por 00°0801 Ba
L64281 91/089 eL'iezi 0976 euzizii o
LBFEGÌ 007001 97088 sL'razi 00°2s elavzi UE Z +06
L66961 o0°0et avo BL'#6zL 008 erevzi IUUE ZL + ob
IAIGIRA qovel 10/968 bL'LISI series 99/8871 4adns ol

VUEVILO THEVVO

v ebay

80/80/10 1° ASVE VOYd TIIBAN

BLVARIA DIOVINUVA

FARMACIE RURALI SUSSIDIATE

Allegato B

PAGA BASE] cent MUOVA] CONTING
| LIVELLI 2101/8/09 | ‘irtaia ""| Pagabase|CEnza | ED:R | LS.0. | TOTALE
da 1/12/11

1° super 1.400,32 56,14 1456,46 536.07 10,33 130,00
1° + 12 anni 1.192,50 49,92 124242 59045 10,93 13000
14+ 2anni 1.192,50 49,92 124242 59045 10.33 10000
1 1.192,50 49,92 124242 530,45 10,33

» 1.008,01 44.29 1052,30 52163 10,32

3° 932.74 42,05 975.79 519,00 10,33

ta 835,7. 39,09 874,83 51540 10,33

8 793.48 36,02 76950 51207 10.93

8° 854,55 33,63 888,18 509.11 10,38",noisy,noisy
14389,2,3114,"SEELZA 1L'608 16°86/ ose 2 9
Se'EIEt 20°818 s2'108 12 £08 29
orosri ovsie 18996 sL'Pe6 ®
02661 oo'61e AL'ZIOL aL'ivoL «E
os'gzgi EGIZI PB vPLL OLUZALL sz
L66881 Gross CIGLONI slibze: 52
1646861 00°001 Gr'oes Gere subze: MUUEZ +0
166103 00°081 G1'0ES overeL sueze: HIVE ZI + ab
ovissre 00°081 101988 006/81 eg0seÌ a9dNns sh
199921 es‘oi 11/609 20282 1z'oa 991 9
(CETORI eroi 10748 12'e28 Sez 98108 #9
9091 esoL 09918 82986 ev'ez 0E'146 d
SOS eeoi 00618 L'HO BASA Sp'9io: «È
aL'9S9% eso couzs OLA 2997 +1°9601 aL
18998"" eroi sw'oes eLozer 0008 sL'eezi d
18/4961 0000. eci 40°089 euezei 00'08 supezi HUUE Z +00
16/4661 00081 eLoI 99/008 sLozei 00'08 sL'oezi IUUIE ZL + oh
EIAA 00081 eroi 10'9€9 88/0ss +L'88 CIICHI tedns aL

TLSONo
ep aseg efied esont

TUSOHO
“IND vIUetune

oe'9ezi 11°609 98'914 20/68 ce'189 Di
960201 20218 96108 s'e +0'49/ È)
couzeri (VASTI DELLE el'ov 850/28 DA
RUSSI 00619 sv'gioi ge +9'Z26 ti
ovezei e9'zs 11'960. Por 00°0801 Ba
L64281 91/089 eL'iezi 0976 euzizii o
LBFEGÌ 007001 97088 sL'razi 00°2s elavzi UE Z +06
L66961 o0°0et avo BL'#6zL 008 erevzi IUUE ZL + ob
IAIGIRA qovel 10/968 bL'LISI series 99/8871 4adns ol

VUEVILO THEVVO

v ebay

80/80/10 1° ASVE VOYd TIIBAN

BLVARIA DIOVINUVA

FARMACIE RURALI SUSSIDIATE

Allegato B

PAGA BASE] cent MUOVA] CONTING
| LIVELLI 2101/8/09 | ‘irtaia ""| Pagabase|CEnza | ED:R | LS.0. | TOTALE
da 1/12/11

1° super 1.400,32 56,14 1456,46 536.07 10,33 130,00
1° + 12 anni 1.192,50 49,92 124242 59045 10,93 13000
14+ 2anni 1.192,50 49,92 124242 59045 10.33 10000
1 1.192,50 49,92 124242 530,45 10,33

» 1.008,01 44.29 1052,30 52163 10,32

3° 932.74 42,05 975.79 519,00 10,33

ta 835,7. 39,09 874,83 51540 10,33

8 793.48 36,02 76950 51207 10.93

8° 854,55 33,63 888,18 509.11 10,38",noisy,noisy
8589,75,137934,"Tecnico - Specialista - Professional

‘| [Anelizzare, risolvere è monitorare i |Analzzare, nisoivere e monitorare 1 [Riorganizzare Te soree si mezzi T:
[Problemi insorgenti nel rispetto delle [problemi insorgenti nel rispetto celle |al'insorgere di imprevisti consultandosi, lan
[procedure e prassi definite [procedure e prassi definite [se necessario, con il diretto responsabile |s;

li

delle |secondo prassi e procedure in [raggiungimento cegi obiettivi lobiettivi assegnati a livello

ze di infivenzare
€ [informazioni in modo appropriato — |dati ec informazioni per il (informazioni per il raggiungimento degli cid pera cggiungimento cegt
bit

Jessere sulla base delle necessità _ assegnati [multicimensionali

Applicare Te conoscenze acquisite in Trasfenre è condividere Te [Trasfarira e condividere le conoscenze _ [Fungere ed agire da punto di nermenio
[spesifche pratiche operative In [conoscenze acquisie n specifiche. |acquiite in spacifiche pratiche oparalive te ‘'ecnico-specialistico nel disciplina
propositivo e continuativo. |pratiche operative nell'area di [anche a livello multidimensionale [appartenenza ed in grado di trasferire know.
[competenza |” in modo appropriato
[Lavorare con gii ali in modo [Lavorare con gli alii in modo [Lavorare con gi ali im pr respon,
(responsabile, propositivo e l'esponsabile, propositivo e partecipativo. [proposiiva e partecipativo nell'area di
[partecipativo nell'area di net'area i appartonenza e a lello. [appartenenza a ivell muligimensicnato lo per
‘appartenenza [multidimensionale ll raggiugimento degli obiettivi assegnati
\vere attenzione ai così nol [Avere attenzione al cost nella [armate det assegno a pae dl [avere responsabiià sconomiEhe di impeto

‘applicazione del budget in base alle |applicazione del budget! osso dala mpetenza e contribuire alla[per l'impresa e che comportano l'assunzione di
(direttive assegnate [definizioni bag er anno successivo _ [decisioni integrate con più aree funzionali

Sd & i Week Srwa",noisy,clean
20861,2,3245,"Gli importi spettanti per ciascun livello sono di
seguito indicati:
Tabella A
Inquadramento Importo
retributivo una tantum
Quadri € 811,50
Primo livello € 728,50
Secondo livello € 685,75
Terzo livello
€ 704,00
Super
Terzo livello € 588,25
Quarto livello € 567,25
Quinto livello € 515,50
Sesto livello € 488,25
Settimo livello € 345,25
Riders
Inquadramento Importo
Periodo
retributivo una tantum
A Primi 6 mesi € 423,00
A Mesi successivi € 445,50
B Primi 6 mesi € 458,00
B Ulteriori 9 mesi € 480,50
B Mesi successivi € 486,75
Le suindicate modifiche, integrazioni e contenuti del presente accordo avranno effetto ed efficacia a
far data dal 01/10/2025.

Letto, approvato e sottoscritto.

CONFLAVORO PMI CONF.S.A.L FESICA
____________________ ___________________ _______________",noisy,noisy
19413,0,0,"CONFEDERAZIOI'{E NAZIONALE DEL LA VOBO
, 
CONTRtl'""YfO ('()TiT,E'lffVO NAZIONALE DI LAVORO
1
PER I DIP El\""'DEN'lI DETiT,A. PICCOLA E JIBDIA TK­
DlTS'11RI1\. DEI SETrORI CHDJJC.A CONCIA E SET­
:1
'J:ORI A(;CORPA TI, PLASTICA. E (¾0.1Du\, A.BR -1sm,
1
CERA:\JJCt\ E VE'l1RO
-
-=-
·�
<O
-o
\
o
I
Testo Ufficiale
Roma, 5 Luglio 2019
© PROPRIETA' RISERVATA
L,� n1'f!u11izx;1zin11i  : t i/JU/uuti it1tr•11doun .�al, ag,mnfol'"" /;, pit·wr ,. rn1u_ ple1,1 /Jr<>p.ricuì tir•/ l(•�to
r-0111J·;-1t11wlt• ,. 1w. iHibi.-wouo lu 1·i111·odtt¼iont· Lotult• o />111·xh1lf• ml,-.,,,;_ Ol'gn11ix%:1�it>Hi. imJ,.rr.�t\
•· 111·in.1Li. rfr•<-1T.:tUtl(,.-:j ngui axio11(• 11 �,,1'·:,grwrdo d,�; loro diri1 ti",noisy,noisy
9264,97,0,"626/94 e sue successive modificazioni;  
(m)	costituire la Commissione Paritetica Nazionale;  
(n)	svolgere tutti gli altri compiti allo stesso demandati dalla contrattazione collettiva e dalla normativa vigente;  
(o)	promuovere mediante il FoFoIAC l’erogazione di servizi nel settore della formazione continua;
(p)	attuare gli altri compiti che le Parti, a livello di contrattazione collettiva nazionale, decideranno congiuntamente di attribuire all'EBPA;  
(q)	aderisce al “Fondo Paritetico Interprofessionale Nazionale per la formazione continua dei Lavoratori” di previdenza per fornire prestazioni complementari dei trattamenti di pensioni pubbliche sotto forma di rendita e capitale che potrà associare lavoratori dipendenti e datori di lavoro in applicazione dell’art.

118, legge 23.12.00 n.

388 all’uopo costituito dalle associazioni di cui all’art.

1 del presente, in data _______________________ dal Notaio  ______________ raccolta n._________ repertorio n.

_____________.



Titolo II - FUNZIONALITA’ INTERNA

Art. 6 - Organi.

Sono Organi dell'EBPA:  

- l'Assemblea dei soci

e inoltre:

- il Consiglio direttivo  
- il presidente  
- il vice presidente  
- il direttore generale  
- il Collegio dei revisori dei conti

Tutte le cariche elettive hanno la durata di 4 anni e possono essere riconfermate.  

In caso di dimissioni o revoca di un componente del Consiglio direttivo, il presidente, su richiesta del socio interessato, convoca il Consiglio direttivo per procedere alla nomina di un sostituto, la nomina dovrà essere  ratificata successivamente alla prima assemblea dei soci utile.  

La funzione di componente degli Organi statutari ha termine nel caso in cui la designazione venga revocata dal socio che l'aveva espressa, ovvero in caso di decadenza e/o di dimissioni.",noisy,clean
8032,1,1404,"Articolo 73 TRATTAMENTI MINIMI CONTRATTUALI
Aumento | Aumento | Aumento ] Aumento | Aumento | Aumento | Aumento _] Aumento
Uvi Pat. ‘economico economico economico “economico ‘economico ‘economico ‘economico economico Totale
Luglio 2025 | Maggio2026 | Ottobre2026 | Maggio2027 | Dicembre 2027 | Luglio 2028 | Ottobre 2028_| Marzo 2020
Q 220. € 80,73 | € 70,64 | € 170,64 | € 80,55 | € 40,37 | € 50,46 | € 40,37 | € 20,18 | € 433,94.
7 201_|e 7376|€ 54,58 | € 84,51 [€ 55,32 | € 36,88 | € 46,19 | € 36,88 | € 18,44 | €396,86
6 [7 _|e 50.85 [€ 3587 |€ 35,87 /€ ar89|€ 3193 [€ 3991|€ 3193 [€ 15,96 |€ 2021
5 10 _|e 3138 [€ 40,95 |€ 44,95 |€ 3853 | € 25,69 [€ 32,1 [€ 25,68 [€ 17,84 | € 27614
4 128_|e 46,97 |€ 41,10] € 81,10 | € 3523|€ 23,69 [€ 29,36 |€ 23.49 |€ 1174 |e___252,8
O ne le 63.30 /€ 3789 |€ 3789 |€ 3248] € 2165 [€ 27,06 [€ 21,65 [€ 10,83 €232,75
2 109_|e 20,00 | € 35,00 | € 35,00 [€ 30,00 [€ 20,00 |€ 25,00 | € 20,00 | € 10,00 [€ 215,00
1 100_|e 36,70] € 3211 [€ 2211 [€ ns |e 18,35 [€ 22,94 | € 18,35 [€ 3,7 |€ 197,5
15_|e 45,87 | € 40,14 | € 4014 | € 34,40 | € 29 | € 28,67|€ EG 1147 |€ 24657
us |e 42,20 | € 3693 | € 3693 [e 3165 [€ 2.10 |€ 26,38 [€ 2.10] e 1055 |e 226,84
di Sumo Retribuzione I nità di Retribuzione enR
iv. economico tabellare contingenza sale DR
Luglio 2025 Luglio 2025 Luglio 2025
a 220 € 100,92 € 1.653,44 € 532,06 € 2.185,50 € 210,33
7 201 € 92,20 € 1.510,64 € 532,06 € 2.042,70 € 10,33
6 174 € 79,82 € 1.307,72 € 524,77 € 1.832,49 € 10,33
5 140 € 64,22 € 1.052,18 € 518,53 € 1.570,71 € 10,33
4 128 € 58,72 € 962,00 € 517,50 € 1.479,50 € 10,33
3 118 € 54,13 € 886,85 € 515,42 € 1.402,27 € 10,33
2 109 € 50,00 € 819,21 € 513,96 € 1.333,17 € 10,33
1 100 € 5,87 € 751,57 € 512,71 € 1.264,28 € 10,33

l'afftuale rinnovo 2025-2028 che fa 5° tranche di aumento del precedente CCNL 2021-2024
1

HA titug entità
27

L'aumento economico comprende sia remento

Mute A LAS , Ì

Aumento Retribuzione Retribuzione",noisy,clean
9519,37,69599,"La formazione avviene nel rispetto e in relazione al percorso previsto per l'acquisizione
del titolo, dottorato di ricerca (bando di concorso e regolamento universitario) o diploma
da conseguire. Le ore di formazione, la loro articolazione e le modalità di erogazione del

percorso formativo sono quelli definiti nei percorsi stabiliti dall'istituzione scolastica o
universitaria.

[ ] Formazione teorica in aula;
[] E-learning

[ ] Seminari

[ ] Gruppi di lavoro

[ ] Studio casi di ""Best practice""
[ ] Action learning

[ ] Affiancamento

datore di lavoro L'apprendista",noisy,clean
20749,1,1867,"- la definizione di tempi e modalità del pregresso avverrà entro il 30 giugno 2007 in
sede di confronto decentrato, ambito idoneo ove verificare la sussistenza delle
condizioni necessarie affinché ciascuna struttura possa adempiere alle previsioni del
presente accordo ponte;
resta ferma la necessità di corrispondere ogni pendenza relativa all'incremento del
primo biennio (di cui all’accordo quadro del 2 marzo 2006) entro il 31 dicembre
2007, ed ogni pendenza relativa all'incremento del secondo biennio al più presto e
comunque non oltre il 30 giugno 2009;

- in sede di definizione del pregresso si dovrà procedere all’assorbimento
dell’indennità di vacanza contrattuale istituita con accordo del 5 luglio 2004.

Letto, confermato e sottoscritto
ARIS

i

GLi
CETITTA

k
T

A AAN

i

Ala, cri
(la Jonio

ni

Pri luna

D'ITALIA BSGALI I -
O
li Ù VI
STU
istoszia»— [so'twrz CERIZIA reo |Leteore [sv'ozsisz 8 sose, xo) GIUOBLIP 09IPEN
G1uG,13U 1UUE 0] 01
GizIAIS IP IUUE ZI >
er'eiees 127986 el'eLee drizere = |Le'69orL ‘svozsiz UUB S + @ BIOSE} xe!
81058; xe]
[au uUE gi o
Ly'sL09 oizinvas Ip IUUE ZI <
[89'oso ve 102988 Jesu: gL'orse enzere © |Le'69rL Guozsoz UNE 9 + E EIOSE) xo] QqUeBLIP 09IPEM
v 21988 e]
(FTA
LL'169°29 1zs06 = |eeuzrei oziare: tnzece Leon z 'av'orese cinpow xo) eoliduos eimanns GIueBUIA
uve 9 ogyesui junsse]
18'6z0s8 avooszi © |zz'ezasi  [sogizor  [zvzec8 166911 Isr'ozsise - eoipaL BaJe
18'620s8 evooei  lzu'ezasi Osegrit |Losorz asoziz = |svozssz eolpew rase
JuUE 9 09UEvLI [unsse|
CIACCRA] levoosi © |ze'osezi  [oo'arzor = [zrzere = |L66912 el'ozsse - Bo]Biruiyo ese;
!0y' 199998 ‘89'006""21 ee'osezi CITI 126691 £ es'oziz [9107997 Bob InuIVo EOJe ‘esselduo9 einpnuIs UeBLIa
Tec 34109)
onuue uueg> | segea | juuesh< |idwoounns essalduiDO
srnoL — |'sniosa erpul |-sntosa evpul |-sniose erpui | ‘snioso ripur | 21504 ‘amou | nas evpui WSÌ ‘siod ‘sSy | oselloger eysusede: CINEIUI Ip elB0jod1y",noisy,noisy
19266,1,1808,"- convengono che, a decorrere dal 1° ottobre 2025, vengano adeguati i minimi tabellari
in essere e concordano di applicare le tabelle salariali di seguito riportate, che
sostituiscono ogni altra tabella salariale precedentemente in vigore nel testo del CCNL
e ne fanno parte integrante, variando conseguentemente i relativi testi originari.

*  
1.

Modifica Tabella retributiva A
La tabella retributiva A viene così modificata e sostituita:
Minimi
Inquadramento
retributivi
retributivo
dal 01/10/2025
Quadri € 2.838,00
Primo Livello € 2.771,00
Secondo livello
€ 2.482,00
Super
Secondo livello € 2.314,00
Terzo livello € 2.159,00
Quarto livello € 2.016,00
Quinto livello € 1.974,00
Sesto livello € 1.932,00
Settimo livello € 1.743,00
Le suindicate modifiche, integrazioni e contenuti del presente accordo avranno effetto ed efficacia a
far data dal 01/10/2025.

Letto, approvato e sottoscritto.

CONFLAVORO PMI CONF.S.A.L FESICA
___________________ ___________________ ___________________",noisy,noisy
17829,13,22538,"132,90 | 129,00 | 113,30 3770 || 125,30 | 116,95 92,25 12,65 || 116,75 | 109,05| se6,20| 59,90
137,50 | 133/45 | 17,20 | 96,95 || 129,75 | 12110 | 95,55 | 25,20 || 120,80 {112,851 89,15] 62,00

126,85 | 123,10 | 100,15 | 89,45 !{ 129,50 | 111,55 | oo,00 | 69,30 || 111,25 | 109,95 | 02,10] 57,10
127,80 | 12405 | 109/95 | 90,15 | 120,40 | m12,40 | na,zo |. 69,90 || 112,20 | 104,70] 02,75] 57,95

122,80 | 119,20 | 101,70 | 86,00 || 115,30 | 107,65 | 84,90 |. 66,85 | 106,75 | 99,70) 78,80) 54,80

113,46 | 115,00 } 101,00 | 69,55 |} 111,25 | 108,65 81,95 |"" 64,50 || 103,00 | 06,20) 76,051) 52,85

112,15 | 108,85 | 95,60 | ‘79,10 |} t0s,30 | 99,30 | 77,55 | 61,05 97,50 | oLi0| 71,95] 50,05

13

Accordo 11-VIII-1954 retribuzioni lavoratori industria risiera

Segue: TapeLsA 3. — OPERAI DEL GRUPPO MERCEO",noisy,noisy
17540,2,3245,"Gli importi spettanti per ciascun livello sono di
seguito indicati:
Tabella A
Inquadramento Importo
retributivo una tantum
Quadri € 811,50
Primo livello € 728,50
Secondo livello € 685,75
Terzo livello
€ 704,00
Super
Terzo livello € 588,25
Quarto livello € 567,25
Quinto livello € 515,50
Sesto livello € 488,25
Settimo livello € 345,25
Riders
Inquadramento Importo
Periodo
retributivo una tantum
A Primi 6 mesi € 423,00
A Mesi successivi € 445,50
B Primi 6 mesi € 458,00
B Ulteriori 9 mesi € 480,50
B Mesi successivi € 486,75
Le suindicate modifiche, integrazioni e contenuti del presente accordo avranno effetto ed efficacia a
far data dal 01/10/2025.

Letto, approvato e sottoscritto.

CONFLAVORO PMI CONF.S.A.L FESICA
____________________ ___________________ _______________",noisy,noisy
18383,247,419452,"Piacenza, Ravenna, Reggio Emilia, Verona, Vicenza,
Valore di
1 punto QUALIFICHE Sup. 20 | 1820 | 1628 | me 16
di con- dmn Armi auni Anni
vingenza
PrREx
Piazza a soffio
23,59 Maestro sofMatore di 19 piazza:
dall'1.5-196B8 .   402,50| 382,35] 366,25  —
dall'1-9-1969 . . ICINCIN 417,25] 396,40] 379,70) —
23,59 | Maestro soffiatore di 23 piazza:
dall'1-5-1968 .   344-| 326,80 313,05j} —
dall'I-9-1969 .   357,80) 339,90] 322—| —
23,59 Maestro soffiatore di 38 piazza:
dall'1-5-1968 .   321,15] 311,50) 372,95)
dall'1-9-1969 .   334,70] 324,65) 204,50] —
18,88 Maestro soffiatore di 4% piazza:
dall’1-5-1968 . 209,75) 290,75| 254,80
dall'1-9-1969   312,70) 303,80] 265,80
18,88 Levavotro di 15 Categoria:
dall'1-5-1968 . . 288—| 279,35| 244,80
dall’1-9-1969 .   298,35f 289,40] 253,60!
16,87 Levavetro di 23 Categoria:
dall’1-5-1968   273,85| 265,65) 232,75) 205,40
dall'1-9-1969 .   285,15] 276,60] 242,35) 213,85
PRESSE
Produzione calotte, piatti, coper-
chi, articoli culinari, peso supe»
riore gr. 800, isolatori alta ten-
gione:
18,88 Levavotro e pressato!
dall'1-5-1968   286—| 277,40) 243,10) —
dall'1-9-1969 .   298,35) 289,40] 253,60)  —
254

C.c. n. I, 18-V-1968 aziende industriali che producono articoli di vetro, ecc.

Segue: TabeLLa N. 7 — Zona III: Alessandria, Rellono, Bologna, La Spezia,
Mantova, Modena, Padova, Piacenza, Ravenna, Reggio Emilia, Verona,",noisy,noisy
17811,5,0,"24.200 | 19.950 || 30.250 | 28.900 | 28.050 | 26.250 | 22.200 | 20.900 | 16.650
44.900 | 33.550 | 32.200 | 29.600 | 25,500 | 23.600 | 19.500 || 29.550 | 28.250 | 27.400 | 25.700 | 21.700 | 20.450 | 16.30
31,450 | 33,100 | 31.000 | 29.200 | 25.150 | 23.309 | 19.250 || 20.100 | 27,400 | 27.000 | 25.300 | 21.350 | 20.100 | 16.050
33,750 | 32.450 È 31.150 | 29.600 | 24.650 | 22.850 | 18.650 || 28.550 | 27.250 | 26.450 | 24.500 | 20.950 { 19.750 | 15.700
33.050 | 31.750 | 30.500 | 20.000 | 24.100 | 22.350 | 18.450 jl 27.950 | 26.700 | 25.900 } 24.250 | 20.500 | 19.300 | 15.400
34.200 | 32.950 | 31.550 | 29.000 | 24.950 | 23.150 | 19.100 || 25.900 | 27.600 | 26.800 | 25.100 | 21.200 | 20.000 | 15.$00

i

‘31,600 | 30.350 | 29,150 | 26.800] 25.050 | 21.400 | 12.650 || 26.750 | 25.550 | 24.800 | 23,250 | 19.650 | 10.500 | 14.750
31.650 | 30.600 | 29.400 | 27.000 | 23.250 | 21.550 | 19.800 || 26.950 | 25:750 | 25.000 | 23.400 | 19.000 | 16.650 | 14.850
30,800 | 29.550 | 20.400 È 26.100 | 22.450 | 20.800 ! 17.200 || 25.900 | 24.750 | 24.000 | 22.500 | 19.000 | 17.900 } 14,250
30.000 | 28.950 | 27,700 | 25.450 | 21.900 | 20.300 | 16.750 || 25.100 | 29.950 | 23.250 | 21.800 | 18.400 | 17.350 | 13.500

| 21.500 È 26.400 | 24.250 | 20.900 | 19.350 | 15.950 {| 20.950 | 22.800 | 22.100 | 20,700 | 17.500 | 16.500 | 13.150

| 28.600

Accordo 11-VIII:1954 rettibuxioni lavoratori industria risiera

“ Segue: l'apeLLA 1. — IMPIEGATI

20 Car, || 2: Catzcona

ZONE Tocai

anni

Sap. 21
anni

ZONA 0:
Mitano LL. - || 71.000 || 46.000 | 39.550
Torino . L , + ÎÌ 69.450 |) 45.000 | 38.700
Genova (a) +  68,800 || 41,600 | 98.350

ZONA Er î
Como, Firenze, ROMA LL. 6.500 || 400 | 30.200

situazione extra: Varese  . 69,250 {{ 44.850

ZONA HE
Aosta, Bolzano, Cremona, Livorna, Massa Carrara, Nova IRE TIZIROT 66.000 || 42.750 | 36.800
siluazioni estra: Croma. ESUEIFITITONTT See e aeae aaa e ai a+ Î] 70.900 |{ 4s.5s0 | 39.200",noisy,noisy
19266,0,0,"ACCORDO DI RINNOVO ECONOMICO DEL CONTRATTO COLLETTIVO NAZIONALE DI
LAVORO ADDETTI ALL’INDUSTRIA METALMECCANICA PRIVATA E ALLA
INSTALLAZIONE IMPIANTI
Cod.

Contratto C053
L’anno 2025 il giorno 27 del mese di Ottobre, in Roma, presso la sede di Conflavoro PMI,
sita in Via del Consolato n°6, si è raggiunto il seguente accordo economico del CCNL in
epigrafe,
TRA
CONFLAVORO PMI, Confederazione Nazionale delle Piccole e Medie Imprese
rappresentata dal Presidente Nazionale Roberto Capobianco;
E
CONF.S.A.L, Confederazione Generale dei Sindacati Autonomi del Lavoratori
rappresentata dal Segretario Generale Angelo Raffaele Margiotta;
FESICA, Federazione Sindacati Industria, Commercio e Artigianato rappresentata dal
Segretario Generale Bruno Mariani, Vice Segretario Generale Alfredo Mancini.

Premesso che
● In data 20/06/2024, la Conflavoro PMI, la Fesica e la Confsal, hanno sottoscritto il rinnovo
del CCNL Addetti all’Industria Metalmeccanica privata e alla Installazione Impianti codice
contratto “C053” con validità ed efficacia a far data dal 01/06/2024 al 31/05/2027;
● Nelle more del rinnovo contrattuale, le Parti, considerate le specificità delle imprese
operanti nel settore dell'industria metalmeccanica privata e con l’obiettivo di tutelare
l’occupazione e salvaguardare il potere d’acquisto dei lavoratori, hanno convenuto di
procedere prioritariamente al rinnovo della parte economica, ridefinendo i livelli retributivi
anche in relazione all’andamento dell’inflazione consuntivata.

*  
Tutto ciò premesso e considerato,
le Parti
- convengono di procedere all’adeguamento dei minimi tabellari al fine di salvaguardare
il potere di acquisto delle retribuzioni dei lavoratori, nelle more dell’espletamento del
tavolo di confronto per la stipula del rinnovo normativo ed economico del CCNL.",clean,noisy
15314,51,94671,"- i lavoratori qualificati che svolgono aitività esecutive e di natura amministrativa che
richiedono in modo particolare preparazione e pratica di ufficio 0 corrispondente
esperienza di lavoro;

- | lavoratori che conducono una 0 più macchine operatrici, automatiche e
semiautomatiche altrezzate, a teste multiple o a trasferimento, sia tradizionali che a
controllo numerico e che eseguono impegnative sostituzioni di utensili e fe relative
registrazioni effettuando ove previsto il controllo delle operazioni eseguite con idonei
strumenti.

Addetto macchine operatrici attrezzate

- i favoratori che effettuano anche su linee di montaggio, interventi di normale difficoltà, su
apparecchiature a serle o foto parti per la riparazione di guasti aventi carattere di
ricorrenza.
Riparatore

- i lavoratori che effettuano, anche su linee di montaggio, sulla base di prescrizioni,
schede, disegni, lavori di normale difficoltà di esecuzione con l'ausilio di strumenti elettrici,
predisposti e/o strumenti meccanici non preregolati e/o preregolati per il collaudo di
apparecchiature a serie o loro parti per fa individuazione di anomalie o per l'opportuna
segnalazione.
Collaudatore

- i lavoratori che sulia base di prescrizioni specifiche, disegni, metodi definiti di analisi o di
misurazione eseguono, con l'ausilio per la oro predisposizione e/o strumenti elettrici
predisposti e/o strumenti meccanici preregolati, prove di normali difficoltà per il controllo
delle caratteristiche fisiche, chimiche, tecnologiche di materiali, apparecchiature e loro
parti anche prodotte a serie, registrando i dati e segnalando le eventuali discordanze.
Addetto prove di laboratorio

- | lavoratori che, sulla base di dettagliate indicazioni o cicli dì lavorazione 0 documenti
equivalenti, conducendo impianti, effettuano manovre di normale difficoltà per la
regolazione dei parametri di lavorazione. ) »

STA
Î

#, CIS “
#1 lA

pa

RA

i

Addetto conduzione impianti",clean,clean
8691,1,1262,"230/62  e  successive  modificazioni  e  integrazioni  l'azienda   pu stipulare  contratti  individuali per l'assunzione  di  dirigenti  a  tempo determinato nei seguenti casi:a)   in  sostituzione  di  dirigenti  assenti,  quando  l'assenza  superi  i quarantacinque giorni consecutivi, per tutta la durata del restante periodo di conservazione del posto dell'assente;b)  in sostituzione di dirigenti assenti per gravidanza e puerperio, sianell'ipotesi di astensione obbligatoria sia in quella di astensionefacoltativa previste dalle leggi 1204 del 1971 e 903 del 1977;c)   per  la  temporanea copertura di posti vacanti di  dirigente  nei  vari profili dei ruoli sanitario, professionale, tecnico e amministrativo per un periodo  massimo  di  otto mesi, purch sia gi stato bandito  il  pubblico concorso.2.

Per  la  selezione  dei  dirigenti  da  assumere,  le  amministrazioni applicano i principi previsti dall'art.

9 della legge n.

207/85.3.

Nei  casi  di  cui  alle  lettere a) e b) del comma  1,  nel  contratto individuale  specificato per iscritto il nome del dirigente sostituito.4.

Il  rapporto  di  lavoro si risolve automaticamente, senza  diritto  al preavviso,  alla scadenza indicata nel contratto individuale  ovvero  anche prima di tale data con il rientro in servizio del dirigente sostituito.

In nessun  caso il rapporto di lavoro a tempo determinato pu trasformarsi  in rapporto di lavoro a tempo indeterminato.5.

Ai  dirigenti  assunti  a tempo determinato si applica  il  trattamento economico  e  normativo  previsto dal presente contratto  per  le  relative posizioni a tempo indeterminato, con le seguenti precisazioni:   le ferie sono proporzionali al servizio prestato;    in  caso  di assenza per malattia, fermi rimanendo i criteri  stabiliti dagli  articoli  23 e 24, in quanto compatibili, si applica  l'art.

5  del decreto-legge n.",clean,clean
18377,1,2467,"150, inquadrato nei profili professionali appositamente istituiti dal CCNL
comparto Funzioni centrali del 12 febbraio 2018, dal CCNL comparto Istruzione e
Ricerca del 19 aprile 2018, dal CCNL comparto Funzioni locali del 21 maggio 2018 e
dal CCNL comparto Sanità del 21 maggio 2018.

2.

Il presente accordo si applica, altresì, ai dipendenti di ruolo in servizio presso gli
uffici stampa delle amministrazioni ricomprese nei comparti di contrattazione
collettiva definiti dal CCNQ 13 luglio 2016 ai quali, in data antecedente all'entrata in
vigore dei contratti collettivi nazionali di lavoro relativi al triennio 2016-2018, risulti
applicato il contratto collettivo nazionale di lavoro giornalistico per effetto di contratti
individuali sottoscritti sulla base di quanto previsto dagli specifici ordinamenti
dell’amministrazione di appartenenza.

3.

Ai fini del presente CCNL:
1) per “CCNL di riferimento” si intende il CCNL, di uno dei comparti di contrattazione
collettiva di cui al comma 1, applicato al personale destinatario del presente accordo,
in base al comparto cui appartiene l’amministrazione pubblica presso la quale il
personale è assunto;
2) per “CCNL giornalistico” si intende il vigente contratto collettivo nazionale di
lavoro sottoscritto dalla Federazione nazionale della stampa italiana (Fnsi) e dalla
Federazione nazionale editori giornali (Fieg);
3) la Legge 7 giugno 2000, n.

150 e successive modificazioni ed integrazioni è indicata
come Legge n.

150/2000
Art.

2
Autonomia professionale e norme deontologiche
1.

È diritto insopprimibile dei giornalisti iscritti all’albo la libertà di informazione e di
critica, limitata dall'osservanza delle norme di legge dettate a tutela della personalità
altrui ed è loro obbligo inderogabile il rispetto della verità sostanziale dei fatti, osservati
sempre i doveri imposti dalla lealtà e dalla buona fede.

Devono essere rettificate le
notizie che risultino inesatte, e riparati gli eventuali errori.

3
Art.",clean,noisy
1986,4,7686,"associate, finalizzati: alta ricereg scientifica; relative. all' utilizzo ‘di tali investimenti’ per “Sintosi” ed andanienta. dei
programmi di ricerca; tematiche di individuazione-di nuovi prodotti, a) processi’ ‘di miglioramento per. quelli. esistenti:

collaborazione con critidi ricercii | pubblica; nel quale caso se né: indicheranno: i

|
o

tempi prevedibili di attuazione;

- elementi conoscitivi velativi alle: “eventi alt: ‘problematichie. connesse con inserimento lavorativo di
lavoratori extracomunitari é di lavoratori disabili: |

-  Felaborazione di lite guida relative ai provvediliienti da sissutiiere contro «le: molestie sessuali nei
luoghi dilavore;

. monitoraggio del fenomeno dell'i immigrazione e delle. relative. pri oblematiche conseguenti:.

«= l'elaborazione di linee guida di comportamento: per prevenire azioni di mobbing: nei luoghi di lavoro;

- moniteragpio sullo stato.di' attuazione della: Legge n°68 del 12 marzo: 1999. (Norme per il diritto al
lavoro -dei disabili).

- Monitoraggio sul numero è sulle. tipologie degli infortuni sullavoro:

ti

A- Compiti, funzioni 'e:composizione

£ fondo. perdutò p previti dalle ndimativa vigente e nonéhé dal la Le ppe c-46/82. nei: i ali fi formativi si i dark hiégo nd ua:
protisa identificazione di titoli di ricerca scientificà dhe sia specifiza-a ciascun gin golò- seliore rappresentato.

Le Parti, nel. riconfermare il'recipfaco interàsse ad una’ piena funzionalità dellOsservitorio- nazionale: e/é
territoriale di. settore flale punte ceritrale del [dro sistema di confronto; ‘inliteimierite. alla. Coi mmissione Paritetica di

cui-al successivo puntd:1:2); convengono. di procedere. ad'una:cadenza programmata « di tncontii,.da tenersi di norma:
semestralmenie.

Le Pani ‘possond! convenire, in presenza di particolari situazioni; di demandare a livello fegianale compiti e

funzioni previsti per. l'Osservatori io Nazionale e per i Comitati Nazionali, fornendo. alle fispettive. strutture. regionali",clean,clean
5037,0,0,"CONVENZIONE
RAI - UNIONE INDUSTRIALI ROMA
USIGRAI - FNSI
PER L’ESTENSIONE DEL
CONTRATTO NAZIONALE DI LAVORO GIORNALISTICO
(23 giugno 2009)
Addì 23 giugno 2009, in Roma,
tra
la Rai Radiotelevisione Italiana, rappresentata dal Direttore Generale, Prof.

Mauro MASI, assistito
dal Dr.

Luciano FLUSSI, dall’Avv.

Luigi MELONI e dal Dr.

Marco ANASTASIA, con l’ausilio
dell’Unione degli industriali di Roma, rappresentata dal Dr.

Ubaldo MARVARDI
e
la Federazione Nazionale della Stampa Italiana, rappresentata dal Segretario Nazionale, Dr.

Franco
SIDDI, con la partecipazione dell’Unione Sindacale Giornalisti Rai, rappresentata dal Segretario
Nazionale, Avv.

Carlo VERNA
premesso che:
- in data 27 marzo 2009, è stata sottoscritta dalla Federazione Italiana Editori Giornali e
dalla Federazione Nazionale della Stampa Italiana l’ipotesi di accordo per il rinnovo
del Contratto Nazionale di Lavoro Giornalistico scaduto il 28 febbraio 2005;
- in data 5 maggio 2009, presso la Presidenza del Consiglio dei Ministri, è stata
ratificata dalla Federazione Italiana Editori Giornali e dalla Federazione Nazionale
della Stampa Italiana l’ipotesi di accordo sopra citata;
si conviene quanto segue:
la Rai - Radiotelevisione Italiana darà applicazione al Contratto Nazionale di Lavoro
Giornalistico rinnovato il 5 maggio 2009, ai fini della disciplina del rapporto di lavoro
giornalistico.

Detto contratto si applicherà ai giornalisti che esercitano la propria attività professionale
alle dipendenze della Rai - Radiotelevisione Italiana che, pertanto, con le competenze del
prossimo mese di luglio, darà attuazione alle previsioni di carattere economico contenute
nel citato CNLG.

In considerazione della specificità del giornalismo radiotelevisivo del servizio pubblico,
le modalità di applicazione di taluni aspetti normativi sono disciplinate dall’allegato
accordo sottoscritto dalla Rai e dall’Usigrai.",clean,clean
1526,48,0,"I  gradi  sono  assegnati in  ragione  della  diversa  importanza delle     funzioni   attribuite   dall'Impresa   nella   concreta  organizzazione     aziendale;  il 3 grado verr assegnato a quei Funzionari cui l'Impresa     affidi,  tenuto   conto  della   propria  struttura   e  delle  proprie     dimensioni, responsabilit di particolare rilevanza.

Sono  comunque Funzionari di 1 grado i gerenti di Agenzia in economia,     i vice gerenti muniti di procura, i procuratori di Agenzia in economia,     nonch coloro che siano preposti in via permanente, quali responsabili,     ad  attivit di coordinamento,  pianificazione e controllo, di pi capi     ufficio come definiti al profilo a) del 6 livello.

Spetta  comunque la qualifica  di Funzionario di  2 grado a coloro che     siano  preposti in via  permanente, quali  responsabili, ad attivit di     coordinamento,  pianificazione e controllo di uno o pi Funzionari e ai     Gerenti  di Agenzia in  economia ove operino  non meno di 15 dipendenti     amministrativi.

Le  disposizioni di  cui ai  due commi  precedenti non  si applicano al     personale incaricato di reggere agenzie in temporanea gestione diretta.

6 LIVELLO     Declaratoria - Appartengono a questo livello:     lavoratori che siano preposti in via permanente, quali responsabili, ad     attivit  di coordinamento, pianificazione  e controllo di un gruppo di     lavoratori,  parte  dei  quali svolgono  mansioni  per  cui   previsto     l'inquadramento  nel 5  e nel  4 livello  o almeno  uno dei quali sia     V.C.U.",clean,clean
8188,37,67014,"Permessi retribuiti E'  stabilito che  per  i dirigenti  sindacali  facenti parte  di organismi direttivi  provinciali, regionali  o nazionali,  verranno concessi permessi retribuiti  nella misura di  4 ore per  dipendente con un  minimo di 16 ore annue.

Art.

35.

Accordo Interconfederale Le  parti  convengono l'integrale  recepimento  della  disciplina contenuta nell'accordo  interconfederale  del 21.7.1988  per  gli  istituti previsti, anche  a modifica e superamento delle precedenti intese categoriali, che si intendono da esso sostituite.

OMISSISArt.

36.

Delega sindacale Le  Associazioni  sindacali  degli  imprenditori  artigiani  firmatarie del presente  CCNL  distribuiranno alle  loro  associate, il  modulo  di delega fornito dalle OO.SS.

di categoria territoriali.

Con  la retribuzione del mese  di ottobre di ogni anno l'impresa provveder ad  inserire nella busta paga di tutti i dipendenti il modulo di delega per la riscossione dei contributi sindacali.

L'impresa  operer la  trattenuta dei  contributi sindacali previo rilascio della delega individuale firmata dall'interessato.

La  delega pu essere revocata  in qualsiasi momento ed il lavoratore potr rilasciarne una nuova.

Art.

37.

Quota diffusione contratto Si  conviene  che,  al  fine  di  fornire  copia  nel  CCNL  ai  lavoratori dipendenti,  le aziende effettueranno  ad ogni dipendente non iscritto alle OO.SS.

e per  il quale non  viene effettuata  la trattenuta sindacale, una ritenuta  pari a L.

25.000 in  due rate pari a L.

12.500 ciascuna, la prima in  occasione della corresponsione  della retribuzione  del mese di gennaio 1989,  la seconda in  occasione della corresponsione  della tranche di una tantum del mese di settembre 1989.

L'imprenditore  verser  le  somme corrispettive  sul  c/c  n.

7177 FONDO CONTRATTUALE  ARTIGIANI LEGNO presso la BNL Ag.

N 11, Via Marsala 6 Roma, intestato alle parti stipulanti.",clean,clean
8122,16,25892,"14 - Risoluzione del rapporto di agenzia per giusta causa.1)Entrambe  le  parti  hanno  la  facolt di  chiedere  la  risoluzione  delcontratto  per inadempimento imputabile all'altra parte, a norma dell'art.1453 CC.2)In  caso  di risoluzione del contratto per inadempimento di una parte,  laparte   inadempiente perde il diritto al termine di preavviso  di  cui  alprecedente  art.

14 e il diritto al pagamento dell'indennit  di  mancatopreavviso di cui ai commi 7 e ss.

dello stesso articolo, mentre  la  partenon inadempiente ha diritto al risarcimento dei danni.Art.

15 - Indennit di fine rapporto.1)Con  la  presente normativa s'intende dare piena ed esecutiva applicazioneall'art  1751 CC anche in riferimento alle previsioni di cui  all'art  17,Direttiva  CEE n.

86/653, individuando in funzione suppletiva  modalit  ecriteri    applicativi,   particolarmente   per   quanto   attiene    alladeterminazione dell'indennit in caso di cessazione del rapporto.2)A  tal  fine,  si conviene che l'indennit di fine rapporto sar  compostadagli emolumenti determinati secondo i criteri indicati nella tabella  suballegato   c).

L'indennit  di  risoluzione  del  rapporto   che   vienericonosciuta  all'Agente ai sensi dell'art 1751 CC risponde principalmenteal criterio dell'equit.",clean,clean
20533,64,113797,"II R.L.S. o R.L.S.T. può richiedere la convocazione di apposita riunione oltre che per casi gravi e
motivate situazioni di rischio, anche qualora ritenga che le misure di prevenzione o protezione
dai rischi adottate dal datore di lavoro non siano idonei a garantire la sicurezza e la salute
durante il lavoro. In tale occasione, le parti qualora siano d'accordo sulla necessità di procedere
a verifiche potranno valutare di affidare ad Istituti od Enti qualificati, scelti di comune accordo,
le indagini che si ritenessero necessarie. Gli oneri derivanti da tali rilevazioni sono ad esclusivo
carico delle aziende.
I permessi retribuiti ad ogni R.L.S. sono di 50 ore annue nelle unità produttive fino a 100
dipendenti e a 70 ore annue nelle unità produttive che occupano più di 100 dipendenti.

Le parti concorderanno progetti formativi per gli R.L.S. e per gli R.L.S.T. quantitativamente più
ampi rispetto a quanto previsto dalla normativa vigente utilizzando lo strumento formativo
messo a disposizione nell'Ente Bilaterale.

Il datore garantisce il pronto adeguamento alle innovazioni legislative e normative riguardanti
la sicurezza sui posti di lavoro, ed informare i lavoratori onde garantire il regolare svolgimento
delle attività e garantirne la continuità senza creare danno ai lavoratori e mettendo a
disposizione la possibilità di corsi di formazione professionali a tal riguardo.

Art. 36 - Indumenti di lavoro.

AI lavoratore che, in determinati momenti o fasi di lavorazione, sia necessariamente esposto
all'azione di sostanze particolarmente imbrattanti, deve essere data la possibilità di usare mezzi
o indumenti protettivi in dotazione presso lo stabilimento mettendolo nelle condizioni idonee
per il ricambio, durante il lavoro e per la custodia del proprio abito. Qualora l'azienda richieda
che taluni lavoratori (ad esempio: fattorini, portieri, sorveglianti, autisti, etc.) indossino abiti
speciali o divise, dovrà provvedere a proprie spese alla loro fornitura.",clean,clean
4621,11,19494,"Art. 28 - Effetti nuovi stipendi.

1)
Le misure degli stipendi risultanti dall’applicazione dell’art. 27 sono utili ai fini della 13a mensilità, dei trattamenti di previdenza e di quiescenza, dell’equo indennizzo e sono assunte a base ai fini delle ritenute previdenziali e assistenziali e relativi contributi, nonché della determinazione della misura dei contributi di riscatto. Resta fermo quanto previsto dall’art. 1, comma 210), legge 23.12.05 n. 266 (Legge finanziaria 2006). 

2)
I benefici economici risultanti dalla applicazione dell’art. 27 sono computati ai fini previdenziali, secondo gli ordinamenti vigenti, alle scadenze e negli importi previsti dal medesimo articolo, nei confronti del personale comunque cessato dal servizio, con diritto a pensione, nel periodo di vigenza economica del presente contratto. Agli effetti del trattamento di fine servizio, dell’indennità sostitutiva del preavviso, nonché di quella prevista dall’art. 2122 CC, si considerano solo gli aumenti maturati alla data di cessazione del rapporto di lavoro. 

3)
Resta confermato quanto previsto dall’art. 3, comma 3), CCNL 20.12.06.

Art. 29 –	Integrazione delle risorse per le politiche di sviluppo 
	del personale e per la produttività.

1)
Le risorse per le politiche di sviluppo del personale e per la produttività di cui all’art. 5, CCNL ENEA 20.12.06, biennio economico 2004-05, sono incrementate a decorrere dall’1.12.07 di un importo pari allo 0,5% del monte salari riferito al 2005 relativo al personale di cui al presente Capo (2/13 per il 2007). 

2)
A decorrere dal 31.12.07, e a valere sulle disponibilità indicate dal comma 1), una quota pari allo 0,11% del monte salari riferito al 2005 relativo al personale di cui al presente Capo è finalizzata all’indennità di ente annuale. La medesima indennità è conseguentemente incrementata degli importi indicati nella tabella L).",clean,clean
5846,16,22497,"32.Le  parti  sentono  la  necessit di costituire un ""centro  di  assistenzacontrattuale"",  a composizione paritetica, per l'esame della  problematicacontrattuale e per proporre soluzioni alle tematiche appresso specificate:1)    esame  e  interpretazione autentica della normativa contrattuale  in  caso  di  dubbio  o  incertezza,  su segnalazione  di  una  delle  parti  stipulanti;2)    esame  e possibile soluzione di ogni eventuale problema che  dovesse  presentarsi   in   ordine  alle  esigenze  rappresentate   dalle   parti  contrattuali;3)     esame   dell'intera   problematica  inerente  alle   collaborazioni  coordinate  e continuative in ragione delle eventuali modifiche  che  si  rendessero necessarie da apportare agli istituti contrattuali, anche  in  relazione all'evoluzione della dinamica del fenomeno e alle normative che  dovessero intervenire;4)    assistenza alle aziende o alle cooperative che ne facciano richiesta  nell'ambito di un efficace rapporto di collaborazione;5)   esame delle questioni connesse alle direttive dell'Unione europea.TITOLO XXIV - Diritti del collaboratore - Diritti sindacali.Art.

33.Il collaboratore ha diritto alle seguenti informazioni essenziali e a ognisuccessivo   aggiornamento,  relative  all'azienda  o   alla   cooperativariguardanti:1)   dimensioni dell'azienda o della cooperativa;2)   organigramma;3)   nominativo di un responsabile cui fare riferimento;4)   nominativi dei rappresentanti sindacali;5)   nominativi dei rappresentanti della sicurezza;6)   circolari e disposizioni di servizio;7)     comunicazione   per   iscritto  ai  collaboratori   della   volont  dell'azienda o della cooperativa di assunzioni di lavoratori subordinati,  aventi le loro medesime qualifiche.Art.",clean,clean
17182,32,57847,"La delega conterrà l'indicazione dell'ammontare del contri.
buto da trattenere e l’organizzazione sindacale dei viaggiatori o
piazzisti a cui l'azienda dovrà versarlo.

L'azienda verserà l'importo della trattenuta al Sindacato pro-
vinciale della categoria o in mancanza di questo, in un conto cor-
rente indicato dalle Organizzazioni sindacali firmatarie.

35

NOTA TRANSITORIA

Per gli anni 1978 e 1979 il computo della percentuale sarà
rispettivamente pari allo 0,80 per cento e 0,90 per cento sugli ele-
menti predetti.

Art. 41. — Permessi per cariche sindacali.

Ai viaggiatori o piazzisti che siano membri dei Comitati di-
rettivi delle Confederazioni sindacali, dei Comitati direttivi delle
Federazioni nazionali della categoria e di quelli dei Sindacati
nazionali o provinciali della categoria, saranno concessi dei per-
messi da parte dell'azienda, fino ad un massimo di tre giorni
al trimestre, comulabili nell’anno, per il disimpegno delle loro
funzioni sindacali, quando l'assenza dal lavoro venga espressa-
mente richiesta per iscritto dalle organizzazioni predette e non
ostino gravi impedimenti alla normale attività dell'azienda.

Le qualifiche sopra menzionate e le variazioni relative do-
vranno essere comunicate per iscritto dalle organizzazioni pre-
dette alle Associazioni territoriali degli industriali, che provve-
deranno a comunicarle all'azienda cui il viaggiatore appartiene,

Il numero complessivo dei beneficiari dei permessi in que-
stione non può essere superiore a quello dei dirigenti delle R.S.A.
costituite ai sensi del precedente articolo 38.

Art. 42. — Affissioni.

Le Direzioni aziendali consentiranno alle R.S.A. ed ai Sin-
dacati provinciali di categoria aderenti alle Organizzazioni firma-
tarie del presente contratto di far affiggere, in apposito albo,
comunicazioni a firma dei Segretari responsabili dei Sindacati
medesimi o dei dirigenti delle R.S.A.

Le anzidette comunicazioni dovranno riguardare argomenti
sindacali attinenti al rapporto di lavoro.",clean,clean
12928,0,0,"Il giorno 4 af: Min Roma

l’Amministrazione delia Banca d’Italia, rappresentata dal Segretario Generale Paolo Piccialli,
assistito dal Capo del Servizio Personale Inquadramento Normativo ed Economico Augusto Aponte

e da Francesco Nicolò ed Antonella Caronna del Servizio medesimo

e

C.N.E.L.

la FALBI, rappresentata da
2.5 FEB, 2001

N°  AZHR
ARCHIVIO CONTIATTI

Leona dvigl
fitto Lucio
HARINI MAURIZIO

MANCINO ANELLO
CAPPELLETTI CINA

PROIETTI. DANILO
BOS NASSINICIANO

la FIBA-CISL, rappresentata da
ROMOLI AIANVITTORIO
NAADOHE ROBERTO
RoNAno MASSINICIATO
BRUNDV  ACEIANDRO

hanno sottoscritto il presente accordo cornice in tema di contrattualizzazione del rapporto di
impiego del personale delle carriere operativa, dei servizi generali e di sicurezza e operaia. Ù d

I

CONTRATTUALIZZAZIONE DEL RAPPORTO D'IMPIEGO
DEL PERSONALE DELLE CARRIERE OPERATIVA,
DEI SERVIZI GENERALI E DI SICUREZZA E OPERAIA
ACCORDO CORNICE

Le parti, avuta presente la disciplina degli assetti contrattuali definita tra Governo e
pasti sociali, sottoscrivono - nell’esercizio della propria autonomia negoziale e nel rispetto delle
specificità dell’Istituto - il presente accordo, volto a definire la cornice del nuovo modello
contrattuale per il personale delle carriere operativa, dei servizi generali e di sicurezza e operaia.

Le previsioni del presente accordo cornice saranno trasfuse negli accordi di
contrattualizzazione del rapporto di impiego del personale delle carriere operativa, dei servizi
generali e di sicurezza e operaia. Sono fin d’ora confermate le previsioni degli accordi di
contrattualizzazione del 27 aprile 2006 non attinenti alle innovazioni conseguenti all'applicazione
del nuovo modello contrattuale.

Il nuovo modello avrà decorrenza con effetto dal 1° gennaio 2010.

Gli accordi recanti la disciplina degli istituti normativi ed economici concementi il
rapporto d’impiego del personale delle carriere operativa, dei servizi generali c di sicurezza e
operaia avranno durata triennale.",clean,clean
3184,51,89194,"Qualora il limite massimo di cui ai precedenti punti a) e b) sia interamente utilizzato con riferimento a 12 mesi di servizio, al lavoratore che ne faccia richiesta entro 15 giorni successivi alla consegna del listino paga relativo al dodicesimo mese di servizio, verrà riconosciuto, in costanza delle esigenze che hanno giustificato l’utilizzo delle prestazioni supplementari nell’anno di riferimento, il consolidamento nel proprio orario di lavoro di una quota fino al 50% delle ore supplementari prestate nell’anno.

Il consolidamento dovrà risultare da atto scritto e il nuovo orario di lavoro sarà operativo dal mese successivo a quello della richiesta.

Nel rapporto di tipo orizzontale, verticale o misto, le prestazioni straordinarie sono disciplinate dalle disposizioni per i lavoratori a tempo pieno, di cui all’art. 29 del presente contratto.

L’eventuale rifiuto del lavoratore all’effettuazione di lavoro supplementare e straordinario non può integrare in alcun caso gli estremi del giustificato motivo di licenziamento.

Il lavoratore può esimersi dall’effettuazione di prestazioni supplementari o straordinarie unicamente dal momento in cui sopravvengano e fino a quando permangano le seguenti documentate ragioni:",clean,noisy
7921,17,30366,"- verifica, anche attraverso l’iscrizione alla camera di commercio, industria e artigianato, l’idoneità tecnico- (

appalto o contratto d’opera;

- fornisce agli stessi soggetti dettagliate informazioni sui rischi specifici esistenti nell'ambiente in cui sono
destinati ad operare e sulle misure di prevenzione e di emergenza adottate in relazione alla propria
attività.

Il datore di lavoro committente, inoltre, promuove la cooperazione nell’attuazione delle misure di
prevenzione e protezione dei rischi sul lavoro incidenti sulle attività lavorative oggetto dell’appalto e \\

Jh de

ì

d:

coordina gli interventi di protezione e prevenzione dei rischi cui sono sottoposti i lavoratori, nonché
l’informazione finalizzata ad eliminare i rischi dovuti alle interferenze tra ì lavori delle diverse imprese
coinvolte nell'esecuzione dell’opera complessiva.

In relazione a quanto sopra dovrà essere realizzato un unico documento di valutazione dei rischi che indichi
le misure adottate per eliminare le interferenze.

Detto documento non riguarderà i rischi specifici propri della attività delle imprese appaltatrici o dei singoli
lavoratori autonomi.

Parte Quinta — Classificazione Professionale Unica

Art. 5 - Apprendistato

Le parti concordano che l’apprendistato professionalizzante essendo il più idoneo strumento per costruire
professionalità pronte ad essere inserite efficacemente nell’organizzazione aziendale, è essenzialmente
finalizzato, alla sua positiva conclusione, a consolidare il rapporto di lavoro.

L'apprendistato professionalizzante è un contratto a tempo indeterminato disciplinato dalla legge e dalle
seguenti disposizioni.

Ferme le deroghe di legge, possono essere assunti con contratto di apprendistato professionalizzante i
giovani di età compresa tra i diciotto e i ventinove anni.",clean,clean
18159,15,28099,"©) non esegua il lavoro secondo le istruzioni ricevute oppure lo esegua con negligenza;

d) arrechi per disattenzione anche lievi danni alle macchine o ai materiali in lavorazione;
ometta di avvertire tempestivamente il suo capo diretto di eventuali guasti al macchinario in
genere o evidenti irregolarità nell'andamento del macchinario stesso;

e) sia trovato addormentato;

j) fumi nei locali ove è fatto espresso divieto, o introduca senza autorizzazione bevande
alcooliche nello stabilimento;

g) si presenti o si trovi sul lavoro în stato di ubriachezza e in tal caso, inoltre, il dipendente
verrà allontanato;

h) abbia commesso alterchi senza vie di fatto nello stabilimento;

) proceda alla lavorazione o costruzione nell'interno dello stabilimento, senza autorizzazione
della Direzione, di oggetti per proprio uso o per conto terzi, allorché si tratti di lavorazione o
costruzione di lieve rilevanza;

1) in qualunque modo trasgredisca alle disposizioni del regolamento interno dell'azienda o
commetta qualunque atto che porti pregiudizio alla morale o all'igiene.

Potrà essere licenziato con preavviso il dipendente:

- che sia recidivo nella medesima mancanza che abbia già dato luogo a sospensione nei sei
mesi precedenti oppure recidivo nella medesima mancanza che abbia già dato luogo a due
sospensioni; °

- che abbia introdotto nello stabilimento persone estranee senza regolare permesso della
Direzione, salvo il caso in cui la mancanza in concreto abbia carattere di minore gravità
nella quale ipotesi potranno applicarsi i provvedimenti disciplinari di cui al comma
precedente:

- che abbia effettuato assenze ingiustificate prolungate oltre 3 giorni consecutivi.

Ve

BA-NOU-2009 19:49 UGLCHIMICI-D A64920554

Potrà essere licenziato senza preavviso il dipendente:",clean,clean
20844,3,6160,"L’importo annuo lordo dell’assegno ad personam di cui al comma 4 è pari alla
differenza, se positiva, tra:
a) la somma dei trattamenti economici fissi annui lordi in godimento, alla data di
sottoscrizione del presente accordo, riferibili alle sole voci retributive di cui all’allegata
tabella B, riconosciuti in forza dell’applicazione del “CCNL giornalistico”;
b) la somma dei trattamenti economici fissi annui lordi, alla data di sottoscrizione del
presente accordo, attribuiti e riconosciuti in forza dell’applicazione del “CCNL di
riferimento”, riferibili alle sole voci retributive di cui all’allegata tabella C.

6.

L’assegno ad personam di cui al presente articolo è riassorbito, fino a concorrenza,
in caso di incrementi economici conseguenti a future progressioni economiche, a future
progressioni giuridiche, a futuri incrementi contrattuali.

7.

In caso di incrementi economici conseguenti al conferimento di uno degli incarichi
di cui all’allegata tabella D, l’assegno ad personam è inoltre temporaneamente
riassorbito, fino a concorrenza, di un importo pari al 50% della retribuzione di
posizione od altra indennità fissa correlata all’incarico, limitatamente al periodo di
svolgimento dello stesso.

4
8.

Ai sensi dell’art.

2, comma 3 del D.

Lgs.

n.

165/2001, i risparmi di spesa derivanti
dal riassorbimento incrementano:
a) nei casi di cui al comma 6, i fondi risorse decentrate;
b) nel caso di cui al comma 7, le risorse complessivamente destinate alla remunerazione
degli incarichi.

9.

L’assegno ad personam è utile ai fini del trattamento di fine rapporto in misura pari
alla quota dello stesso corrispondente alle voci di trattamento economico del CCNL
giornalistico già utili al medesimo fine.

Art.

4
Norme finali
1.

I lavoratori di cui all’art.

1, possono aderire alla cassa autonoma di assistenza
integrativa dei giornalisti italiani (CASAGIT), laddove in possesso dei requisiti dalla
stessa richiesti.",clean,noisy
5393,60,0,"Il premio annuale per la copertura per il ritiro del libretto viene in-
crementato a decorrere dal 1° gennaio 2008 dagli attuali € 175,00
a € 190,00 annui pro-capite a fronte del seguente aggiornamento
dei capitali assicurati:
- sino a 40 anni non compiuti € 31.000,00
- da 40 a 45 anni non compiuti € 21.000,00
- da 45 a 50 anni non compiuti € 16.000,00
- da 50 a 55 anni non compiuti € 8.500,00
- da 55 a 60 anni non compiuti € 6.000,00
- da 60 a 65 anni non compiuti € 3.000,00
Si precisa che:
nel caso di decesso di un marittimo che sia stato già dichiarato perma-
nentemente non idoneo alla navigazione (ritiro del libretto) da parte della
Commissione di I° grado, qualora il decesso avvenisse prima dell’esito
dell’eventuale ricorso alla commissione di II° grado o prima dell’espleta-
mento degli accertamenti medici a seguito di richiesta di applicazione
della clausola arbitrale, si procederà ad indennizzare gli eredi aventi dirit-
to per l’importo fissato, in base all’età, dall’allegato 4 del CCNLvigente.

Quanto sopra a condizione che il decesso sia avvenuto per la medesi-
ma malattia o infortunio che sia stata determinante per la dichiarazione
di permanente inidoneità alla navigazione, sempre e comunque nel ri-
spetto delle ulteriori norme e procedure per l’accertamento dell’indenniz-
zabilità inerente il ritiro del libretto stesso.

Resta ferma ogni altra previsione contrattuale in materia di tutele
assicurative.

61
ALLEGATO 5
OBBLIGHI DELL’ASSICURATO IN CASO
DI DICHIARATAINIDONEITÁ
L’assicurato è tenuto a proporre ricorso, (attualmente da presentarsi per
l’accesso alla commissione di II grado) nei termini e con le modalità pre-
viste dal Codice della Navigazione e/o dalle leggi vigenti in materia con-
tro la dichiarazione di cancellazione dalle matricole e dai registri della
gente di mare per i motivi che sono oggetto di assicurazione.",clean,clean
15307,17,0,"691, i membri dei Consigli  di  rappresentanza  devono essere messi in condizione  di  espletare  le  funzioni per le quali sono stati eletti e avere a disposizione il  tempo  che  si rende necessario, fatte salve le esigenze operative e quelle  di  servizio non altrimenti assolvibili.Art.

59 - Criteri  per  l'istituzione  di organi di verifica della qualit          e  salubrit  dei  servizi  di  mensa,  e  degli  spacci, per lo          sviluppo delle attivit di protezione sociale e di benessere del          personale, ivi compresi l'elevazione e l'aggiornamento culturale          del  medesimo, nonch  la  gestione degli enti di assistenza del          personale.1.

Entro  sei  mesi  dall'entrata in vigore del  presente  decreto,  con  decreto del Ministro competente saranno istituiti organi di verifica della  qualit e salubrit dei servizi di mensa, e degli spacci, per lo sviluppo  delle  attivit di protezione sociale e di benessere del personale,  ivi  compresi l'elevazione e l'aggiornamento culturale del medesimo, nonch per  la gestione degli enti di assistenza del personale.2.

Tale  decreto, nell'indicare le competenze dei suddetti organi, dovr  prevedere che:  a)   la  presidenza degli stessi sia attribuita al comandante  di  Corpo     dell'ente o del reparto o a un suo delegato;  b)   venga  consentita la partecipazione di rappresentanti di  tutte  le     categorie del personale;  c)  uno dei componenti sia indicato dagli organismi di rappresentanza di     base (COBAR).Art.

60 - Tutela legale.1.

Nei procedimenti a carico di ufficiali o agenti di pubblica sicurezza  o di polizia giudiziaria o dei militari in servizio di pubblica sicurezza,  per  fatti compiuti in servizio anche relativi all'uso delle armi  o  di  altro  mezzo di coazione fisica, continua ad applicarsi l'art.

32  della  legge 22 maggio 1975, n.

152.Art.

61 - Copertura finanziaria.1.",clean,clean
8757,16,29613,"{ principi convenuti nel presente capitolo sono volti a garantire una unifotme applicazione sul
territorio nazionale delle regole sulla formazione nell’apprendistato professionalizzante. 2

La formazione si realizza tramite fa partecipazione a percorsi formativi sia interni che esterni
all'azienda di durata complessiva pari a 120 ore medie annue, comprensive della formazione specifica o
professionalizzante e della formazione finalizzata all'acquisizione delle competenze di base e trasversali.

Le parti nel contratto individuale di apprendistato definiscono il Piano Formativo Individuale (P.E.l.),
che sarà redatto secondo lo schema di cui all'Allegato 7 al presente contratto, nel quale sarà indicata il
percorso formativo per l'acquisizione delle competenze tecnico professionali e specialistiche,.formazione
che sarà. coerente con le qualifiche professionali di destinazione. Tale formazione professionalizzante sarà
non inferiore ad 80 ore medie annue (ivi compresa la formazione teorica iniziale relativa al rischio specifico)
è potrà essere svolta anche on the job e in affiancamento. ;

La formazione professionalizzarite sarà integrata dall'offerta formativa pubblica, interna o esterna
all'azienda, finalizzata all'acquisizione delle competenze di base e trasversali, laddove esistente.

Per l'attivazione dell’apprerdistato professionalizzante e la definizionie dei profili professionali e dei
contenuti della formazione, si fa integrale riferimento all'Allegato 7 al presente contratto.

l'apprendista è tenuto a frequentare regolarmente e con diligenza le iniziative formative esterne e
interne all'azienda.

{n caso di interruzione del rapporto prima del termine il datore di lavoro attesta l'attività formativa
svolta.

Il tutore della formazione svolge le funzioni e riceve la formazione previste dalla fegge.ita funzione
di tutore può essere svolta da un unico referente formativo aziendale «anche nel caso di pluralità di",clean,clean
7852,33,49099,"7.Il  Consiglio con apposita deliberazione potr delegare parte  dei  propripoteri,  cosi  come l'esecuzione di determinati atti, al Presidente  e  alVice Presidente.Il  Consiglio  direttivo  si  riunisce  su  convocazione  del  Presidente,ogniqualvolta questi lo ritenga opportuno o su richiesta di almeno 1/3 deiconsiglieri  in  carica.

La convocazione dovr essere effettuata  a  mezzolettera raccomandata spedita a domicilio del Consigliere almeno 15  giorniprima  della riunione e dovr contenere l'ordine del giorno, il luogo,  ilgiorno, l'ora della riunione, in caso di urgenza il Consiglio potr essereconvocato a mezzo comunicazione telegrafica o via telex o telefax, con  unpreavviso di 48 ore.Per  la validit delle riunioni  necessaria la rappresentanza di tutti  isoci.Alle  riunioni,  e  in  considerazione dell'eventuale particolarit  dellematerie da affrontare, potranno essere invitati ad assistere e riferire  icomponenti dell'Osservatorio provinciale, ove costituito.Le  deliberazioni  sono  validamente  assunte  quando  riportino  il  votofavorevole di almeno i 2/3 pi 1 dei consiglieri presenti.Il  libro  delle adunanze e delle deliberazioni del Consiglio direttivo  tenuto a cura del Presidente.Ai Consiglieri competer, l'indennit di mandato e il rimborso delle spesedocumentate sostenute per l'esercizio delle funzioni.Art.

9 - Presidenza e Vice Presidenza.Il Presidente ha, a tutti gli effetti, la rappresentanza legale dell'Ente;ne ha la firma che pu delegare al Vice Presidente.Il  Presidente ha ogni potere relativo alla esecuzione delle deliberazionidel Consiglio direttivo e della Assemblea e ad esso spetta la supervisionedelle  attivit sociali, nonch la convocazione dell'Assemblea,  ai  sensidell'art.",clean,clean
7166,3,5667,"Le Parti si richiamano all'accordo quadro europeo UNICE-CEEP-CES del 18 marzo 1999 e alle
disposizioni di legge vigenti in cui si prevede che ì contratti a tempo indeterminato sono e continueranno
ad essere la forma comune dei rapporti di lavoro tra i datori di lavoro e i lavoratori. Le parti inoltre
fitengono chie il coritratto di lavoro a tempo determinatò possa contribuire a migliorate la competitività
delle imprese del settore, tramite una migliore flessibilità nella salvaguardia delle esigenze di tutela è dî pari.
apportunità dei lavoratori interessati.

L'assunzione del lavoratore con contratto a tempo determinato avviene a fronte di ragioni di
carattere tecnico, organizzativo, produttive o sostitutivo.

Ai sensi dell'art. 1, comma Ibis, lettera a, del D. Lgs. 06/09/2001 n. 368, è consentita l'apposizione
di tin termine alla durata del contratto in assenza delle ragioni suddette nell'ipotesi del primo rapporto di
lavoro, di durata non superiore a 12 mesì comprensivi dell'eventuale proroga, per lo svolgimento. di
qualunque tipo di mansione. ti

Inolire, ai sensi dell'art, 1, comma 1bis, lettera b, della legge citata, sarà consentita l'apposizione
del termine al contratto di lavoro, per una durata non superiore a 36 mesi comprensivi déll’eventuale
proroga, nelle seguenti ipotesi:

- Assunzione di soggetti comunque percettori di ammortizzatori sociali, nell’ambito della durata
degli stessi;

- Assunzione dî soggetti percettori dell'indennità di mobilità o dell’ASPI;

- Assunzione di giovani dai 30 ai 34 anni;

= Assunzione di soggetti con più di 50 anni se uomini e di 45 anni se donne; }

- Assunzione di soggetti iscritti nelle liste di-cui alla Legge n. 68/1999;

- Assunzione di soggetti con un’invalidità permanente certificata di almeno il 20%;

- Tutte le tipologie di assunzione specificamente individuate néi contratti collettivi aziendali
stipulati con l’assistenza delle 00.SS. territoriali stipulanti il contratto nazioriale.",clean,clean
15403,27,51309,"— per ogni lezione a doppio comando, al di fuori
dell'abilitazione . . . t/4P
— per l'insieme delle lezioni di volo impartite. per
il conseguimento di un brevetto per pilota
privato . . RA . 25P

— per l'insieme delle lezionì di volo impartite per
il conseguimento di un brevetto di pilota pro-
fessionale ./. 0.0  8 P

N.B.: per il conseguimento del brevetto, sia privato che
commerciale, è previsto che venga effettuato l'adde-
stramento su elicotteri scuola e successivamente il
passaggio sull'elicottero desiderato. Pertanto, il pre-
mio totale sì compone del premio relativo al conse
guimento del brevetto (2,5 P oppure 6 P dell'elicottero
Iniziale) più 1 P dell'elicottero sul quale si effettua
la transizione finale.

Voli di trasporto

Per j voli di trasporto e di trasferimento fuori collaudo
effettuati su qualsiasi tipo dl elicottero, verrà pagata una
indennità chilometrica in ragione di L. 85 per chilometro
volato,

Per gli stessi voli, se effettuati di notte, l'indennità chilo-
metrica verrà aumentata del 50%. ] chilometri da conside-
rare per il computo delle predette Indennità sono quelli
risultanti dalle carte aeronautiche di navigazione seguendo
le rotte effettivamente percorse. Detti voli, se Ilmitati ad
un percorso di 100 chilometri, non verranno indennizzati.

Gare, raîds, primati etc.

Per l'esecuzione di voli per gare, raids, primati o per altre
prestazioni aventi carattere di eccezionalità, fermo restando
quanto stabilito nell'art. 4 del contratto, le indennità rela
tive saranno concordate di volta In volta tra le parti in-
teressate.'

— 39

Art.
Art,
Art.
Art.
Art.
Art.
Art.
Art.
Art,
Art.
Art.
Ark,
Art.
Art.
Art.
Art.
Art.
Art.

Art.
Art,
Art.

Art.

Art.
Art.
Art,
Art.

Art.

Art.
Ark

INDICE

1° Assunzione LL
2- Periodo di prova . LL 
3 - Contratto a termine
4 - Mansioni e doveri
5 - Retribuzione
8- Stipendio 0 2/L/.LLL
7- Indennità di volo 0/20. LL.
8 - Aumenti  perlodici
9 - TredlcesIma mensilità .",clean,clean
4770,193,349618,"A tale data  il premio  sar corrisposto in misura       proporzionale  all'effettivo servizio  prestato  presso l'INA  dal 1       giugno 1975.

D) Integrazioni per i Funzionari ex C.C.N.L.

21 luglio 1983:       ai  Funzionari  gi  nominati  al  31  marzo  1983  restano garantite       permanentemente  le seguenti  integrazioni tabellari  in correlazione       alle classi stipendiali sottoindicate:                   Classe                   Integrazione tabellare              (dal 1 gennaio 1988)             (importi annui)                     2                            180.259                     3                            450.459                     4                            708.558                     5                          1.013.757                     6                          1.352.758                     7                          1.716.539                     8                          2.105.520       Ai  Funzionari nominati  fra il  1 aprile  1983 e  il 30 giugno 1984       restano  garantite permanentemente le seguenti integrazioni tabellari       in correlazione alle classi stipendiali sottoindicate:                   Classe                   Integrazione tabellare              (dal 1 gennaio 1988)             (importi annui)                     6                            239.758                     7                            575.339                     8                            934.020 Nota della Segreteria ANIA Secondo quanto stabilito al punto 6 del Verbale d'accordo dell'8.3.1991, le integrazioni  tabellari ""ad personam"" di cui all'art.

153/1 - INA, punto 3, lettera D) devono intendersi aumentate del 20% con decorrenza 1.4.1991.",clean,clean
11814,39,67083,"Il contratto di somministrazione di lavoro a tempo determinato può inoltre essere concluso in tutti i casi di cui al precedente art. 8 qualora non siano reperibili lavoratori, iscritti nelle liste di collocamento della Sezione circoscrizionale territorialmente competente, disponibili all’assunzione a tempo determinato, con le caratteristiche professionali richieste dall’azienda.

I casi di cui punti 1, 3, 6 e 7 del 2° comma non rientrano nelle percentuali massime indicate nella “Normativa comune agli artt. 8 e 8bis”.

Ai sensi dell’art. 20, comma 5 del D. Lgs. n. 276/2003, il contratto di somministrazione di lavoro è vietato:

a)	per la sostituzione di lavoratori che esercitano il diritto di sciopero;
b)	salva diversa disposizione degli accordi sindacali, presso unità produttive nelle quali si sia proceduto, entro i sei mesi precedenti, a licenziamenti collettivi ai sensi degli articoli 4 e 24 della legge 23 luglio 1991 n. 223, che abbiano riguardato lavoratori adibiti alle stesse mansioni cui si riferisce il contratto di somministrazione ovvero presso unità produttive nelle quali sia operante una sospensione dei rapporti o una riduzione dell’orario, con diritto al trattamento di integrazione salariale, che interessino lavoratori adibiti alle stesse mansioni cui si riferisce il contratto di somministrazione;
c)	da parte delle imprese che non abbiano effettuato la valutazione dei rischi ai sensi degli articoli da 28 a 30 del D. Lgs. n. 81/2008.",clean,noisy
18377,6,11975,"13 del CCNL Funzioni locali del 21/5/2018
Incarichi di funzione art.

14 del CCNL Sanità del 21/5/2018
Incarichi di posizione organizzativa artt.

18 e 19 del CCNL Ministeri del 16/2/1999
Incarichi di natura organizzativa e professionale artt.

26 e 27 del CCNL Agenzie fiscali del 28/5/2004
artt.

16 e 17 del CCNL Enti pubblici non economici
Incarichi di posizione organizzativa
del 1/10/2007
Incarichi di natura organizzativa e professionale art.

20 del CCNL Cnel del 18/7/2006
Incarichi di elevata responsabilità art.

55 del CCNL Enac del 19/12/2001
10",clean,noisy
18094,2,3740,"29;
 si riconoscono permessi non retribuiti ai lavoratori che manifestano la volontà di rispettare
festività religiose non contemplate nel vigente CCNL nel limite di 2 festività per anno.

Per i
dipendenti stagionali le suddette giornate lavorative potranno essere recuperate in periodi
temporali diversi."".

TRATTAMENTO DI MALATTIA E INFORTUNIO NON SUL LAVORO (Art.

33)
OPERAI
Al quarto rigo si apporta la seguente modifica:
“Tale importo sarà elevato per il secondo giorno di malattia al 100% della retribuzione normale
netta di cui al suddetto art.

23.”
Al sesto rigo si apporta la seguente modifica:
“A partire dal 2 giorno di malattia e fino al termine della malattia stessa …”
Alla fine dell’articolo si aggiunge, a valere per tutto il personale, quanto segue:
“Nel caso di patologie gravi (uremia cronica, talassemia, emopatie sistematiche, neoplasie) che
richiedono terapie salvavita, i giorni di assenza dal lavoro per sottoporsi a tali terapie,
debitamente certificati dalle competenti ASL o struttura convenzionata, non sono considerati ed
inclusi né ai fini del computo dei periodi di comporto sopra indicati, né ai fini del computo degli
archi temporali di cui ai commi precedenti.”
PARI OPPORTUNITA’ – TUTELA DELLA MATERNITA’ E CONGEDI PARENTALI (Art.

48)
Alla fine dell’articolo si aggiunge il seguente testo:
2
“Al fine di contribuire nella maniera più efficace al processo di conciliazione dei tempi di vita e dei
tempi di lavoro, favorire pari opportunità tra le donne e gli uomini, per tutelare e favorire la
maternità e per creare le condizioni di una paternità sempre più responsabile, si prevede la
possibilità di contrattare a livello locale forme di flessibilità nell’orario di lavoro per i genitori di
figli fino a tre anni o comunque per i genitori che debbano inserire al nido il figlio.",clean,clean
19960,32,60294,"La proposta di rinnovo (piattaforma contrattuale datoriale o sindacale) dovrà pervenire all’altra
parte almeno tre mesi prima della data di scadenza del Contratto o dal termine della proroga.

Durante i tre mesi antecedenti e nei sei mesi successivi alla scadenza del presente Contratto e,
comunque, per un periodo complessivamente pari a nove mesi dalla presentazione della
richiesta di rinnovo, le Parti non assumeranno iniziative unilaterali di sospensione dei benefici
contrattuali o di sciopero.

Nota a verbale
Le Parti, salvo accordo tra le stesse, si impegnano a non sottoscrivere contratti analoghi del
settore con altre associazioni.

Allegato A)
TABELLA DEI MINIMI DI STIPENDIO
(comprensivi dell’ex indennità di contingenza)
I seguenti minimi sono riconosciuti a partire dalla retribuzione del mese di gennaio 2023:
Praticante € 1.376,00
Redattore (con meno di 24
mesi di attività lavorativa nel
settore giornalistico) € 1.502,00
Redattore (con oltre 24 mesi di
attività lavorativa nel settore
giornalistico) € 1.628,00
Capo servizio (o capo area) € 1.680,00
Capo redattore € 1.754,00
Collaboratore redazionale € 1.376,00
Informatore € 100,00
Collaboratore fisso Almeno 2 collaborazioni € 137,00
Almeno 4 collaborazioni € 263,00
Almeno 8 collaborazioni € 525,00
Corrispondente
Regioni e città metropolitane € 767,00
Province e capoluoghi € 525,00
Comuni oltre i 30.000 abitanti € 420,00
non capoluoghi
Comuni fino a 30.000 abitanti € 315,00
Nota a verbale
Ai fini dell’applicazione del presente Contratto la retribuzione giornaliera è pari ad un
ventiseiesimo della retribuzione mensile mentre la retribuzione oraria si ottiene dividendo per
6 (sei) la retribuzione giornaliera.

A tutti i giornalisti in servizio nel periodo di vigenza del Protocollo USPI - CISAL prima dell’ottobre
2022 sarà riconosciuta un’indennità di vacanza contrattuale di euro 20,00 da corrispondere
come EDR con la retribuzione di marzo 2023.",clean,clean
19272,50,81885,"Art. 5
L'Ente istituisce nella gestione del “Fondo per l'indennità di risoluzione del rapporto”
(F.LR.R.) per ciascun agente o rappresentante un conto individuale, in cui annota i versamenti
effettuati dalle ditte sotto la data dell'avvenuta ricezione di essi.
Su detti conti individuali devono essere annotati gli accreditamenti derivanti dall'attribuzione
annuale degli utili netti della gestione 0 da altre cause, nonché gli eventuali addebiti posti a
carico dell'agente 0 rappresentante. Su tali conti verranno altresì accreditati gli interessi - da
ripattuire con l’Istituto - di cui all'art. 1, dedotia la quota utilizzata dall'Ente per la copertura
delle spese di stipulazione e gestione della polizza assicurativa per infortunio e ricovero
ospedaliero, di cui all’art, 12 dell'accordo economico collettivo.
Gli utili netti di cui al comma precedente verranno ripartiti sui singoli conti individuali in
misura percentuale pari all'incidenza dell'utile stesso sull'importo complessivo dei singoli conti
individuali risultante al 31 dicembre dell'anno precedente.

Art. 6
L'Ente, all'atto della istituzione del primo conto di ciascun agente o rappresentante, rilascia
all'interessato un certificato di iscrizione.
Nel trimestre successivo alla data di approvazione del bilancio consuntivo di ciascun esercizio
finanziario, l'Ente trasmette a ciascun iscritto un riepilogo dei conti ad esso intestati nella
gestione “/ndermità per la risoluzione del rapporto” da cui risultino, in relazione a ciascuna ditta
mandante, i versamenti accreditati alla data di chiusura dell'esercizio stesso, comprensivi degli

Pagina 25 di 30

utili e degli interessi accreditati, ai sensi del precedente art. 5.",clean,clean
