id_accordo,ccnl_code,titolo,txt_path,char_count,garbage_ratio,quality_bin
19570,G02G,CCNL Innovazioni,/Users/lukeschreiber/Downloads/Italy/italy_scraping/italy_txts/CCNL Innovazioni (G02G).txt,181820,0.0018,clean
12928,J267,Accordo recante la disciplina pattizia attuativa in Banca d'Italia della L.146/1990 e successive modifiche,"/Users/lukeschreiber/Downloads/Italy/italy_scraping/italy_txts/Accordo cornice in tema di contrattualizzazione del rapporto di impiego del personale della carriera operativa, dei servizi generali e di sicurezza e  (J267).txt",4369,0.0048,clean
17161,H05I,"CCNL per i lavoratori dipendenti delle imprese, anche cooperative, operanti nel settore TURISMO E PUBBLICI ESERCIZI","/Users/lukeschreiber/Downloads/Italy/italy_scraping/italy_txts/CCNL per i lavoratori dipendenti delle imprese, anche cooperative, operanti nel settore TURISMO E PUBBLICI ESERCIZI (H05I).txt",188464,0.0029,clean
20271,H058,Accordo di rinnovo del CCNL Turismo 4 marzo 2010,/Users/lukeschreiber/Downloads/Italy/italy_scraping/italy_txts/Accordo di correzione e integrazione dei testi siglati il 18 luglio 2018 (H058).txt,4771,0.0067,clean
4706,E031,SOTTOPRODOTTI DELLA MACELLAZIONE,/Users/lukeschreiber/Downloads/Italy/italy_scraping/italy_txts/SOTTOPRODOTTI DELLA MACELLAZIONE (E031).txt,88834,0.0,clean
6442,T271,SCUOLE MATERNE NON STATALI,/Users/lukeschreiber/Downloads/Italy/italy_scraping/italy_txts/Accordo integrativo dell'accordo ponte 22 maggio 2012 relativo al CCNL FISM in vigore (T271).txt,1458,0.0055,clean
14996,E024,"CCNL per il personale comunque dipendente da aziende di panificazione anche per attività collaterali e complementari nonché da negozi di vendita al minuto di pane, generi alimentari e vari",/Users/lukeschreiber/Downloads/Italy/italy_scraping/italy_txts/Adeguamenti retributivi CCNL per il personale comunque dipendente da aziende di panificazione anche per attività collaterali e complementari nonché da (E024).txt,1082,0.0111,clean
15323,G016,Ipotesi di accordo per il rinnovo del CCNL Area Comunicazione del 25 ottobre 2010,/Users/lukeschreiber/Downloads/Italy/italy_scraping/italy_txts/CCNL Area Comunicazione - stesura sottoscritta il 18122018 (G016).txt,162076,0.0022,clean
1986,B375,GOMMA E PLASTICA: P.M.I.,/Users/lukeschreiber/Downloads/Italy/italy_scraping/italy_txts/Verbale di Accordo CCNL PMI Plastica e Gomma (B375).txt,31930,0.0095,clean
5192,S651,UNIONCAMERE,/Users/lukeschreiber/Downloads/Italy/italy_scraping/italy_txts/CCNL del personale non dirigente dell'UNIONCAMERE quadriennio normativo 2006-2009 e biennio economico 2006-2007 (S651).txt,61715,0.0046,clean
18901,J251,Verbale di accordo per la sospensione dei termini al 31 dicembre 2018 dei CCNL 31 marzo 2015 (quadri direttivi e aree professionali) e 13 luglio 2015 (dirigenti),"/Users/lukeschreiber/Downloads/Italy/italy_scraping/italy_txts/Accordo 29 febbraio 2012 di proroga del CCNL del 10 gennaio 2008 per i dirigenti dipendenti dalle imprese creditizie, finanziarie e strumentali (J251).txt",9364,0.0041,clean
6143,E015,ALIMENTARISTI: Artigiane,/Users/lukeschreiber/Downloads/Italy/italy_scraping/italy_txts/ALIMENTARISTI Artigiane (E015).txt,144309,0.0,clean
18129,H536,"CCNL per i lavoratori dipendenti dalle imprese del settore acconciatura, estetica, tricologia non curativa, tatuaggi, piercing e centri benessere","/Users/lukeschreiber/Downloads/Italy/italy_scraping/italy_txts/CCNL per i lavoratori dipendenti dalle imprese del settore acconciatura, estetica, tricologia non curativa, tatuaggi, piercing e centri benessere (H536).txt",246792,0.0012,clean
7166,D231,"GIOCATTOLI, MODELLISMO ... : Industrie",/Users/lukeschreiber/Downloads/Italy/italy_scraping/italy_txts/Accordo di rinnovo del CCNL 15 luglio 2010 (D231).txt,36570,0.0054,clean
17051,H03O,"CCNL INTERSETTORIALE: Commercio, Terziario, Distribuzione, Servizi, Pubblici Esercizi e Turismo","/Users/lukeschreiber/Downloads/Italy/italy_scraping/italy_txts/CCNL INTERSETTORIALE Commercio, Terziario, Distribuzione, Servizi, Pubblici Esercizi e Turismo (H03O).txt",301124,0.0038,clean
14908,F03C,"CCNL per i dipendenti dalle piccole e medie industrie esercenti la produzione del cemento, del fibro-cemento, della calce e del gesso","/Users/lukeschreiber/Downloads/Italy/italy_scraping/italy_txts/CCNL per i dipendenti dalle piccole e medie industrie esercenti la produzione del cemento, del fibro-cemento, della calce e del gesso (F03C).txt",410215,0.0025,clean
8606,IC51,TAXI,/Users/lukeschreiber/Downloads/Italy/italy_scraping/italy_txts/TAXI (IC51).txt,39461,0.0001,clean
4644,S831,POLIZIA - PENITENZIARI - FORESTALI,/Users/lukeschreiber/Downloads/Italy/italy_scraping/italy_txts/POLIZIA - PENITENZIARI - FORESTALI (S831).txt,35430,0.0,clean
20876,H475,Accordo sull'indennità di vacanza contrattuale CCNL per i dipendenti di Studi Professionali che amministrano condomini o immobili Società di Servizi Integrati alla proprietà immobiliare,/Users/lukeschreiber/Downloads/Italy/italy_scraping/italy_txts/CCNL per i dipendenti di Studi Professionali che amministrano condomini o immobili Società di Servizi Integrati alla proprietà immobiliare (H475).txt,345878,0.0038,clean
17861,E056,"Accordo 4 ottobre 1962 di parità salariale tra operai ed operaie dell'industria vinicola pura ed acetiera (valevole anche per l'industria dei vini aromatizzati, marsala, spumanti, liquori ecc..)",/Users/lukeschreiber/Downloads/Italy/italy_scraping/italy_txts/CCNL 1 febbraio 1954 per i lavoratori di aziende vinicole pure ed acetiere (E056).txt,107153,0.0074,clean
7285,G351,SPETTACOLO Esercizi Pubblici: Artisti a tempo determinato,/Users/lukeschreiber/Downloads/Italy/italy_scraping/italy_txts/CCNL per il personale artistico scritturato a tempo determinato dai pubblici esercizi con attività di trattenimento e spettacolo (G351).txt,135206,0.0023,clean
10228,J283,Accordo per il rinnovo della parte economica del biennio 2010-2011 del CCNL AGCI-SILCCO del 17.06.2008,/Users/lukeschreiber/Downloads/Italy/italy_scraping/italy_txts/BANCARI Casse Rurali - Credito Cooperativo (Cooperative) (J283).txt,162725,0.0005,clean
18398,A009,ESAARCO CCNL per gli operai agricoli e florovivaisti,/Users/lukeschreiber/Downloads/Italy/italy_scraping/italy_txts/ESAARCO CCNL per gli operai agricoli e florovivaisti (A009).txt,190668,0.0039,clean
19968,H012,Protocollo straordinario di settore,"/Users/lukeschreiber/Downloads/Italy/italy_scraping/italy_txts/Accordo di riordino complessivo della disciplina dell'apprendistato nel settore terziario, distribuzione, servizi tra Confesercenti e UGL Terziario (H012).txt",70170,0.0069,clean
19317,J251,"Verbale di accordo - Accesso alle prestazioni ordinarie del Fondo di solidarietà con causale covid-19 nazionale""""","/Users/lukeschreiber/Downloads/Italy/italy_scraping/italy_txts/Accordo 29 febbraio 2012 di proroga del CCNL del 10 gennaio 2008 per i dirigenti dipendenti dalle imprese creditizie, finanziarie e strumentali (J251).txt",9364,0.0041,clean
20851,F015,Stesura definitiva del CCNL per i lavoratori dipendenti delle imprese artigiane e delle piccole e medie imprese industriali dell'edilizia e affini del 20 maggio 2025,/Users/lukeschreiber/Downloads/Italy/italy_scraping/italy_txts/Accordo di rinnovo del CCNL 30 gennaio 2020 per i lavoratori dipendenti delle imprese artigiane e delle piccole e medie imprese industriali dell'edili (F015).txt,48832,0.0048,clean
20303,T199,CCNL per i dipendenti delle Imprese Sociali e delle Cooperative operanti nel settore della Cultura e dello Spettacolo,/Users/lukeschreiber/Downloads/Italy/italy_scraping/italy_txts/Accordo di modifica e integrazione del CCNL per i dipendenti delle Imprese Sociali e delle Cooperative operanti nel settore della Cultura e dello Spet (T199).txt,8617,0.0028,clean
19304,A016,Verbale di accordo per il rinnovo del CCNL per i dipendenti di cooperative e consorzi agricoli,/Users/lukeschreiber/Downloads/Italy/italy_scraping/italy_txts/AGRICOLTURA Cooperative e Consorzi Agricoli (A016).txt,216775,0.0004,clean
8441,K700,ENTE POSTE ITALIANE (Poste Italiane spa),/Users/lukeschreiber/Downloads/Italy/italy_scraping/italy_txts/Avviso comune in materia di contratti a tempo determinato (K700).txt,5297,0.0083,clean
16786,T254,CCNL a progetto per i docenti delle scuole non statali,/Users/lukeschreiber/Downloads/Italy/italy_scraping/italy_txts/CCNL a progetto per i docenti delle scuole non statali (T254).txt,40184,0.0036,clean
3817,E015,ALIMENTARISTI: Artigiane,/Users/lukeschreiber/Downloads/Italy/italy_scraping/italy_txts/ALIMENTARISTI Artigiane (E015).txt,144309,0.0,clean
8546,F018,EDILI: P.M.I.,/Users/lukeschreiber/Downloads/Italy/italy_scraping/italy_txts/CCNL per gli addetti delle piccole e medie industrie edili ed affini (F018).txt,428177,0.0015,clean
18990,H063,Verbale di accordo per la proroga al 31/12/2019 del CCNL per i dirigenti delle aziende dell'industria alberghiera aderenti ad AICA - Associazione Italiana Confindustria Alberghi,/Users/lukeschreiber/Downloads/Italy/italy_scraping/italy_txts/ALBERGHI Dirigenti Catene Alberghiere (H063).txt,57619,0.0005,clean
18728,V167,CCNL per i dipendenti da Aziende esercenti attività dell'Artigianato e Piccole e Medie Industrie,/Users/lukeschreiber/Downloads/Italy/italy_scraping/italy_txts/CCNL per i dipendenti da Aziende esercenti attività dell'Artigianato e Piccole e Medie Industrie (V167).txt,297545,0.0062,clean
14816,T261,Adesione di UGL al CCNL per la Formazione Professionale vigente (2011-2013),/Users/lukeschreiber/Downloads/Italy/italy_scraping/italy_txts/Adesione di UGL SCUOLA al CCNL per la formazione professionale 20072010 (T261).txt,126025,0.0017,clean
6275,S102,ENTI LOCALI - REGIONI: Dirigenti,/Users/lukeschreiber/Downloads/Italy/italy_scraping/italy_txts/ENTI LOCALI - REGIONI Dirigenti (S102).txt,100265,0.0,clean
19637,A181,Accordo per il rinnovo del CCNL per gli addetti ai lavori di sistemazione idraulico-forestale e idraulico-agraria scaduto il 31 dicembre 2012,/Users/lukeschreiber/Downloads/Italy/italy_scraping/italy_txts/CCNL addetti lavori sistemazione idraulico-forestale e idraulico-agraria IPOTESI DI ACCORDO 7 dicembre 2010 (A181).txt,25450,0.0058,clean
9118,I911,Accordo nazionale per il rinnovo del secondo biennio economico del ccnl 22 gennaio 2003,/Users/lukeschreiber/Downloads/Italy/italy_scraping/italy_txts/Accordo nazionale per il rinnovo del secondo biennio economico del ccnl 22 gennaio 2003 (I911).txt,2350,0.0094,clean
5737,S512,ENTI PUBBLICI NON ECONOMICI: Dirigenti (in S012),/Users/lukeschreiber/Downloads/Italy/italy_scraping/italy_txts/ENTI PUBBLICI NON ECONOMICI Dirigenti (S512).txt,257241,0.0,clean
20151,H501,CCNL lavoro domestico (collaboratori familiari),/Users/lukeschreiber/Downloads/Italy/italy_scraping/italy_txts/CCNL lavoro domestico (collaboratori familiari) (H501).txt,35349,0.006,clean
19073,H03K,"Protocollo aggiuntivo CCNL per i dipendenti da imprese della distribuzione cooperativa (terziario, distribuzione e servizi)","/Users/lukeschreiber/Downloads/Italy/italy_scraping/italy_txts/CCNL per i dipendenti da imprese della distribuzione cooperativa (terziario, distribuzione e servizi) (H03K).txt",229781,0.0042,clean
4172,G041,GIORNALI E QUOTIDIANI: Operai e Impiegati,/Users/lukeschreiber/Downloads/Italy/italy_scraping/italy_txts/CCNL per i dipendenti di aziende editrici e stampatrici di giornali quotidiani e agenzie di stampa (G041).txt,302827,0.0026,clean
12311,F011,Verbale di accordo 19 aprile 2010 per il rinnovo del CCNL 18 giugno 2008 per i lavoratori dipendenti delle imprese edili ed affini,/Users/lukeschreiber/Downloads/Italy/italy_scraping/italy_txts/CCNL 3 dicembre 1969 per gli operai dipendenti delle imprese edili ed affini (F011).txt,163545,0.0045,clean
19832,T080,Protocollo di accordo integrativo al CCNL per il personale non medico delle strutture e cooperative socio sanitarie e assistenziali,/Users/lukeschreiber/Downloads/Italy/italy_scraping/italy_txts/CCNL per il personale non medico delle strutture e cooperative socio sanitarie e assistenziali (T080).txt,181677,0.0019,clean
20823,H50T,CCNL sulla disciplina del rapporto di lavoro domestico,/Users/lukeschreiber/Downloads/Italy/italy_scraping/italy_txts/CCNL sulla disciplina del rapporto di lavoro domestico (H50T).txt,83539,0.0018,clean
18075,B120,CCNL 27 luglio 1964 per gli addetti all'industria della ceramica,/Users/lukeschreiber/Downloads/Italy/italy_scraping/italy_txts/CCNL 1 novembre 1967 per gli addetti all'industria della ceramica (B120).txt,328364,0.0162,clean
6205,I721,MARITTIMI: Dipendenti delle Imprese Portuali (in I5G1),/Users/lukeschreiber/Downloads/Italy/italy_scraping/italy_txts/MARITTIMI Dipendenti delle Imprese Portuali (I721).txt,191275,0.0001,clean
6406,T812,CONSORZI ED ENTI DI INDUSTRIALIZZAZIONE: Dirigenti,/Users/lukeschreiber/Downloads/Italy/italy_scraping/italy_txts/Accordo di rinnovo del CCNL 11 novembre 2016 per i dirigenti dei consorzi di sviluppo industriale (T812).txt,4708,0.003,clean
19615,G165,CCNL per il settore Doppiaggio,/Users/lukeschreiber/Downloads/Italy/italy_scraping/italy_txts/CCNL per il settore Doppiaggio (G165).txt,70581,0.0013,clean
20642,H641,Verbale di accordo per il riconoscimento dell'assistenza sanitaria integrativa al SSN per le figure professionali degli operatori telefonici Outbound,"/Users/lukeschreiber/Downloads/Italy/italy_scraping/italy_txts/Accordo integrativo nazionale del CCNL per Dirigenti, Quadri, Impiegati e Operai dei Servizi di Business Process Outsourcing, Digital Experience e Dat (H641).txt",35311,0.0065,clean
20798,H50X,CCNL sulla disciplina del rapporto di lavoro domestico,/Users/lukeschreiber/Downloads/Italy/italy_scraping/italy_txts/CCNL sulla disciplina del rapporto di lavoro domestico (H50X).txt,94863,0.0027,clean
3116,I012,AUTOFERROTRANVIERI: Dirigenti,/Users/lukeschreiber/Downloads/Italy/italy_scraping/italy_txts/AUTOFERROTRANVIERI Dirigenti (I012).txt,47067,0.0007,clean
20059,I481,Ipotesi di accordo per il rinnovo del CCNL dipendenti delle agenzie marittime raccomandatarie e mediatori marittimi,/Users/lukeschreiber/Downloads/Italy/italy_scraping/italy_txts/AGENZIE MARITTIME E AEREE (I481).txt,109529,0.0001,clean
18751,V25E,Accordo integrativo al CCNL per lavoratori addetti alla conduzione di attrezzature da lavoro del 20/09/2018,/Users/lukeschreiber/Downloads/Italy/italy_scraping/italy_txts/Accordo bileterale di disdetta consensuale del CCNL per lavoratori addetti alla conduzione di attrezzature da lavoro (V25E).txt,1299,0.0069,clean
16505,A183,ESAARCO CCNL per i dipendenti addetti alle attività di sistemazione idraulico forestale e idraulico agraria,/Users/lukeschreiber/Downloads/Italy/italy_scraping/italy_txts/ESAARCO CCNL per i dipendenti addetti alle attività di sistemazione idraulico forestale e idraulico agraria (A183).txt,165303,0.0038,clean
20108,H505,Rinnovo CCNL Colf e Badanti,/Users/lukeschreiber/Downloads/Italy/italy_scraping/italy_txts/CCNL Colf e Badanti (H505).txt,39963,0.0057,clean
20317,K715,"CCNL per i dipendenti delle imprese private esercenti attività di distribuzione, recapito e servizi postali anche in appalto","/Users/lukeschreiber/Downloads/Italy/italy_scraping/italy_txts/CCNL per i dipendenti delle imprese private esercenti attività di distribuzione, recapito e servizi postali anche in appalto (K715).txt",239213,0.0019,clean
15307,S821,"DPR 16 aprile 2009, n. 51 (GU 25 maggio 2009, n. 119 SO) - Recepimento del provvedimento di concertazione per le Forze armate, integrativo del decreto del Presidente della Repubblica 11 settembre 2007, n. 170, relativo al quadriennio normativo 2006-2009 e",/Users/lukeschreiber/Downloads/Italy/italy_scraping/italy_txts/CARABINIERI - GUARDIA DI FINANZA (S821).txt,35430,0.0,clean
9301,A021,Verbale di accordo per il rinnovo del CCNL per i quadri e gli impiegati agricoli del 27 maggio 2004,/Users/lukeschreiber/Downloads/Italy/italy_scraping/italy_txts/AGRICOLTURA Impiegati (A021).txt,116832,0.0,clean
12935,J257,Accordo in tema di copertura delle spese sanitarie per il personale della Banca d'Italia,/Users/lukeschreiber/Downloads/Italy/italy_scraping/italy_txts/Accordo cornice in tema di contrattualizzazione del rapporto di impiego del personale della carriera direttiva (J257).txt,3884,0.0054,clean
2523,C015,METALMECCANICA: Artigiane,/Users/lukeschreiber/Downloads/Italy/italy_scraping/italy_txts/Ipotesi di accordo di rinnovo del CCNL per l'artigianato metalmeccanico e dell'installazione di impianti (C015).txt,15082,0.0021,clean
8696,S321,SCUOLA: Comparto PUBBLICO,/Users/lukeschreiber/Downloads/Italy/italy_scraping/italy_txts/SCUOLA Comparto PUBBLICO (S321).txt,82309,0.0004,clean
3659,H201,FIORI (IMPORT-EXPORT),/Users/lukeschreiber/Downloads/Italy/italy_scraping/italy_txts/FIORI (IMPORT-EXPORT) (H201).txt,160982,0.0002,clean
5564,GI31,IPPICA: Scuderie Cavalli da Corsa al Galoppo,/Users/lukeschreiber/Downloads/Italy/italy_scraping/italy_txts/IPPICA Scuderie Cavalli da Corsa al Galoppo (GI31).txt,65463,0.0,clean
18362,I192,CCNL per il personale dipendente da Società e consorzi concessionari di autostrade e trafori,/Users/lukeschreiber/Downloads/Italy/italy_scraping/italy_txts/AUTOSTRADE E TRAFORI (Societa' e Consorzi Concessionari) (I192).txt,242822,0.0001,clean
15024,K590,"CCNL per i dipendenti delle imprese di FACILITY MANAGEMENT dell'artigianato, delle piccole e medie imprese e della cooperazione",/Users/lukeschreiber/Downloads/Italy/italy_scraping/italy_txts/CCNL per i dipendenti da aziende esercenti attività del settore e per i dipendenti da aziende esercenti attività di FACILITY MANAGEMENT ed affini dell (K590).txt,245220,0.0035,clean
8407,I5C2,MARITTIMI: Uffici Societa' Servizi Locali,"/Users/lukeschreiber/Downloads/Italy/italy_scraping/italy_txts/CCNL 14 giugno 1985 per gli addetti agli uffici delle società esercenti i servizi marittimi, postali e commerciali di carattere locale CAREMAR-SIREMAR (I5C2).txt",63051,0.0037,clean
1954,G319,TEATRI STABILI/ETI: Personale non Artistico,/Users/lukeschreiber/Downloads/Italy/italy_scraping/italy_txts/Accordo per il rinnovo del CCNL 1372005 per gli impiegati e gli operai dipendenti dai Teatri stabili pubblici e dai Teatri gestiti dall'ETI (G319).txt,38950,0.0096,clean
18653,G121,Avviso comune del 26/3/2009,/Users/lukeschreiber/Downloads/Italy/italy_scraping/italy_txts/Avviso comune del 2632009 (G121).txt,1234,0.0089,clean
4193,I241,MAGAZZINI GENERALI: Dirigenti,"/Users/lukeschreiber/Downloads/Italy/italy_scraping/italy_txts/Accordo Ponte CCNL 21 luglio 1995 e successive modifiche per i dirigenti delle imprese di logistica, magazzini generali, terminal operators portuali,  (I241).txt",2379,0.0164,clean
19758,T281,CCNL per il personale non docente della Pontificia Università Gregoriana,/Users/lukeschreiber/Downloads/Italy/italy_scraping/italy_txts/CCNL per il personale tecnico e amministrativo della Pontificia Università Gregoriana (T281).txt,69761,0.0059,clean
12954,J257,Accordo in tema di contrattualizzazione del rapporto di impiego del personale della carriera direttiva,/Users/lukeschreiber/Downloads/Italy/italy_scraping/italy_txts/Accordo cornice in tema di contrattualizzazione del rapporto di impiego del personale della carriera direttiva (J257).txt,3884,0.0054,clean
16997,G011,Accordo per il rinnovo del CCNL per i dipendenti delle aziende grafiche ed affini e delle aziende editoriali anche multimediali,/Users/lukeschreiber/Downloads/Italy/italy_scraping/italy_txts/Accordo per il rinnovo del CCNL per i dipendenti delle aziende grafiche ed affini e delle aziende editoriali anche multimediali (G011).txt,106183,0.0018,clean
19743,E083,CCNL per i soci ed i dipendenti delle cooperative pesca ed acquacoltura e loro consorzi,/Users/lukeschreiber/Downloads/Italy/italy_scraping/italy_txts/CCNL per i soci ed i dipendenti delle cooperative pesca ed acquacoltura e loro consorzi (E083).txt,275265,0.0035,clean
3202,J2D1,ABI: Personale Direttivo (in J251),/Users/lukeschreiber/Downloads/Italy/italy_scraping/italy_txts/ABI Personale Direttivo (in J251) (J2D1).txt,19531,0.0001,clean
9593,D051,Interpretazione congiunta dell'art. 35 punto 3 dei CCNL Tessili Vari e Filatura Serica/Torcitori (orario di lavoro - norme particolari per la torcitura),/Users/lukeschreiber/Downloads/Italy/italy_scraping/italy_txts/CCNL per gli addetti ai settori industriali della filatura serica e dei torcitori della seta e dei fili artificiali e sintetici (D051).txt,522373,0.0044,clean
9082,D121,Accordo di rinnovo della parte economica del ccnl 18 maggio 2004 per i lavoratori dell'industria delle calzature,/Users/lukeschreiber/Downloads/Italy/italy_scraping/italy_txts/CALZATURE Industrie (D121).txt,283052,0.0001,clean
8032,K511,PULIZIA: Imprese,"/Users/lukeschreiber/Downloads/Italy/italy_scraping/italy_txts/Accordo integrativo all'accordo di rinnovo del CCNL servizi di pulizia, servizi integratimultiservizi del 13 giugno 2025 (K511).txt",9104,0.0164,clean
1990,K151,ACQUEDOTTI PRIVATI,/Users/lukeschreiber/Downloads/Italy/italy_scraping/italy_txts/CCNL per i lavoratori dipendenti dalle aziende acquedottistiche private (K151).txt,164959,0.003,clean
20386,A016,Verbale di accordo per il rinnovo del CCNL per i dipendenti di cooperative e consorzi agricoli,/Users/lukeschreiber/Downloads/Italy/italy_scraping/italy_txts/AGRICOLTURA Cooperative e Consorzi Agricoli (A016).txt,216775,0.0004,clean
20926,E01L,CCNL per il settore Alimentare,/Users/lukeschreiber/Downloads/Italy/italy_scraping/italy_txts/CCNL Alimentaristi (E01L).txt,164896,0.0015,clean
18765,T148,"CCNL per i dipendenti e soci delle cooperative sociali esercenti attività nel settore socio sanitario, assistenziale, educativo e inserimento lavorativo","/Users/lukeschreiber/Downloads/Italy/italy_scraping/italy_txts/CCNL per i dipendenti e soci delle cooperative sociali esercenti attività nel settore socio sanitario, assistenziale, educativo e inserimento lavorati (T148).txt",380406,0.0113,clean
17247,F087,Addendum al CCNL per i dipendenti di imprese Edili e affini,/Users/lukeschreiber/Downloads/Italy/italy_scraping/italy_txts/Addendum al CCNL per i dipendenti di imprese Edili e affini (F087).txt,28264,0.0009,clean
6200,H501,LAVORO DOMESTICO,/Users/lukeschreiber/Downloads/Italy/italy_scraping/italy_txts/CCNL lavoro domestico (collaboratori familiari) (H501).txt,35349,0.006,clean
19181,H01N,"Accordo modificativo del CCNL per i dipendenti del terziario: Commercio, Distribuzione e Servizi del 1 luglio 2013 - cod. Inps 413""""","/Users/lukeschreiber/Downloads/Italy/italy_scraping/italy_txts/Accordo integrativo in materia retributiva del CCNL PER I DIPENDENTI DEL TERZIARIO COMMERCIO, DISTRIBUZIONE E SERVIZI del 1° luglio 2013 (H01N).txt",3805,0.0089,clean
12990,J257,Accordo negoziale in tema di codice etico per il personale della Banca d'Italia,/Users/lukeschreiber/Downloads/Italy/italy_scraping/italy_txts/Accordo cornice in tema di contrattualizzazione del rapporto di impiego del personale della carriera direttiva (J257).txt,3884,0.0054,clean
18235,H05D,Accordo di rinnovo del CCNL per i dipendenti del Turismo e dei Pubblici Esercizi,/Users/lukeschreiber/Downloads/Italy/italy_scraping/italy_txts/CCNL per i dipendenti del Turismo e dei Pubblici Esercizi (H05D).txt,403826,0.0013,clean
19436,J251,"Verbale di riunione - Integrazione al Protocollo condiviso del 28 aprile 2020, e successive integrazioni, recante Misure di prevenzione, contrasto e contenimento della diffusione del virus Covid-19 per garantire l’erogazione dei servizi del settore bancar","/Users/lukeschreiber/Downloads/Italy/italy_scraping/italy_txts/Accordo 29 febbraio 2012 di proroga del CCNL del 10 gennaio 2008 per i dirigenti dipendenti dalle imprese creditizie, finanziarie e strumentali (J251).txt",9364,0.0041,clean
9114,I911,CCNL per gli addetti agli impianti di trasporto a fune,/Users/lukeschreiber/Downloads/Italy/italy_scraping/italy_txts/Accordo nazionale per il rinnovo del secondo biennio economico del ccnl 22 gennaio 2003 (I911).txt,2350,0.0094,clean
13193,C016,CCNL per gli addetti alle aziende cooperative metalmeccaniche,/Users/lukeschreiber/Downloads/Italy/italy_scraping/italy_txts/CCNL per gli addetti alle aziende cooperative metalmeccaniche (C016).txt,585554,0.0035,clean
19863,D027,"Accordo integrativo e modificativo del CCNL MODA - Pelletteria, Calzaturiero, Tessile e Abbigliamento ed Affini, Chimica, Ceramica del 09/12/2020","/Users/lukeschreiber/Downloads/Italy/italy_scraping/italy_txts/Accordo integrativo e modificativo del CCNL MODA - Pelletteria, Calzaturiero, Tessile e Abbigliamento ed Affini, Chimica, Ceramica del 09122020 (D027).txt",21733,0.0042,clean
7266,G311,TEATRI: Personale non Artistico,/Users/lukeschreiber/Downloads/Italy/italy_scraping/italy_txts/CCNL 2531982 per gli impiegati e gli operai dipendenti dagli esercizi teatrali (G311).txt,117560,0.002,clean
19803,B282,Ipotesi di Accordo di rinnovo del CCNL Attività Minerarie 11 aprile 2019,/Users/lukeschreiber/Downloads/Italy/italy_scraping/italy_txts/Ipotesi di Accordo per il rinnovo del CCNL Attività Minerarie (B282).txt,17268,0.0025,clean
3677,C011,METALMECCANICA: Industrie,/Users/lukeschreiber/Downloads/Italy/italy_scraping/italy_txts/CCNL 15 ottobre 2009 per i lavoratori addetti all'industria metalmeccanica privata e alla installazione di impianti (C011).txt,468252,0.0035,clean
20629,H50Y,Verbale di accordo per adesione al CCNL assistenti familiari in vigore dal 01/02/2023,/Users/lukeschreiber/Downloads/Italy/italy_scraping/italy_txts/CCNL assistenti familiari (H50Y).txt,77255,0.0041,clean
20982,B371,"Ipotesi di Accordo per il rinnovo del CCNL 26 gennaio 2023 per gli addetti all'industria della gomma, cavi elettrici ed affini e all'industria delle materie plastiche","/Users/lukeschreiber/Downloads/Italy/italy_scraping/italy_txts/Accordo 26 gennaio 2023 di rinnovo del CCNL 16 settembre 2020 per gli addetti all'industria della gomma, cavi elettrici ed affini e all'industria dell (B371).txt",36836,0.0052,clean
18241,H05D,Testo contrattuale completo con le modifiche apportate dall'Accordo di rinnovo del CCNL per i dipendenti del Turismo e dei Pubblici Esercizi,/Users/lukeschreiber/Downloads/Italy/italy_scraping/italy_txts/CCNL per i dipendenti del Turismo e dei Pubblici Esercizi (H05D).txt,403826,0.0013,clean
20043,A059,"Protocollo d'intesa per la sottoscrizione per adesione alla firma del CCNL delle aziende del settore Agricoltura, micro, piccole e medie imprese e cooperative","/Users/lukeschreiber/Downloads/Italy/italy_scraping/italy_txts/CCNL per i lavoratori delle aziende del settore Agricoltura, micro, piccole e medie imprese e cooperative (A059).txt",197738,0.004,clean
20627,D121,Ipotesi di accordo di rinnovo del CCNL per i lavoratori addetti all'industria delle calzature,/Users/lukeschreiber/Downloads/Italy/italy_scraping/italy_txts/CALZATURE Industrie (D121).txt,283052,0.0001,clean
13108,S111,CCNL dei segretari comunali e provinciali biennio economico 2008-2009,/Users/lukeschreiber/Downloads/Italy/italy_scraping/italy_txts/Ipotesi di accordo sull'interpretazione autentica dell'articolo 31 del CCNL dei segretari comunali e provinciali del 1652001 (S111).txt,6560,0.0063,clean
7667,K721,SERVIZI POSTALI IN APPALTO,/Users/lukeschreiber/Downloads/Italy/italy_scraping/italy_txts/CCNL per imprese esercenti servizi postali in appalto (K721).txt,276934,0.0013,clean
14564,K557,CCNL per i dipendenti da aziende artigiane di pulimento e multiservizi,/Users/lukeschreiber/Downloads/Italy/italy_scraping/italy_txts/CCNL per i dipendenti da aziende artigiane di pulimento e multiservizi (K557).txt,252712,0.0031,clean
8782,H505,COLF e BADANTI,/Users/lukeschreiber/Downloads/Italy/italy_scraping/italy_txts/CCNL Colf e Badanti (H505).txt,39963,0.0057,clean
7740,H442,STUDI Professionali,/Users/lukeschreiber/Downloads/Italy/italy_scraping/italy_txts/Ipotesi di Accordo CCNL per i dipendenti degli Studi Professionali (H442).txt,77811,0.0044,clean
4621,S311,ENTI DI RICERCA,/Users/lukeschreiber/Downloads/Italy/italy_scraping/italy_txts/CCNL del personale non dirigente del comparto delle Istituzioni e degli Enti di Ricerca e Sperimentazione per il quadriennio normativo 2006-2009 ed il (S311).txt,27559,0.0076,clean
18522,C011,Verbale di incontro sui minimi tabellari dal 1° giugno 2017 al 31 maggio 2018,/Users/lukeschreiber/Downloads/Italy/italy_scraping/italy_txts/CCNL 15 ottobre 2009 per i lavoratori addetti all'industria metalmeccanica privata e alla installazione di impianti (C011).txt,468252,0.0035,clean
9944,F01D,Accordo di rinnovo della perte economica del CCNL per i soci e dipendenti delle Cooperative del settore EDILE ed affini stipulato il 6/12/2006,/Users/lukeschreiber/Downloads/Italy/italy_scraping/italy_txts/Accordo di rinnovo della perte economica del CCNL per i soci e dipendenti delle Cooperative del settore EDILE ed affini stipulato il 6122006 (F01D).txt,5068,0.0018,clean
4225,G022,CARTARIE E CARTOTECNICHE: Industrie,"/Users/lukeschreiber/Downloads/Italy/italy_scraping/italy_txts/Accordo 4112009 per il rinnovo del CCNL per le aziende esercenti l'industria della carta e cartone, della cellulosa, pasta legno, fibra vulcanizzata e (G022).txt",33991,0.0024,clean
20781,I320,CCNL della Mobilità / Area contrattuale Attività Ferroviarie del 22 maggio 2025 di rinnovo del CCNL Mobilità/Area AF del 22 marzo 2022,/Users/lukeschreiber/Downloads/Italy/italy_scraping/italy_txts/Accordo (I320).txt,3126,0.0051,clean
3174,B282,MINERO-METALLURGICHE: Industrie,/Users/lukeschreiber/Downloads/Italy/italy_scraping/italy_txts/Ipotesi di Accordo per il rinnovo del CCNL Attività Minerarie (B282).txt,17268,0.0025,clean
1132,H011,COMMERCIO E SERVIZI,"/Users/lukeschreiber/Downloads/Italy/italy_scraping/italy_txts/Accordo di rinnovo CCNL Terziario, Distribuzione e Servizi (H011).txt",5553,0.0058,clean
1996,T271,SCUOLE MATERNE NON STATALI,/Users/lukeschreiber/Downloads/Italy/italy_scraping/italy_txts/Accordo integrativo dell'accordo ponte 22 maggio 2012 relativo al CCNL FISM in vigore (T271).txt,1458,0.0055,clean
18365,F01W,CCNL per i dipendenti impiegati nei comparti Edilizia Piccole e Medie Imprese,/Users/lukeschreiber/Downloads/Italy/italy_scraping/italy_txts/CCNL per i dipendenti impiegati nei comparti Edilizia Piccole e Medie Imprese (F01W).txt,78365,0.0008,clean
7288,G501,AZIENDE AEROFOTOGRAMMETRICHE,/Users/lukeschreiber/Downloads/Italy/italy_scraping/italy_txts/AZIENDE AEROFOTOGRAMMETRICHE (G501).txt,58181,0.0001,clean
13469,F058,"Verbale di accordo 19 luglio 2010 per il CCNL per gli addetti dell'industria del legno, del sughero, del mobile e dell'arredamento e per le industrie boschive e forestali","/Users/lukeschreiber/Downloads/Italy/italy_scraping/italy_txts/Accordo per il rinnovo per il CCNL del 22 settembre 2004 a valere per gli addetti dell'industria del legno, del sughero, del mobile e dell'arredamento (F058).txt",59144,0.0072,clean
20914,H03F,"CCNL per i dipendenti da Aziende esercenti attività del Commercio, Turismo e Servizi","/Users/lukeschreiber/Downloads/Italy/italy_scraping/italy_txts/CCNL per i dipendenti da Aziende esercenti attività del Commercio, Turismo e Servizi (H03F).txt",224487,0.0038,clean
20508,H011,"Accordo integrativo al CCNL del Terziario, Distribuzione e Servizi del 22 marzo 2024 sui profili formativi e le nuove figure professionali per l'assunzione con contratto di apprendistato","/Users/lukeschreiber/Downloads/Italy/italy_scraping/italy_txts/Accordo di rinnovo CCNL Terziario, Distribuzione e Servizi (H011).txt",5553,0.0058,clean
20018,V730,CCNL INTERSETTORIALE Logistica e trasporti e PMI artigiane,/Users/lukeschreiber/Downloads/Italy/italy_scraping/italy_txts/CCNL INTERSETTORIALE Logistica e trasporti e PMI artigiane (V730).txt,8435,0.0031,clean
9807,J131,Ipotesi di accordo del 27 marzo 2009,/Users/lukeschreiber/Downloads/Italy/italy_scraping/italy_txts/ASSICURAZIONI Dipendenti (AISA-AISSA) (J131).txt,138156,0.0006,clean
14844,E032,CCNL SETTORE ALIMENTAZIONE E PANIFICAZIONE per i lavoratori dipendenti delle aziende del settore Artigianato alimentare e Panificazione,/Users/lukeschreiber/Downloads/Italy/italy_scraping/italy_txts/CCNL SETTORE ALIMENTAZIONE E PANIFICAZIONE per i lavoratori dipendenti delle aziende del settore Artigianato alimentare e Panificazione (E032).txt,61710,0.007,clean
20933,B104,Verbale di adesione al CCNL Concia Pelli e Cuoio,"/Users/lukeschreiber/Downloads/Italy/italy_scraping/italy_txts/CCNL per i dirigenti, quadri, impiegati e operai dipendenti del settore Concia Pelli e Cuoio (B104).txt",888687,0.0068,clean
7738,I731,MARITTIMI: Uffici e Terminals,/Users/lukeschreiber/Downloads/Italy/italy_scraping/italy_txts/CCNL per gli addetti agli uffici ed ai terminals delle società e aziende di navigazione che esercitano l'armamento privato (I731).txt,107155,0.0061,clean
8209,B375,GOMMA E PLASTICA: P.M.I.,/Users/lukeschreiber/Downloads/Italy/italy_scraping/italy_txts/Verbale di Accordo CCNL PMI Plastica e Gomma (B375).txt,31930,0.0095,clean
8482,T521,CASSA DEPOSITI E PRESTITI SpA,/Users/lukeschreiber/Downloads/Italy/italy_scraping/italy_txts/CASSA DEPOSITI E PRESTITI SpA (T521).txt,108566,0.0004,clean
15087,E012,Rinnovo delle disposizioni specifiche per gli addetti all'industria olearia e margariniera del CCNL dell'industria alimentare 21 luglio 2007,/Users/lukeschreiber/Downloads/Italy/italy_scraping/italy_txts/ALIMENTARISTI Industrie (E012).txt,451179,0.0002,clean
18771,V925,"CCNL per i lavoratori dipendenti delle Organizzazioni Sindacali Nazionali e Territoriali, di rappresentanza e di categoria delle Associazioni anche di settore e degli Enti loro partecipati, promossi e collegati","/Users/lukeschreiber/Downloads/Italy/italy_scraping/italy_txts/Verbale integrativo del CCNL per i lavoratori dipendenti delle Organizzazioni Sindacali Nazionali e Territoriali, di rappresentanza e di categoria del (V925).txt",3166,0.0054,clean
20420,S251,Ipotesi di ACN per il rafforzamento delle attività territoriali di diagnostica di primo livello e di prevenzione della trasmissione di SARS-Cov-2,/Users/lukeschreiber/Downloads/Italy/italy_scraping/italy_txts/Ipotesi di ACN per il rafforzamento delle attività territoriali di diagnostica di primo livello e di prevenzione della trasmissione di SARS-Cov-2 (S251).txt,20675,0.0081,clean
16569,T096,ESAARCO CCNL per il personale dipendente da residenze sanitarie assistenziali (RSA) e dalle altre strutture residenziali e socio-assistenziali,/Users/lukeschreiber/Downloads/Italy/italy_scraping/italy_txts/ESAARCO CCNL per il personale dipendente da residenze sanitarie assistenziali (RSA) e dalle altre strutture residenziali e socio-assistenziali (T096).txt,147175,0.0035,clean
18844,T511,Ipotesi di accordo per la stipula del CCNL 2016-2018 dei dipendenti del Gruppo ANAS,/Users/lukeschreiber/Downloads/Italy/italy_scraping/italy_txts/ANAS (Ente Nazionale per le Strade) (T511).txt,141996,0.0,clean
1526,J121,ASSICURAZIONI: Dipendenti (ANIA),/Users/lukeschreiber/Downloads/Italy/italy_scraping/italy_txts/ASSICURAZIONI Dipendenti (ANIA) (J121).txt,365319,0.0,clean
8008,A181,SISTEMAZIONI IDRAULICO FORESTALI,/Users/lukeschreiber/Downloads/Italy/italy_scraping/italy_txts/CCNL addetti lavori sistemazione idraulico-forestale e idraulico-agraria IPOTESI DI ACCORDO 7 dicembre 2010 (A181).txt,25450,0.0058,clean
20261,H011,"Ipotesi di accordo di rinnovo del CCNL Terziario, Distribuzione e Servizi","/Users/lukeschreiber/Downloads/Italy/italy_scraping/italy_txts/Accordo di rinnovo CCNL Terziario, Distribuzione e Servizi (H011).txt",5553,0.0058,clean
14862,E023,"Accordo di rinnovo del CCNL per il personale comunque dipendente da aziende di panificazione anche per attività collaterali e complementari, nonché da negozi di vendita al minuto di pane, generi alimentari e vari",/Users/lukeschreiber/Downloads/Italy/italy_scraping/italy_txts/Accordo di rinnovo dei CCNL del 19 luglio 2005 e del 20 luglio 2005 per il personale comunque dipendente da aziende di panificazione (E023).txt,53899,0.0024,clean
5775,E064,CENTRALI DEL LATTE: Municipalizzate,/Users/lukeschreiber/Downloads/Italy/italy_scraping/italy_txts/Accordo Nazionale 12 marzo 1964 per il rinnovo del CCNL 23 giugno 1961 per i dipendenti da AZIENDE MUNICIPALIZZATE CENTRALI DEL LATTE (E064).txt,23043,0.003,clean
7783,J282,BANCARI: Casse Rurali - Credito Cooperativo: Dirigenti (Cooperative),/Users/lukeschreiber/Downloads/Italy/italy_scraping/italy_txts/CCNL di secondo livello integrativo del CCNL 17 giugno 2008 e successivi accordi per la dirigenza del credito cooperativo (J282).txt,7386,0.006,clean
18850,C070,"CCNL per Dirigenti, Quadri, Impiegati e Operai dipendenti dei Settori Metalmeccanico, Installazione d'Impianti e Odontotecnico",/Users/lukeschreiber/Downloads/Italy/italy_scraping/italy_txts/Accordo per la disciplina del lavoro agile (C070).txt,4910,0.011,clean
6878,H052,TURISMO (AZIENDE CONFCOMMERCIO),/Users/lukeschreiber/Downloads/Italy/italy_scraping/italy_txts/Accordo intervento straordinario bilateralità turismo (H052).txt,16495,0.0158,clean
9264,H525,"CCNL per i dipendenti delle Aziende Artigiane di parrucchieri, barbieri ed estetica","/Users/lukeschreiber/Downloads/Italy/italy_scraping/italy_txts/CCNL per i dipendenti delle aziende artigiane di parrucchieri, barbieri ed estetica (H525).txt",206572,0.0051,clean
13357,T275,Adesione al CCNL per i dipendenti dagli Enti di formazione professionale,/Users/lukeschreiber/Downloads/Italy/italy_scraping/italy_txts/Adesione al CCNL per i dipendenti dagli Enti di formazione professionale (T275).txt,3314,0.0009,clean
11175,E023,Accordo di rinnovo dei CCNL del 19 luglio 2005 e del 20 luglio 2005 per il personale comunque dipendente da aziende di panificazione,/Users/lukeschreiber/Downloads/Italy/italy_scraping/italy_txts/Accordo di rinnovo dei CCNL del 19 luglio 2005 e del 20 luglio 2005 per il personale comunque dipendente da aziende di panificazione (E023).txt,53899,0.0024,clean
15347,K554,"CCNL per i dipendenti delle PMI e i soci e dipendenti delle Cooperative esrcenti servizi di pulizia facchinaggio, igiene ambientale ed ausiliari nonché servizi integrativi multiservizi ai vari settori merceologici","/Users/lukeschreiber/Downloads/Italy/italy_scraping/italy_txts/CCNL per i dipendenti delle PMI e i soci e dipendenti delle Cooperative esrcenti servizi di pulizia facchinaggio, igiene ambientale ed ausiliari nonch (K554).txt",166705,0.0031,clean
8036,A151,CONSORZI AGRARI: Dirigenti,/Users/lukeschreiber/Downloads/Italy/italy_scraping/italy_txts/CCNL 4 dicembre 2009 per i dirigenti dei Consorzi Agrari (A151).txt,36618,0.0054,clean
19907,H011,Protocollo straordinario di settore,"/Users/lukeschreiber/Downloads/Italy/italy_scraping/italy_txts/Accordo di rinnovo CCNL Terziario, Distribuzione e Servizi (H011).txt",5553,0.0058,clean
18481,G016,Verbale Integrativo Accordo di rinnovo del CCNL Area Comunicazione 27 febbraio 2018,/Users/lukeschreiber/Downloads/Italy/italy_scraping/italy_txts/CCNL Area Comunicazione - stesura sottoscritta il 18122018 (G016).txt,162076,0.0022,clean
8530,D290,"CONTO TERZISTI, A FACON: PMI, Cooperative","/Users/lukeschreiber/Downloads/Italy/italy_scraping/italy_txts/CONTO TERZISTI, A FACON PMI, Cooperative (D290).txt",122868,0.0,clean
19215,C063,CCNL per i dipendenti addetti alle piccole e medie imprese metalmeccaniche e di installazione di impianti,/Users/lukeschreiber/Downloads/Italy/italy_scraping/italy_txts/CCNL per i dipendenti addetti alle piccole e medie imprese metalmeccaniche e di installazione di impianti (C063).txt,393478,0.0017,clean
18100,D121,CCNL 25 maggio 1961 da valere per gli appartenenti alle categorie speciali (intermedi) delle industria delle calzature,/Users/lukeschreiber/Downloads/Italy/italy_scraping/italy_txts/CALZATURE Industrie (D121).txt,283052,0.0001,clean
6453,B122,PIASTRELLE E REFRATTARI: Industrie,/Users/lukeschreiber/Downloads/Italy/italy_scraping/italy_txts/Accordo 2212008 per le imprese dei settori CERAMICA e per i lavoratori dalle stesse dipendenti (B122).txt,3331,0.0063,clean
20664,V91A,Protocollo di adesione al CCNL per i dipendenti e i soci lavoratori delle Associazioni ed altre organizzazioni del terzo settore (cod. CNEL V91A) e di intesa in materia di relazioni industriali,/Users/lukeschreiber/Downloads/Italy/italy_scraping/italy_txts/CCNL per i dipendenti e i soci lavoratori delle Associazioni ed altre organizzazioni del terzo settore (V91A).txt,118006,0.001,clean
9250,S111,CCNL dei segretari comunali e provinciali per il biennio economico 2004-2005,/Users/lukeschreiber/Downloads/Italy/italy_scraping/italy_txts/Ipotesi di accordo sull'interpretazione autentica dell'articolo 31 del CCNL dei segretari comunali e provinciali del 1652001 (S111).txt,6560,0.0063,clean
18694,J271,Accordo di rinnovo del CCNL 21 dicembre 2012 per i quadri direttivi e il personale delle aree professionali delle Banche di Credito Cooperativo - Casse Rurali ed Artigiane,/Users/lukeschreiber/Downloads/Italy/italy_scraping/italy_txts/Accordo di rinnovo del CCNL 11 giugno 2022 per i quadri direttivi e il personale delle aree professionali delle Banche di Credito Cooperativo - Casse  (J271).txt,60120,0.0056,clean
14401,H077,CCNL per i dipendenti dalle imprese ed enti di gestione di impianti sportivi ,/Users/lukeschreiber/Downloads/Italy/italy_scraping/italy_txts/CCNL degli impianti e delle attività sportive profit e no profit (H077).txt,181268,0.0005,clean
13934,G031,Verbale di accordo 13 luglio 2011 per il rinnovo della parte economica del contratto nazionale di lavoro giornalistico,/Users/lukeschreiber/Downloads/Italy/italy_scraping/italy_txts/Contratto nazionale di lavoro giornalistico (G031).txt,92925,0.0031,clean
3643,I361,FERROVIE: Addetti ai Servizi in appalto,/Users/lukeschreiber/Downloads/Italy/italy_scraping/italy_txts/FERROVIE Addetti ai Servizi in appalto (I361).txt,142023,0.0,clean
7852,H017,COMMERCIO E SERVIZI: Piccole Imprese,/Users/lukeschreiber/Downloads/Italy/italy_scraping/italy_txts/COMMERCIO E SERVIZI Piccole Imprese (H017).txt,56260,0.0156,clean
7921,G011,EDITORIA E GRAFICA: Industrie,/Users/lukeschreiber/Downloads/Italy/italy_scraping/italy_txts/Accordo per il rinnovo del CCNL per i dipendenti delle aziende grafiche ed affini e delle aziende editoriali anche multimediali (G011).txt,106183,0.0018,clean
6889,H063,ALBERGHI: Dirigenti Catene Alberghiere,/Users/lukeschreiber/Downloads/Italy/italy_scraping/italy_txts/ALBERGHI Dirigenti Catene Alberghiere (H063).txt,57619,0.0005,clean
17272,D011,CCNL 27 aprile 1965 per i lavoratori addetti all'industria delle confezioni in serie,/Users/lukeschreiber/Downloads/Italy/italy_scraping/italy_txts/CCNL 27 aprile 1965 per i lavoratori addetti all'industria delle confezioni in serie (D011).txt,251707,0.0091,clean
17660,K601,3° CCNL del personale non dirigente della CONI SERVIZI SPA e delle Federazioni sportive nazionali,/Users/lukeschreiber/Downloads/Italy/italy_scraping/italy_txts/2° CCNL del personale non dirigente della CONI SERVIZI SPA e delle Federazioni sportive nazionali (K601).txt,230315,0.0055,clean
1974,I411,MARITTIMI: Ufficiali Radiotelegrafisti,/Users/lukeschreiber/Downloads/Italy/italy_scraping/italy_txts/MARITTIMI Ufficiali Radiotelegrafisti (I411).txt,6756,0.0,clean
8818,S713,ENAC (Ente Nazionale Aviazione Civile),/Users/lukeschreiber/Downloads/Italy/italy_scraping/italy_txts/CCNL successivo al ccnl per il personale non dirigente dell'ENAC quadriennio normativo 2002-2005 e biennio economico 2002-2003 (S713).txt,53858,0.0076,clean
20129,H526,"Accordo consensuale di disdetta dal CCNL per i dipendenti da aziende artigiane di parrucchieri, barbieri ed estetisti","/Users/lukeschreiber/Downloads/Italy/italy_scraping/italy_txts/Accordo consensuale di disdetta dal CCNL per i dipendenti da aziende artigiane di parrucchieri, barbieri ed estetisti (H526).txt",1603,0.0006,clean
17007,I391,Verbale di Accordo per il rinnovo dei CCNL del settore marittimo,/Users/lukeschreiber/Downloads/Italy/italy_scraping/italy_txts/CCNL per il settore privato dell'industria armatoriale (I391).txt,1354369,0.0051,clean
9731,S511,CCNL per il personale non dirigente del comparto degli Enti Pubblici non Economici biennio economico 2008-2009,/Users/lukeschreiber/Downloads/Italy/italy_scraping/italy_txts/CCNL relativo al personale non dirigente del comparto ENTI PUBBLICI NON ECONOMICI per il quadriennio normativo 2006-2009 e biennio economico 2006-2007 (S511).txt,92344,0.0055,clean
20332,T27V,CCNL per i dipendenti delle strutture ed enti di formazione,/Users/lukeschreiber/Downloads/Italy/italy_scraping/italy_txts/CCNL per i dipendenti delle strutture ed enti di formazione (T27V).txt,227307,0.0023,clean
7063,H091,AGENTI DI COMMERCIO (Sett. Commercio),/Users/lukeschreiber/Downloads/Italy/italy_scraping/italy_txts/Accordo Economico Collettivo per la disciplina del rapporto di Agenzia e rappresentanza commerciale del settore del commercio Testo Unico 16 febbraio  (H091).txt,79410,0.0012,clean
19597,K051,Appendice al CCNL 9 ottobre 2019 per i lavoratori addetti al settore elettrico,/Users/lukeschreiber/Downloads/Italy/italy_scraping/italy_txts/Accordo per il rinnovo del CCNL 18 febbraio 2013 per i lavoratori addetti al settore elettrico (K051).txt,85355,0.0036,clean
17349,G111,CCNL 10 maggio 1963 per i dipendenti da case di  sviluppo e stampa di pellicole cinematografiche,/Users/lukeschreiber/Downloads/Italy/italy_scraping/italy_txts/Accordo per l'applicazione del CCNL 7 marzo 2005 ai lavoratori dipendenti delle aziende aderenti alla FEAC (G111).txt,1988,0.0075,clean
9500,B371,Ipotesi di accordo per il rinnovo del ccnl 2 giugno 2004,"/Users/lukeschreiber/Downloads/Italy/italy_scraping/italy_txts/Accordo 26 gennaio 2023 di rinnovo del CCNL 16 settembre 2020 per gli addetti all'industria della gomma, cavi elettrici ed affini e all'industria dell (B371).txt",36836,0.0052,clean
8952,C011,CCNL 7 maggio 2003 per i lavoratori addetti all'industria metalmeccanica privata e all'installazione di impianti,/Users/lukeschreiber/Downloads/Italy/italy_scraping/italy_txts/CCNL 15 ottobre 2009 per i lavoratori addetti all'industria metalmeccanica privata e alla installazione di impianti (C011).txt,468252,0.0035,clean
20452,T279,Verbale di accordo integrativo al CCNL FIDEF 2022-2025,/Users/lukeschreiber/Downloads/Italy/italy_scraping/italy_txts/Accordo integrativo del CCNL FIDEF 2022-2025 (T279).txt,2989,0.0003,clean
4277,A021,AGRICOLTURA: Impiegati,/Users/lukeschreiber/Downloads/Italy/italy_scraping/italy_txts/AGRICOLTURA Impiegati (A021).txt,116832,0.0,clean
20576,B101,CCNL per gli addetti delle aziende conciarie,/Users/lukeschreiber/Downloads/Italy/italy_scraping/italy_txts/CCNL per i dipendenti delle aziende conciarie e dei settori collegati (B101).txt,266327,0.0056,clean
19734,S641,1° CCNL del personale non dirigente del Coni,/Users/lukeschreiber/Downloads/Italy/italy_scraping/italy_txts/CONI (in K601) (S641).txt,16520,0.0,clean
17867,E057,CCNL 5 maggio 1970 per gli addetti alle industrie della birra e del malto ,/Users/lukeschreiber/Downloads/Italy/italy_scraping/italy_txts/CCNL 27 luglio 1972 per gli addetti alle industrie della birra e del malto (E057).txt,131548,0.0043,clean
17888,E059,CCNL 20 giugno 1969  per i dipendenti delle aziende idrotermali settore imbottigliamento ,/Users/lukeschreiber/Downloads/Italy/italy_scraping/italy_txts/CCNL 20 giugno 1969 per i dipendenti delle aziende idrotermali settore imbottigliamento (E059).txt,202284,0.0071,clean
6140,F055,"LEGNO, ARREDAMENTO: Artigiane","/Users/lukeschreiber/Downloads/Italy/italy_scraping/italy_txts/LEGNO, ARREDAMENTO Artigiane (F055).txt",145341,0.0,clean
4779,J267,BANCARI: Banca D'Italia - carriera Operativa,"/Users/lukeschreiber/Downloads/Italy/italy_scraping/italy_txts/Accordo cornice in tema di contrattualizzazione del rapporto di impiego del personale della carriera operativa, dei servizi generali e di sicurezza e  (J267).txt",4369,0.0048,clean
19262,C201,Accordo per la disciplina del lavoro agile,/Users/lukeschreiber/Downloads/Italy/italy_scraping/italy_txts/Accordo per la disciplina del lavoro agile (C201).txt,4910,0.011,clean
7765,E071,PESCA MARITTIMA: Industrie,/Users/lukeschreiber/Downloads/Italy/italy_scraping/italy_txts/CCNL per il personale imbarcato sulle navi adibite alla pesca marittima (E071).txt,137596,0.0058,clean
10552,IC91,"CCNL 25 luglio 2008 per il personale dipendente dalle aziende esercenti l'attività di autoscuole, di scuole di nautica e di studi di consulenza automobilistica e nautica",/Users/lukeschreiber/Downloads/Italy/italy_scraping/italy_txts/AUTOSCUOLE E SCUOLE DI NAUTICA (IC91).txt,65198,0.0001,clean
8589,D271,OCCHIALI: Industrie,/Users/lukeschreiber/Downloads/Italy/italy_scraping/italy_txts/Accordo di nuova normativa sulla classificazione del personale ad integrazione dell'accordo 19072016 di rinnovo del CCNL 9 novembre 2013 (D271).txt,174605,0.0088,clean
9429,H515,"Rinnovo del CCNL per i dipendenti delle aziende artigiane dell'acconciatura, dell'estetica, tricologia non curativa, tatuaggio e piercing","/Users/lukeschreiber/Downloads/Italy/italy_scraping/italy_txts/CCNL per i dipendenti delle imprese di acconciatura, estetica, tricologia non curativa, tatuaggio, piercing e centri benessere (H515).txt",155121,0.0018,clean
17682,H061,"Accordo di rinnovo del CCNL 24 giugno 2004 e successive modifiche, per i dirigenti delle aziende alberghiere",/Users/lukeschreiber/Downloads/Italy/italy_scraping/italy_txts/ALBERGHI Dirigenti (H061).txt,110697,0.0,clean
19848,T255,"CCNL Scuola non Statale per il personale direttivo, docente, non docente delle istituzioni scolastiche paritarie","/Users/lukeschreiber/Downloads/Italy/italy_scraping/italy_txts/CCNL subordinato personale direttivo, docente, non docente Scuole non Statali (T255).txt",71396,0.0054,clean
18165,T198,CCNL per i dipendenti delle Imprese Sociali e degli Enti del terzo Settore,/Users/lukeschreiber/Downloads/Italy/italy_scraping/italy_txts/Accordo di modifica e integrazione del CCNL per i dipendenti delle Imprese Sociali e degli Enti del terzo Settore (T198).txt,13912,0.0037,clean
5393,I591,MARITTIMI: Personale Imbarcato su Rimorchiatori,/Users/lukeschreiber/Downloads/Italy/italy_scraping/italy_txts/CCNL 5 giugno 2007 per il personale imbarcato sulle unità adibite al servizio di rimorchio delle navi ed al soccorso delle navi (I591).txt,172468,0.0048,clean
20125,F01I,Accordo consensuale di disdetta dal CCNL per i lavoratori Edili e affini delle imprese artigiane delle cooperative del settore edilizio e della piccola media industria e impresa,/Users/lukeschreiber/Downloads/Italy/italy_scraping/italy_txts/Accordo consensuale di disdetta dal CCNL per i lavoratori Edili e affini delle imprese artigiane delle cooperative del settore edilizio e della piccol (F01I).txt,1937,0.0015,clean
7519,S222,SANITA': Comparto Pubblico Area Medica - Dirigenti,/Users/lukeschreiber/Downloads/Italy/italy_scraping/italy_txts/SANITA' Comparto Pubblico Area Medica - Dirigenti (S222).txt,231522,0.0005,clean
19459,H47B,CCNL per i dipendenti degli Studi dei Revisori Legali e dei Tributaristi e delle Società di Revisione,/Users/lukeschreiber/Downloads/Italy/italy_scraping/italy_txts/Accordo per la disciplina del lavoro agile (H47B).txt,4910,0.011,clean
5572,F055,"LEGNO, ARREDAMENTO: Artigiane","/Users/lukeschreiber/Downloads/Italy/italy_scraping/italy_txts/LEGNO, ARREDAMENTO Artigiane (F055).txt",145341,0.0,clean
19502,I112,"Accordo di proroga, con modificazioni, del CCNL per i dirigenti delle aziende di autotrasporto e spedizione merci, di servizi logistici e di trasporto combinato",/Users/lukeschreiber/Downloads/Italy/italy_scraping/italy_txts/AUTOTRASPORTI Dirigenti (I112).txt,51940,0.0,clean
8785,J283,BANCARI: Casse Rurali - Credito Cooperativo (Cooperative),/Users/lukeschreiber/Downloads/Italy/italy_scraping/italy_txts/BANCARI Casse Rurali - Credito Cooperativo (Cooperative) (J283).txt,162725,0.0005,clean
17588,J221,"CCNL per quadri, impiegati, subalterni ed ausiliari delle Casse di Risparmio, Monti di Credito su pegno di 1a categoria ed Enti equiparati",/Users/lukeschreiber/Downloads/Italy/italy_scraping/italy_txts/BANCARI CASSE DI RISPARMIO (J221).txt,244221,0.0002,clean
15316,H01P,"CCNL per i dipendenti da aziende, piccole e medie imprese e società cooperative del commercio, dei servizi e del terziario, per i lavoratori della Comunità Europea e per i lavoratori extracomunitari","/Users/lukeschreiber/Downloads/Italy/italy_scraping/italy_txts/CCNL per i dipendenti da aziende, piccole e medie imprese e società cooperative del commercio, dei servizi e del terziario, per i lavoratori della Com (H01P).txt",100159,0.0029,clean
3124,V611,BASI USA Dipendenti Civili non Statunitensi,/Users/lukeschreiber/Downloads/Italy/italy_scraping/italy_txts/BASI USA Dipendenti Civili non Statunitensi (V611).txt,237574,0.0002,clean
16049,B018,"Ipotesi di accordo per il rinnovo del CCNL per i dipendenti della piccola e media industria dei settori: chimica, concia e settori accorpati, plastica e gomma, abrasivi, ceramica e vetro","/Users/lukeschreiber/Downloads/Italy/italy_scraping/italy_txts/CCNL 17122009 per i dipendenti della piccola e media industria dei settori chimica, concia e settori accorpati, plastica e gomma, abrasivi, ceramica e (B018).txt",914441,0.0029,clean
7690,K700,ENTE POSTE ITALIANE,/Users/lukeschreiber/Downloads/Italy/italy_scraping/italy_txts/Avviso comune in materia di contratti a tempo determinato (K700).txt,5297,0.0083,clean
20674,K051,Ipotesi di Accordo per il rinnovo del CCNL 18 luglio 2022 per i lavoratori addetti al settore elettrico,/Users/lukeschreiber/Downloads/Italy/italy_scraping/italy_txts/Accordo per il rinnovo del CCNL 18 febbraio 2013 per i lavoratori addetti al settore elettrico (K051).txt,85355,0.0036,clean
8757,D231,"GIOCATTOLI, MODELLISMO ... : Industrie",/Users/lukeschreiber/Downloads/Italy/italy_scraping/italy_txts/Accordo di rinnovo del CCNL 15 luglio 2010 (D231).txt,36570,0.0054,clean
5200,H058,TURISMO (AZIENDE CONFESERCENTI),/Users/lukeschreiber/Downloads/Italy/italy_scraping/italy_txts/Accordo di correzione e integrazione dei testi siglati il 18 luglio 2018 (H058).txt,4771,0.0067,clean
19005,E010,CCNL per i dipendenti delle aziende artigiane Alimentari,/Users/lukeschreiber/Downloads/Italy/italy_scraping/italy_txts/CCNL per i dipendenti delle aziende artigiane Alimentari (E010).txt,206018,0.0051,clean
16217,C01G,CCNL per i dipendenti del Comparto Metalmeccanico,/Users/lukeschreiber/Downloads/Italy/italy_scraping/italy_txts/CCNL per i dipendenti del Comparto Metalmeccanico (C01G).txt,389677,0.0015,clean
20901,H475,"Accordo di rinnovo del CCNL per i dipendenti di Studi Professionali che amministrano condomini o immobili, Società di Servizi Integrati alla proprietà immobiliare",/Users/lukeschreiber/Downloads/Italy/italy_scraping/italy_txts/CCNL per i dipendenti di Studi Professionali che amministrano condomini o immobili Società di Servizi Integrati alla proprietà immobiliare (H475).txt,345878,0.0038,clean
19230,H04C,"Accordo per le modifiche/integrazioni/sostituzioni degli articoli del CCNL per i lavoratori dipendenti delle Micro, Piccole e Medie Imprese esercenti attività nel settore del TURISMO","/Users/lukeschreiber/Downloads/Italy/italy_scraping/italy_txts/CCNL per i lavoratori dipendenti delle Micro, Piccole e Medie Imprese esercenti attività nel settore del TURISMO - Sistema commercio e impresa (H04C).txt",157663,0.0026,clean
19657,I022,Verbale di Accordo CCNL Autoferrotranvieri per la copertura una tantum del periodo 2018-2020,/Users/lukeschreiber/Downloads/Italy/italy_scraping/italy_txts/AUTOFERROTRANVIERI (I022).txt,142169,0.0,clean
17052,B024,CCNL del personale del comparto CHIMICA/CERAMICA,/Users/lukeschreiber/Downloads/Italy/italy_scraping/italy_txts/CCNL del personale del comparto CHIMICACERAMICA (B024).txt,34049,0.0011,clean
5811,IC91,AUTOSCUOLE E SCUOLE DI NAUTICA,/Users/lukeschreiber/Downloads/Italy/italy_scraping/italy_txts/AUTOSCUOLE E SCUOLE DI NAUTICA (IC91).txt,65198,0.0001,clean
16048,F058,"Ipotesi di accordo per il rinnovo del CCNL per i lavoratori addetti alla piccola e media industria legno, mobili, arredamento, sughero e forestazione","/Users/lukeschreiber/Downloads/Italy/italy_scraping/italy_txts/Accordo per il rinnovo per il CCNL del 22 settembre 2004 a valere per gli addetti dell'industria del legno, del sughero, del mobile e dell'arredamento (F058).txt",59144,0.0072,clean
4765,J181,ASSICURAZIONI: Autonomi Agenzie INA-ASSITALIA,/Users/lukeschreiber/Downloads/Italy/italy_scraping/italy_txts/ACCORDO NAZIONALE PER LA DISCIPLINA DEI RAPPORTI TRA AGENTI E SUBAGENTIDELL'INA-ASSITALIA (J181).txt,53453,0.0012,clean
20143,V411,CCNL per i sacristi addetti al culto dipendenti da enti ecclesiastici 2022-2025,/Users/lukeschreiber/Downloads/Italy/italy_scraping/italy_txts/SACRISTI E DIPENDENTI DA PARROCCHIE (V411).txt,12571,0.0002,clean
20698,E01F,CCNL Alimentaristi,/Users/lukeschreiber/Downloads/Italy/italy_scraping/italy_txts/CCNL Alimentaristi (E01F).txt,180444,0.0038,clean
7095,D315,FOTOINCISIONE Quadri e Cilindri per Stampa Tessile: Artigiane,/Users/lukeschreiber/Downloads/Italy/italy_scraping/italy_txts/FOTOINCISIONE Quadri e Cilindri per Stampa Tessile Artigiane (D315).txt,15734,0.0,clean
15003,B014,"CCNL per i dipendenti delle aziende piccole e medie imprese (PMI), delle società cooperative e delle aziende artigiane del settore plastica e gomma","/Users/lukeschreiber/Downloads/Italy/italy_scraping/italy_txts/CCNL per i dipendenti delle aziende piccole e medie imprese (PMI), delle società cooperative e delle aziende artigiane del settore plastica e gomma (B014).txt",196221,0.0014,clean
15272,F060,CCNL Area Legno Lapidei - Accordo per la proroga della disciplina dell'apprendistato professionalizzante di cui al D.Lgs. 167/2011,"/Users/lukeschreiber/Downloads/Italy/italy_scraping/italy_txts/CCNL Area Legno-Lapidei per i lavoratori dipendenti delle aziende dei settori Legno, Arredamento, Mobili, Escavazione e Lavorazione di materiali Lapid (F060).txt",245045,0.0019,clean
6181,E016,ALIMENTARISTI: Cooperative,/Users/lukeschreiber/Downloads/Italy/italy_scraping/italy_txts/ALIMENTARISTI Cooperative (E016).txt,362695,0.0001,clean
18088,K580,CCNL per i lavoratori dipendenti del settore PULIZIE,/Users/lukeschreiber/Downloads/Italy/italy_scraping/italy_txts/CCNL per i lavoratori dipendenti del settore PULIZIE (K580).txt,152636,0.0015,clean
9783,J257,Accordo in tema di utilizzo da parte delle Organizzazioni Sindacali di alcune funzionalità dell'Intranet della Banca d'Italia,/Users/lukeschreiber/Downloads/Italy/italy_scraping/italy_txts/Accordo cornice in tema di contrattualizzazione del rapporto di impiego del personale della carriera direttiva (J257).txt,3884,0.0054,clean
19234,D014,CCNL industria Tessile-Abbigliamento-Moda,/Users/lukeschreiber/Downloads/Italy/italy_scraping/italy_txts/CCNL TESSILE ABBIGLIAMENTO (D014).txt,684976,0.0065,clean
18760,T147,"CCNL per i dipendenti delle aziende esercenti attività nel settore socio sanitario, assistenziale, educativo e di inserimento lavorativo","/Users/lukeschreiber/Downloads/Italy/italy_scraping/italy_txts/CCNL per i dipendenti delle aziende esercenti attività nel settore socio sanitario, assistenziale, educativo e di inserimento lavorativo (T147).txt",375440,0.0116,clean
9942,IC52,Contratto Collettivo Nazionale di Lavoro per le Cooperative e le imprese esercenti attività nel settore RADIOTAXI e AUTOSERVIZI PUBBLICI NON DI LINEA e AFFINI,/Users/lukeschreiber/Downloads/Italy/italy_scraping/italy_txts/Accordo di rinnovo del CCNL per le cooperative e le imprese esercenti attività nel settore RADIOTAXI E AUTOSERVIZI PUBBLICI NON DI LINEA E AFFINI (IC52).txt,62554,0.0052,clean
10135,E023,Accordo di rinnovo dei CCNL del 19 luglio 2005 e del 20 luglio 2005 per il personale comunque dipendente da aziende di panificazione,/Users/lukeschreiber/Downloads/Italy/italy_scraping/italy_txts/Accordo di rinnovo dei CCNL del 19 luglio 2005 e del 20 luglio 2005 per il personale comunque dipendente da aziende di panificazione (E023).txt,53899,0.0024,clean
20900,K411,Ipotesi di accordo per il rinnovo del CCNL per il personale dipendente da imprese esercenti servizi di telecomunicazione,/Users/lukeschreiber/Downloads/Italy/italy_scraping/italy_txts/Accordo collettivo per la disciplina delle collaborazioni nelle attività di vendita di beni e servizi e di recupero crediti realizzati attraverso call (K411).txt,13151,0.0043,clean
6009,K031,ELETTRICI: ENEL,/Users/lukeschreiber/Downloads/Italy/italy_scraping/italy_txts/CCNL PER I DIPENDENTI ELETTRICI DELL'ENEL (K031).txt,238939,0.0046,clean
19009,H490,CCNL per i dipendenti delle aziende artigiane odontotecniche,/Users/lukeschreiber/Downloads/Italy/italy_scraping/italy_txts/CCNL per i dipendenti delle aziende artigiane odontotecniche (H490).txt,131818,0.0023,clean
10580,GI41,CCNL dipendenti dalle scuderie di cavalli da corsa al trotto,/Users/lukeschreiber/Downloads/Italy/italy_scraping/italy_txts/IPPICA Scuderie Cavalli da Corsa al Trotto (GI41).txt,63152,0.0,clean
20784,F08U,CCNL per i dipendenti da imprese edili ed affini,/Users/lukeschreiber/Downloads/Italy/italy_scraping/italy_txts/CCNL per i dipendenti da imprese edili ed affini (F08U).txt,232838,0.0034,clean
19426,T27G,CCNL per i dipendenti delle strutture ed enti di formazione,/Users/lukeschreiber/Downloads/Italy/italy_scraping/italy_txts/CCNL per i dipendenti delle strutture ed enti di formazione (T27G).txt,200907,0.004,clean
15403,I8A2,Accordo di rinnovo del CCNL per i piloti collaudatori sperimentatori e di produzione di aziende di costruzioni aerospaziali,/Users/lukeschreiber/Downloads/Italy/italy_scraping/italy_txts/CCNL per i piloti collaudatori dipendenti da aziende di costruzioni aerospaziali (I8A2).txt,55949,0.0051,clean
5847,B018,CHIMICA E AFFINI (Piccola e Media Impresa),"/Users/lukeschreiber/Downloads/Italy/italy_scraping/italy_txts/CCNL 17122009 per i dipendenti della piccola e media industria dei settori chimica, concia e settori accorpati, plastica e gomma, abrasivi, ceramica e (B018).txt",914441,0.0029,clean
15402,I8A2,Verbale di Accordo di modifica della parte retributiva del CCNL 20/7/2000,/Users/lukeschreiber/Downloads/Italy/italy_scraping/italy_txts/CCNL per i piloti collaudatori dipendenti da aziende di costruzioni aerospaziali (I8A2).txt,55949,0.0051,clean
20704,C055,CCNL Meccanotronica,/Users/lukeschreiber/Downloads/Italy/italy_scraping/italy_txts/CCNL Meccanotronica (C055).txt,304643,0.0031,clean
4399,J311,CCNL PER I FUNZIONARI DIPENDENTI DALLE ESATTORIE-TESORERIE GESTITE DA PRIVATI ESATTORI,/Users/lukeschreiber/Downloads/Italy/italy_scraping/italy_txts/CCNL PER I FUNZIONARI DIPENDENTI DALLE ESATTORIE-TESORERIE GESTITE DA PRIVATI ESATTORI (J311).txt,108338,0.009,clean
17182,H102,CCNL 27 ottobre 1977 per i viaggiatori o piazzisti dipendenti da aziende industriali,/Users/lukeschreiber/Downloads/Italy/italy_scraping/italy_txts/CCNL 27 ottobre 1977 per i viaggiatori o piazzisti dipendenti da aziende industriali (H102).txt,67301,0.0033,clean
19957,I657,CCNL per i marittimi imbarcati su unità da diporto per i servizi resi in ambito marittimo privato e di navigazione non commerciale - Testo coordinato con le modifiche introdotte dall'Accordo integrativo del 01/02/2023,/Users/lukeschreiber/Downloads/Italy/italy_scraping/italy_txts/Accordo integrativo al CCNL per i marittimi imbarcati su unità da diporto per i servizi resi in ambito marittimo privato e di navigazione non commerci (I657).txt,2321,0.0052,clean
14088,V042,Rinnovo del CCNL 31 dicembre 2004 per i dirigenti delle imprese dei servizi pubblici locali,/Users/lukeschreiber/Downloads/Italy/italy_scraping/italy_txts/CCNL 16 ottobre 2019 per i dirigenti delle Imprese dei Servizi di Pubblica utilità (V042).txt,122810,0.0045,clean
6702,I5C2,MARITTIMI: Uffici Societa' Servizi Locali,"/Users/lukeschreiber/Downloads/Italy/italy_scraping/italy_txts/CCNL 14 giugno 1985 per gli addetti agli uffici delle società esercenti i servizi marittimi, postali e commerciali di carattere locale CAREMAR-SIREMAR (I5C2).txt",63051,0.0037,clean
20746,B011,"Ipotesi di accordo di rinnovo del CCNL per gli addetti all'industria chimica, chimico-farmaceutica, delle fibre chimiche e dei settori abrasivi, lubrificanti e gpl","/Users/lukeschreiber/Downloads/Italy/italy_scraping/italy_txts/Accordo di rinnovo del CCNL per gli addetti all'industria chimica, chimico-farmaceutica, delle fibre chimiche e dei settori abrasivi, lubrificanti e g (B011).txt",33177,0.003,clean
8520,T191,SERVIZI ASSISTENZIALI: Personale FENASCOP,/Users/lukeschreiber/Downloads/Italy/italy_scraping/italy_txts/Accordo per il rinnovo del CCNL 200609 FENASCOP biennio economico 200607 (T191).txt,3918,0.0008,clean
12885,H05B,CCNL dell'Industria Turistica testo ufficiale 3 febbraio 2008,/Users/lukeschreiber/Downloads/Italy/italy_scraping/italy_txts/CCNL dell'Industria Turistica (Testo Ufficiale 9 luglio 2010) (H05B).txt,850115,0.0086,clean
11913,V850,"CCNL per i dipendenti di aziende artigiane di: lavanderie e stirerie, legno, fibre e arredamento, panificazione, imprese di pulizie e cooperative","/Users/lukeschreiber/Downloads/Italy/italy_scraping/italy_txts/Accordo consensuale di disdetta dal CCNL per i dipendenti di aziende artigiane di lavanderie e stirerie, legno, fibre e arredamento, panificazione, im (V850).txt",2047,0.0034,clean
20583,H021,"CCNL 12 aprile 2023 per i dirigenti di aziende del Terziario, della distribuzione e dei servizi",/Users/lukeschreiber/Downloads/Italy/italy_scraping/italy_txts/Accordo Ponte CCNL 27 maggio 2004 per i dirigenti di aziende del terziario della distribuzione e dei servizi (H021).txt,2126,0.0141,clean
2184,V411,SACRISTI E DIPENDENTI DA PARROCCHIE,/Users/lukeschreiber/Downloads/Italy/italy_scraping/italy_txts/SACRISTI E DIPENDENTI DA PARROCCHIE (V411).txt,12571,0.0002,clean
9566,D111,Ipotesi di accordo di rinnovo quadriennale CCNL settore industriale manifatturiero pelli - cuoio succedanei,/Users/lukeschreiber/Downloads/Italy/italy_scraping/italy_txts/Accordo 27072010 ad integrazione dell'Accordo triennale 24062010 settore industriale manifatturiero pelli - cuoio - succedanei (D111).txt,57332,0.0074,clean
15102,H505,Rinnovo CCNL Colf e Badanti,/Users/lukeschreiber/Downloads/Italy/italy_scraping/italy_txts/CCNL Colf e Badanti (H505).txt,39963,0.0057,clean
5770,A051,AGRICOLTURA: Aziende in conto terzi,/Users/lukeschreiber/Downloads/Italy/italy_scraping/italy_txts/AGRICOLTURA Aziende in conto terzi (A051).txt,70109,0.0001,clean
21003,H16C,Accordo interconfederale per la modifica dell'art. 113 del CCNL intersettoriale con codice CNEL H16C,"/Users/lukeschreiber/Downloads/Italy/italy_scraping/italy_txts/Accordo interconfederale per disciplinare la contribuzione del fondo di assistenza sanitario, in sigla Innova Care (H16C).txt",2797,0.0004,clean
4457,I523,MARITTIMI: Navi da Carico > 500 Tsl,"/Users/lukeschreiber/Downloads/Italy/italy_scraping/italy_txts/CCNL per l'imbarco degli equipaggi delle navi da carico superiori a 500 TSL delle società di navigazione ITALIA, LLOYD TRIESTINO, ADRIATICA e TIRRENIA (I523).txt",250896,0.0044,clean
19491,T054,"CCNL 2020-2022 per la dirigenza medica della Fondazione Policlinico Universitario Agostino Gemelli"" IRCCS""",/Users/lukeschreiber/Downloads/Italy/italy_scraping/italy_txts/CCNL 2020-2022 per la dirigenza medica della Fondazione Policlinico Universitario Agostino Gemelli IRCCS (T054).txt,219229,0.0046,clean
9326,F021,Accordo per il rinnovo del CCNL 26.10.2004 per i dipendenti dalle aziende esercenti la produzione di laterizi e manufatti cementizi,/Users/lukeschreiber/Downloads/Italy/italy_scraping/italy_txts/CCNL 11 luglio 2008 per i dipendenti delle aziende produttrici di laterizi e manufatti cementizi (F021).txt,348151,0.005,clean
4271,E071,PESCA MARITTIMA: Industrie,/Users/lukeschreiber/Downloads/Italy/italy_scraping/italy_txts/CCNL per il personale imbarcato sulle navi adibite alla pesca marittima (E071).txt,137596,0.0058,clean
20299,H008,Ipotesi di accordo per il rinnovo del CCNL della Distribuzione Moderna Organizzata (DMO),/Users/lukeschreiber/Downloads/Italy/italy_scraping/italy_txts/Accordo in materia di assistenza sanitaria integrativa per il settore della Distribuzione Moderna Organizzata (H008).txt,2121,0.0014,clean
17877,A046,CCNL per gli addetti delle imprese del settore AGRICOLTURA delle Piccole e Medie Imprese,/Users/lukeschreiber/Downloads/Italy/italy_scraping/italy_txts/CCNL per gli addetti delle imprese del settore AGRICOLTURA delle Piccole e Medie Imprese (A046).txt,215337,0.0044,clean
20920,H401,Accordo di rinnovo del CCNL per i dipendenti da proprietari di fabbricati,/Users/lukeschreiber/Downloads/Italy/italy_scraping/italy_txts/Accordo di rinnovo del CCNL per i dipendenti da proprietari di fabbricati (H401).txt,4196,0.0043,clean
9734,I642,Verbale di accordo per il rinnovo del biennio economico 2009-2010 dei CCNL del settore marittimo,/Users/lukeschreiber/Downloads/Italy/italy_scraping/italy_txts/MARITTIMI Bare Boat Navi Crociera - Equip. Straniero (I642).txt,77579,0.0,clean
20240,H442,Ipotesi di accordo per il rinnovo del CCNL per i dipendenti degli studi e delle attività professionali,/Users/lukeschreiber/Downloads/Italy/italy_scraping/italy_txts/Ipotesi di Accordo CCNL per i dipendenti degli Studi Professionali (H442).txt,77811,0.0044,clean
18403,C01I,ESAARCO CCNL per i dipendenti dalle imprese artigiane metalmeccaniche e della installazione di impianti,/Users/lukeschreiber/Downloads/Italy/italy_scraping/italy_txts/ESAARCO CCNL per i dipendenti dalle imprese artigiane metalmeccaniche e della installazione di impianti (C01I).txt,248152,0.0042,clean
20119,H501,Verbale di accordo per l'aggiornamento dei minimi retributivi CCNL lavoro domestico,/Users/lukeschreiber/Downloads/Italy/italy_scraping/italy_txts/CCNL lavoro domestico (collaboratori familiari) (H501).txt,35349,0.006,clean
5079,B253,ENERGIA PETROLIFERA E AFFINI: Aziende a PPSS (in B251),/Users/lukeschreiber/Downloads/Italy/italy_scraping/italy_txts/CCNL 1 MAGGIO 1991 PER IL SETTORE ENERGIA DELLE AZIENDE A PARTECIPAZIONE STATALE (B253).txt,590747,0.0046,clean
19614,H50X,CCNL sulla disciplina del rapporto di lavoro domestico,/Users/lukeschreiber/Downloads/Italy/italy_scraping/italy_txts/CCNL sulla disciplina del rapporto di lavoro domestico (H50X).txt,94863,0.0027,clean
7643,J267,BANCARI: Banca D'Italia - carriera Operativa,"/Users/lukeschreiber/Downloads/Italy/italy_scraping/italy_txts/Accordo cornice in tema di contrattualizzazione del rapporto di impiego del personale della carriera operativa, dei servizi generali e di sicurezza e  (J267).txt",4369,0.0048,clean
20793,I727,CCNL per gli ormeggiatori e barcaioli dei porti italiani,/Users/lukeschreiber/Downloads/Italy/italy_scraping/italy_txts/CCNL per gli ormeggiatori e barcaioli dei porti italiani (I727).txt,117058,0.0049,clean
15097,H528,"CCNL per i dipendenti degli operatori nel settore Estetica, Acconciatori e Parrucchieri, in genere","/Users/lukeschreiber/Downloads/Italy/italy_scraping/italy_txts/CCNL per i dipendenti degli operatori nel settore Estetica, Acconciatori e Parrucchieri, in genere (H528).txt",128569,0.0038,clean
8981,J257,Accordo in tema di copertura delle spese sanitarie del personale,/Users/lukeschreiber/Downloads/Italy/italy_scraping/italy_txts/Accordo cornice in tema di contrattualizzazione del rapporto di impiego del personale della carriera direttiva (J257).txt,3884,0.0054,clean
6304,F041,LAPIDEI (Estr. e Lavoraz.): Industrie,/Users/lukeschreiber/Downloads/Italy/italy_scraping/italy_txts/Accordo per il rinnovo del CCNL 13 maggio 2004 per i lavoratori dipendenti da aziende esercenti l'attività di escavazione e lavorazione dei materiali  (F041).txt,63422,0.0057,clean
6651,I8A2,PILOTI Collaudatori Dip. da Az. di Costruzioni Aerospaziali,/Users/lukeschreiber/Downloads/Italy/italy_scraping/italy_txts/CCNL per i piloti collaudatori dipendenti da aziende di costruzioni aerospaziali (I8A2).txt,55949,0.0051,clean
19233,H50J,CCNL per il personale dipendente del Settore Domestico,/Users/lukeschreiber/Downloads/Italy/italy_scraping/italy_txts/CCNL per il personale dipendente del Settore Domestico (H50J).txt,100954,0.0014,clean
18704,H05H,CCNL per i dipendenti del settore Turismo e Pubblici esercizi,/Users/lukeschreiber/Downloads/Italy/italy_scraping/italy_txts/CCNL per i dipendenti del settore Turismo e Pubblici esercizi (H05H).txt,420213,0.002,clean
6018,D051,"TESSILI SETA: Fil. Cascami, Trattura e Torcitura, Fil. Serica",/Users/lukeschreiber/Downloads/Italy/italy_scraping/italy_txts/CCNL per gli addetti ai settori industriali della filatura serica e dei torcitori della seta e dei fili artificiali e sintetici (D051).txt,522373,0.0044,clean
17557,J221,"CCNL per il personale impiegatizio, subalterno ed ausiliario delle Casse di Risparmio, Monti di Credito su pegno di 1a categoria ed Enti equiparati",/Users/lukeschreiber/Downloads/Italy/italy_scraping/italy_txts/BANCARI CASSE DI RISPARMIO (J221).txt,244221,0.0002,clean
18037,E068,Accordo 25 agosto 1964 per il rinnovo del CCNL 29  agosto 1961 per gli addetti all'industria saccarifera,/Users/lukeschreiber/Downloads/Italy/italy_scraping/italy_txts/Accordo 25 agosto 1964 per il rinnovo del CCNL 29 agosto 1961 per gli addetti all'industria saccarifera (E068).txt,366058,0.0117,clean
3603,I351,FERROVIE: Dipendenti Addetti ai Servizi,/Users/lukeschreiber/Downloads/Italy/italy_scraping/italy_txts/FERROVIE Dipendenti Addetti ai Servizi (I351).txt,10685,0.0005,clean
10778,T250,"CCNL per il personale dipendente direttivo, docente e non docente dei licei linguistici e degli istituti d'istruzione associati alla FILINS FIINSEI AISPEF","/Users/lukeschreiber/Downloads/Italy/italy_scraping/italy_txts/CCNL per il personale dipendente direttivo, docente e non docente degli istituti d'istruzione associati alla FIINSEI FILINS AISPEF (T250).txt",88078,0.0054,clean
7639,J267,BANCARI: Banca D'Italia - carriera Operativa,"/Users/lukeschreiber/Downloads/Italy/italy_scraping/italy_txts/Accordo cornice in tema di contrattualizzazione del rapporto di impiego del personale della carriera operativa, dei servizi generali e di sicurezza e  (J267).txt",4369,0.0048,clean
15385,T011,CCNL personale non medico - Biennio economico 2004-2005,/Users/lukeschreiber/Downloads/Italy/italy_scraping/italy_txts/Accordo economico biennio 2006-2007 (T011).txt,3130,0.0019,clean
17582,J231,"CCNL per i dirigenti ed i funzionari delle Casse di Risparmio, Enti equiparati e Monti di Credito su pegno di 1a categoria","/Users/lukeschreiber/Downloads/Italy/italy_scraping/italy_txts/Accordo Economico Nazionale per i funzionari delle Casse di Risparmio, Enti equiparati e Monti di Credito su pegno di 1a categoria (J231).txt",13829,0.0058,clean
8087,D018,TESSILI ABBIGLIAMENTO: P.M.I.,"/Users/lukeschreiber/Downloads/Italy/italy_scraping/italy_txts/CCNL per gli addetti alle piccole e medie industrie del settore tessile-abbigliamento-moda, calzature, pelli e cuoio, penne, spazzole e pennelli, occh (D018).txt",1062766,0.0026,clean
19423,B132,"CCNL 19 giugno 2020 per le aziende industriali che producono e trasformano articoli in vetro, comprese le aziende che producono lampade e display, e per i lavoratori  da esse dipendenti",/Users/lukeschreiber/Downloads/Italy/italy_scraping/italy_txts/Accordo di confluenza del CCNL lampade nel CCNL vetro (B132).txt,1232,0.0073,clean
6640,G211,ESERCIZI CINEMATOGRAFICI E CINEMA-TEATRALI,/Users/lukeschreiber/Downloads/Italy/italy_scraping/italy_txts/Accordo di rinnovo del CCNL Esercizi cinematografici (G211).txt,20714,0.0088,clean
18798,H44E,Accordo consensuale di disdetta dal CCNL per i dipendenti degli Studi professionali,/Users/lukeschreiber/Downloads/Italy/italy_scraping/italy_txts/Accordo consensuale di disdetta dal CCNL per i dipendenti degli Studi professionali (H44E).txt,2564,0.0055,clean
17782,E055,"Accordo sindacale 13 dicembre 1952 per il rinnovo dei CCNL 16 dicembre 1948 (operai) e 27 luglio 1949 (impiegati) dipendenti dalle aziende produttrci di Vermouth, Aperitivi a base di Vino, Marsala, Spumanti, Liquori, Acqueviti e Sciroppi","/Users/lukeschreiber/Downloads/Italy/italy_scraping/italy_txts/Accordo 24 novembre 1963 per il rinnovo del CCNL per le aziende produttrici di Vermouth, Aperitivi, Liquori, Sciroppi e Spumanti (E055).txt",3224,0.0078,clean
9253,S333,CCNL relativo al personale dell'Area VII ( Dirigenza delle Università e degli Enti di sperimentazione e di ricerca) per il quadriennio normativo 2002-2005 ed il biennio economico 2002-2003,/Users/lukeschreiber/Downloads/Italy/italy_scraping/italy_txts/CCNL relativo al personale dell'Area VII della Dirigenza Università e Istituzioni ed Enti di ricerca e di sperimentazione per il quadriennio normativo (S333).txt,77820,0.0049,clean
18675,G041,CCNL per i dipendenti di aziende editrici e stampatrici di giornali quotidiani e agenzie di stampa,/Users/lukeschreiber/Downloads/Italy/italy_scraping/italy_txts/CCNL per i dipendenti di aziende editrici e stampatrici di giornali quotidiani e agenzie di stampa (G041).txt,302827,0.0026,clean
20092,A101,Ipotesi di accordo per il rinnovo del CCNL per i dirigenti dei consorzi di bonifica e di miglioramento fondiario,/Users/lukeschreiber/Downloads/Italy/italy_scraping/italy_txts/Accordo per il rinnovo del CCNL 29032006 per i dirigenti dei consorzi di bonifica e di miglioramento fondiario (A101).txt,28025,0.0044,clean
20592,E012,Verbale di stesura CCNL industria alimentare 1° marzo 2024,/Users/lukeschreiber/Downloads/Italy/italy_scraping/italy_txts/ALIMENTARISTI Industrie (E012).txt,451179,0.0002,clean
6401,E012,ALIMENTARISTI: Industrie,/Users/lukeschreiber/Downloads/Italy/italy_scraping/italy_txts/ALIMENTARISTI Industrie (E012).txt,451179,0.0002,clean
8687,S211,SANITA': Comparto Pubblico,/Users/lukeschreiber/Downloads/Italy/italy_scraping/italy_txts/Accordo per l'istituzione del Fondo Nazionale di Pensione Complementare per i lavoratori dei comparti delle Regioni e delle Autonomie Locali e del Ser (S211).txt,32167,0.0053,clean
4267,B132,VETRO: Industrie,/Users/lukeschreiber/Downloads/Italy/italy_scraping/italy_txts/Accordo di confluenza del CCNL lampade nel CCNL vetro (B132).txt,1232,0.0073,clean
5773,G411,SIAE (SOCIETA' ITALIANA AUTORI ED EDITORI),/Users/lukeschreiber/Downloads/Italy/italy_scraping/italy_txts/Accordo per il rinnovo del CCNL per il personale non dirigente SIAE (G411).txt,18044,0.0108,clean
18594,H016,CCNL per i dipendenti da imprese della distribuzione cooperativa,/Users/lukeschreiber/Downloads/Italy/italy_scraping/italy_txts/Accordo nazionale di riordino della disciplina del contratto di apprendistato per i dipendenti da imprese della distribuzione cooperativa (H016).txt,31006,0.0076,clean
18622,C018,CCNL lavoratori dipendenti da piccole e medie industrie metalmeccaniche,/Users/lukeschreiber/Downloads/Italy/italy_scraping/italy_txts/CCNL lavoratori dipendenti da piccole e medie industrie metalmeccaniche (C018).txt,359475,0.0044,clean
19337,T196,"CCNL per le lavoratrici e i lavoratori delle cooperative, consorzi e società consortili del settore servizi alla persona","/Users/lukeschreiber/Downloads/Italy/italy_scraping/italy_txts/CCNL per le lavoratrici e i lavoratori delle cooperative, consorzi e società consortili del settore servizi alla persona (T196).txt",366072,0.0035,clean
10138,H680,CCNL per i dipendenti e per i soci lavoratori delle imprese esercenti servizi al marketing operativo e delle attività ad esso collaterali,/Users/lukeschreiber/Downloads/Italy/italy_scraping/italy_txts/CCNL per i dipendenti e per i soci lavoratori delle imprese esercenti servizi al marketing operativo e delle attività ad esso collaterali (H680).txt,151989,0.0013,clean
8691,S232,SANITA': Comparto Pubblico Area non Medica - Dirigenti,/Users/lukeschreiber/Downloads/Italy/italy_scraping/italy_txts/SANITA' Comparto Pubblico Area non Medica - Dirigenti (S232).txt,12714,0.0001,clean
8580,J281,BANCARI: Casse Rurali e Artigiane - Credito Cooperativo - Dirigenti,/Users/lukeschreiber/Downloads/Italy/italy_scraping/italy_txts/Accordo di rinnovo del CCNL 22 maggio 2008 per i dirigenti delle banche di credito cooperativo - casse rurali ed artigiane (J281).txt,84047,0.004,clean
16603,H05D,Verbale di accordo modificativo ed integrativo del CCNL per i dipendenti del Turismo e dei Pubblici Esercizi siglato in data 28 maggio 2014,/Users/lukeschreiber/Downloads/Italy/italy_scraping/italy_txts/CCNL per i dipendenti del Turismo e dei Pubblici Esercizi (H05D).txt,403826,0.0013,clean
9864,I5B3,Verbale di accordo di rinnovo della parte economica relativa al biennio 2009-2010 dei CCNL del settore marittimo,"/Users/lukeschreiber/Downloads/Italy/italy_scraping/italy_txts/CCNL 13 novembre 2007 per gli addetti agli uffici e per il personale operaio delle società Tirrenia, Caremar, Saremar; Siremar, Toremar (I5B3).txt",200305,0.0026,clean
15310,H501,Verbale di Adesione di UGL Terziario al CCNL Lavoro Domestico,/Users/lukeschreiber/Downloads/Italy/italy_scraping/italy_txts/CCNL lavoro domestico (collaboratori familiari) (H501).txt,35349,0.006,clean
19775,H077,Ipotesi di verbale di accordo allegata al CCNL degli impianti e delle attività sportive profit e no profit,/Users/lukeschreiber/Downloads/Italy/italy_scraping/italy_txts/CCNL degli impianti e delle attività sportive profit e no profit (H077).txt,181268,0.0005,clean
17213,V012,CCNL dirigenti aziende industriali,/Users/lukeschreiber/Downloads/Italy/italy_scraping/italy_txts/Accordo per il rinnovo del CCNL 25 novembre 2009 per i dirigenti di aziende produttrici di beni e servizi (V012).txt,17080,0.0039,clean
14734,K558,CCNL per i dipendenti delle Imprese Artigiane e/o delle Piccole Imprese Industriali Imprese di Pulizia Servizi Integrati - Multiservizi,/Users/lukeschreiber/Downloads/Italy/italy_scraping/italy_txts/CCNL per i dipendenti delle Imprese Artigiane eo delle Piccole Imprese Industriali Imprese di Pulizia Servizi Integrati - Multiservizi (K558).txt,413899,0.0023,clean
20152,I491,"Accordo di rinnovo del CCNL 23 gennaio 2014 e successive modifiche per i dirigenti delle agenzie marittime raccomandatarie, agenzie aeree e mediatori marittimi",/Users/lukeschreiber/Downloads/Italy/italy_scraping/italy_txts/AGENZIE MARITTIME E AEREE Dirigenti (I491).txt,31731,0.0001,clean
18413,H531,"ESAARCO CCNL per i dipendenti dalle imprese di acconciatura, estetica, tricologia non curativa, tatuaggio, piercing e centri benessere","/Users/lukeschreiber/Downloads/Italy/italy_scraping/italy_txts/ESAARCO CCNL per i dipendenti dalle imprese di acconciatura, estetica, tricologia non curativa, tatuaggio, piercing e centri benessere (H531).txt",147403,0.0044,clean
3671,K421,SIP,/Users/lukeschreiber/Downloads/Italy/italy_scraping/italy_txts/SIP (K421).txt,449731,0.0015,clean
19890,E021,Accordo nazionale per l'aggiornamento della indennità di contingenza ai lavoratori panettieri,/Users/lukeschreiber/Downloads/Italy/italy_scraping/italy_txts/Accordo di rinnovo del CCNL 1° aprile 1948 per gli operai dipendenti dalle aziende di panificazione (E021).txt,12091,0.0068,clean
15436,G421,Accordo di rinnovo del CCNL15 febbraio 2011 per i dipendenti delle aziende videofonografiche,/Users/lukeschreiber/Downloads/Italy/italy_scraping/italy_txts/Accordo di rinnovo del CCNL 10 luglio 2014 per i dipendenti delle aziende videofonografiche (G421).txt,10826,0.0105,clean
19893,G033,"CCNL per la regolamentazione del lavoro giornalistico nelle imprese di radiodiffusione sonora e televisiva di ambito locale, nelle imprese fornitrici di contenuti informativi operanti in ambito locale con tecnologia digitale e/o operanti attraverso canali",/Users/lukeschreiber/Downloads/Italy/italy_scraping/italy_txts/GIORNALISTI Radio televisione - imprese locali (G033).txt,6355,0.0,clean
16460,I100,"CCNL logistica, trasporto merci e spedizione 1 agosto 2013","/Users/lukeschreiber/Downloads/Italy/italy_scraping/italy_txts/Accordo 26 gennaio 2011 per il rinnovo del CCNL logistica, trasporto merci e spedizione (I100).txt",144574,0.0037,clean
18159,G022,"CCNL per le aziende esercenti l'industria della carta e cartone, della cellulosa, pasta legno, fibra vulcanizzata e presfibra e per le aziende cartotecniche e trasformatrici della carta e del cartone","/Users/lukeschreiber/Downloads/Italy/italy_scraping/italy_txts/Accordo 4112009 per il rinnovo del CCNL per le aziende esercenti l'industria della carta e cartone, della cellulosa, pasta legno, fibra vulcanizzata e (G022).txt",33991,0.0024,clean
19294,I100,"Protocollo attuativo dell'art. 47 bis ss. D.lgs. 81/2015 CCNL Logistica, Trasporto Merci, Spedizione","/Users/lukeschreiber/Downloads/Italy/italy_scraping/italy_txts/Accordo 26 gennaio 2011 per il rinnovo del CCNL logistica, trasporto merci e spedizione (I100).txt",144574,0.0037,clean
19818,D028,"Accordo integrativo e modificativo del CCNL MODA - Pelletteria, Calzaturiero, Tessile e Abbigliamento del 24/01/2022","/Users/lukeschreiber/Downloads/Italy/italy_scraping/italy_txts/CCNL MODA - Pelletteria, Calzaturiero, Tessile e Abbigliamento (D028).txt",424073,0.0017,clean
20977,V719,Verbale di accordo sul rinnovo del CCNL Servizi Ausiliari Integrati del 29/10/2021,"/Users/lukeschreiber/Downloads/Italy/italy_scraping/italy_txts/Accordo interconfederale welfare aziendale e premi di risultato CCNL Servizi Ausiliari alle Collettività, alle Aziende e alle Persone (V719).txt",4448,0.0117,clean
17280,G111,CCNL 6 giugno 1966 per gli impiegati e gli operai dipendenti dalle case di importazione e distribuzione film,/Users/lukeschreiber/Downloads/Italy/italy_scraping/italy_txts/Accordo per l'applicazione del CCNL 7 marzo 2005 ai lavoratori dipendenti delle aziende aderenti alla FEAC (G111).txt,1988,0.0075,clean
20911,ID11,"CCNL per il personale da imprese esercenti servizi in appalto per conto dell'Amministrazione della Difesa, Interni, Giustizia, Forze dell'Ordine e Amministrazioni militari",/Users/lukeschreiber/Downloads/Italy/italy_scraping/italy_txts/CARICO E SCARICO (per Ministero Difesa) (ID11).txt,87283,0.0009,clean
6935,H011,COMMERCIO E SERVIZI,"/Users/lukeschreiber/Downloads/Italy/italy_scraping/italy_txts/Accordo di rinnovo CCNL Terziario, Distribuzione e Servizi (H011).txt",5553,0.0058,clean
18777,D018,"CCNL per gli addetti alle piccole e medie industrie del settore tessile-abbigliamento-moda, calzature, pelli e cuoio, penne, spazzole e pennelli, occhiali, giocattoli","/Users/lukeschreiber/Downloads/Italy/italy_scraping/italy_txts/CCNL per gli addetti alle piccole e medie industrie del settore tessile-abbigliamento-moda, calzature, pelli e cuoio, penne, spazzole e pennelli, occh (D018).txt",1062766,0.0026,clean
14634,G091,Verbale di accordo sindacale 8 marzo 2012 di adesione dell'UGL al CCNL per le imprese radiotelevisive private 16 febbraio 2011,/Users/lukeschreiber/Downloads/Italy/italy_scraping/italy_txts/Accordo 16 febbraio 2011 di rinnovo del CCNL per le imprese radiotelevisive private (G091).txt,29312,0.006,clean
9441,S431,Sottoscrizione del CCNL relativo al personale del comparto delle agenzie fiscali per il quadriennio normativo 2006-2009 e biennio economico 2006-2007,/Users/lukeschreiber/Downloads/Italy/italy_scraping/italy_txts/AGENZIE FISCALI (S431).txt,273181,0.0,clean
17278,G111,CCNL 15 novembre 1965 per gli impiegati e gli operai dipendenti da aziende esercenti lo sviluppo e la  stampa di pellicole cinematografiche,/Users/lukeschreiber/Downloads/Italy/italy_scraping/italy_txts/Accordo per l'applicazione del CCNL 7 marzo 2005 ai lavoratori dipendenti delle aziende aderenti alla FEAC (G111).txt,1988,0.0075,clean
7091,S311,ENTI DI RICERCA,/Users/lukeschreiber/Downloads/Italy/italy_scraping/italy_txts/CCNL del personale non dirigente del comparto delle Istituzioni e degli Enti di Ricerca e Sperimentazione per il quadriennio normativo 2006-2009 ed il (S311).txt,27559,0.0076,clean
19873,H061,Accordo di modifica dell'art. 28 del CCNL per i dirigenti delle aziende alberghiere,/Users/lukeschreiber/Downloads/Italy/italy_scraping/italy_txts/ALBERGHI Dirigenti (H061).txt,110697,0.0,clean
18322,B254,CCNL per gli addetti all'Industria dell'Energia e del Petrolio,/Users/lukeschreiber/Downloads/Italy/italy_scraping/italy_txts/Rinnovo biennale parte economica CCNL Energia e Petrolio 14 marzo 2002 (B254).txt,2493,0.0036,clean
18983,E073,Verbale di accordo integrativo e modificativo del CCNL per i lavoratori dipendenti delle imprese esercenti attività nel settore della pesca e della imprenditoria ittica,/Users/lukeschreiber/Downloads/Italy/italy_scraping/italy_txts/Verbale di accordo integrativo e modificativo del CCNL per i lavoratori dipendenti delle imprese esercenti attività nel settore della pesca e della im (E073).txt,5222,0.0017,clean
18851,T261,CCNL per gli operatori della formazione professionale dipendenti dagli Enti privati convenzionati,/Users/lukeschreiber/Downloads/Italy/italy_scraping/italy_txts/Adesione di UGL SCUOLA al CCNL per la formazione professionale 20072010 (T261).txt,126025,0.0017,clean
19270,H0L1,Accordo economico collettivo per la disciplina del rapporto di agenzia e rappresentanza commerciale del settore del commercio,/Users/lukeschreiber/Downloads/Italy/italy_scraping/italy_txts/Accordo economico collettivo per la disciplina del rapporto di agenzia e rappresentanza commerciale del settore del commercio (H0L1).txt,77223,0.0022,clean
19924,T19M,Verbale di accordo integrativo del CCNL per i dipendenti delle associazioni ed altre organizzazioni del terzo settore,/Users/lukeschreiber/Downloads/Italy/italy_scraping/italy_txts/CCNL per i dipendenti delle associazioni ed altre organizzazioni del terzo settore (T19M).txt,205237,0.0051,clean
14836,I491,"Accordo di rinnovo del CCNL 15 ottobre 1999 e successive modifiche per i dirigenti delle agenzie marittime raccomandatarie, agenzie aeree e mediatori marittimi",/Users/lukeschreiber/Downloads/Italy/italy_scraping/italy_txts/AGENZIE MARITTIME E AEREE Dirigenti (I491).txt,31731,0.0001,clean
2978,I511,MARITTIMI: Navi da Carico da 151 a 3000 Tsl o 4000 Tsc,/Users/lukeschreiber/Downloads/Italy/italy_scraping/italy_txts/MARITTIMI Navi da Carico da 151 a 3000 Tsl o 4000 Tsc (I511).txt,77579,0.0,clean
3176,K721,SERVIZI POSTALI IN APPALTO,/Users/lukeschreiber/Downloads/Italy/italy_scraping/italy_txts/CCNL per imprese esercenti servizi postali in appalto (K721).txt,276934,0.0013,clean
6474,A021,AGRICOLTURA: Impiegati,/Users/lukeschreiber/Downloads/Italy/italy_scraping/italy_txts/AGRICOLTURA Impiegati (A021).txt,116832,0.0,clean
6044,K451,TURISMO (AZIENDE FEDERTURISMO),/Users/lukeschreiber/Downloads/Italy/italy_scraping/italy_txts/Protocollo di intesa Turismo Confindustria (K451).txt,3792,0.0055,clean
6008,H052,TURISMO (AZIENDE CONFCOMMERCIO),/Users/lukeschreiber/Downloads/Italy/italy_scraping/italy_txts/Accordo intervento straordinario bilateralità turismo (H052).txt,16495,0.0158,clean
6135,H601,CENTRI DI ELABORAZIONE DATI,/Users/lukeschreiber/Downloads/Italy/italy_scraping/italy_txts/CCNL per i dipendenti da Centri Elaborazione Dati (H601).txt,199364,0.002,clean
5398,I501,MARITTIMI: Navi sino a 151 Tsl Armamento Privato,/Users/lukeschreiber/Downloads/Italy/italy_scraping/italy_txts/MARITTIMI Navi sino a 151 Tsl Armamento Privato (I501).txt,77579,0.0,clean
15379,D241,Ipotesi di rinnovo del CCNL 14 aprile 2010,/Users/lukeschreiber/Downloads/Italy/italy_scraping/italy_txts/Ipotesi di rinnovo del CCNL 14 aprile 2010 (D241).txt,81693,0.0051,clean
19902,T09M,"CCNL per il personale dipendente del settore assistenziale, socio-sanitario e delle cure post-intensive","/Users/lukeschreiber/Downloads/Italy/italy_scraping/italy_txts/CCNL per il personale dipendente del settore assistenziale, socio-sanitario e delle cure post-intensive (T09M).txt",233926,0.0012,clean
9563,T231,CCNL ANINSEI per il personale della scuola non statale,/Users/lukeschreiber/Downloads/Italy/italy_scraping/italy_txts/CCNL ANINSEI per il personale della scuola non statale - Testo ufficiale edizione 2025 (T231).txt,210676,0.0043,clean
5411,S621,ENEA,/Users/lukeschreiber/Downloads/Italy/italy_scraping/italy_txts/CCNL DEL PERSONALE ENEA PER IL TRIENNIO 31 DICEMBRE 1988-30 DICEMBRE 1991 APPROVATO CON DECRETO DEL PRESIDENTE DEL CONSIGLIO DEI MINISTRI DEL 28 DICEM (S621).txt,259528,0.0025,clean
9003,I832,CCNL 2004-2007 personale dirigente di ENAV SpA,/Users/lukeschreiber/Downloads/Italy/italy_scraping/italy_txts/CCNL 2004-2007 personale dirigente di ENAV SpA (I832).txt,51852,0.0002,clean
8466,T911,FONDAZIONE ENASARCO,/Users/lukeschreiber/Downloads/Italy/italy_scraping/italy_txts/FONDAZIONE ENASARCO (T911).txt,7500,0.0,clean
8685,S103,AREA II: Dirigenti (Regioni),/Users/lukeschreiber/Downloads/Italy/italy_scraping/italy_txts/AREA II Dirigenti (Regioni) (S103).txt,13681,0.0,clean
12335,E012,Sottoscrizione accordo 22/09/2009 per il rinnovo del CCNL industria alimentare,/Users/lukeschreiber/Downloads/Italy/italy_scraping/italy_txts/ALIMENTARISTI Industrie (E012).txt,451179,0.0002,clean
5297,F015,EDILI: Artigiane,/Users/lukeschreiber/Downloads/Italy/italy_scraping/italy_txts/Accordo di rinnovo del CCNL 30 gennaio 2020 per i lavoratori dipendenti delle imprese artigiane e delle piccole e medie imprese industriali dell'edili (F015).txt,48832,0.0048,clean
13528,J2E0,Accordo collettivo nazionale di lavoro dei dipendenti società finanziarie e servizi,/Users/lukeschreiber/Downloads/Italy/italy_scraping/italy_txts/Accordo collettivo nazionale di lavoro dei dipendenti società finanziarie e servizi (J2E0).txt,2296,0.0087,clean
13358,G421,CCNL per i dipendenti delle aziende videofonografiche,/Users/lukeschreiber/Downloads/Italy/italy_scraping/italy_txts/Accordo di rinnovo del CCNL 10 luglio 2014 per i dipendenti delle aziende videofonografiche (G421).txt,10826,0.0105,clean
9358,G511,Ipotesi per il rinnovo del CCNL per i dipendenti dei fotolaboratori italiani conto terzi,/Users/lukeschreiber/Downloads/Italy/italy_scraping/italy_txts/Accordo di rinnovo del CCNL per i dipendenti dei Fotolaboratori conto terzi (G511).txt,58601,0.0036,clean
14453,H012,"CCNL per i dipendenti da aziende del terziario, della distribuzione e dei servizi IPOTESI DI ACCORDO 15 marzo 2011","/Users/lukeschreiber/Downloads/Italy/italy_scraping/italy_txts/Accordo di riordino complessivo della disciplina dell'apprendistato nel settore terziario, distribuzione, servizi tra Confesercenti e UGL Terziario (H012).txt",70170,0.0069,clean
8122,J2E4,Agenti in attività finanziarie,/Users/lukeschreiber/Downloads/Italy/italy_scraping/italy_txts/Agenti in attività finanziarie (J2E4).txt,51643,0.0,clean
7223,T031,SANITA': Dipendenti AVIS,/Users/lukeschreiber/Downloads/Italy/italy_scraping/italy_txts/Accordo sul premio di incentivazione (T031).txt,6682,0.0024,clean
9571,I751,CCNL per i medici di bordo,/Users/lukeschreiber/Downloads/Italy/italy_scraping/italy_txts/Accordo per l'estensione ai medici di bordo imbarcati sulle navi passeggeri delle società associate alla FEDARLINEA del CCNL per il trattamento dei me (I751).txt,3129,0.0134,clean
3897,H021,CCNL PER I DIRIGENTI DI AZIENDE DEL TERZIARIO DELLA DISTRIBUZIONE E DEI SERVIZI,/Users/lukeschreiber/Downloads/Italy/italy_scraping/italy_txts/Accordo Ponte CCNL 27 maggio 2004 per i dirigenti di aziende del terziario della distribuzione e dei servizi (H021).txt,2126,0.0141,clean
15314,C030,CCNL Area Meccanica - Accordo per la proroga della disciplina dell'apprendistato professionalizzante di cui al D.Lgs. 167/2011,/Users/lukeschreiber/Downloads/Italy/italy_scraping/italy_txts/CCNL AREA MECCANICA - Artigianato (C030).txt,474681,0.0032,clean
14610,T512,Verbale di accordo per il rinnovo del CCNL del personale dirigente dell'ANAS SpA,/Users/lukeschreiber/Downloads/Italy/italy_scraping/italy_txts/ANAS Dirigenti (T512).txt,29141,0.0,clean
827,J211,BANCARI: ASSICREDITO Dirigenti,/Users/lukeschreiber/Downloads/Italy/italy_scraping/italy_txts/BANCARI ASSICREDITO Dirigenti (J211).txt,174718,0.0004,clean
8410,I511,MARITTIMI: Navi da Carico da 151 a 3000 Tsl o 4000 Tsc,/Users/lukeschreiber/Downloads/Italy/italy_scraping/italy_txts/MARITTIMI Navi da Carico da 151 a 3000 Tsl o 4000 Tsc (I511).txt,77579,0.0,clean
19960,G02F,CCNL giornalistico e per la regolamentazione dei rapporti di lavoro di natura redazionale nei settori della comunicazione e dell'informazione periodica locale e on line e nazionale no profit,/Users/lukeschreiber/Downloads/Italy/italy_scraping/italy_txts/CCNL giornalistico e per la regolamentazione dei rapporti di lavoro di natura redazionale nei settori della comunicazione e dell'informazione periodic (G02F).txt,62219,0.0054,clean
1925,T221,SCUOLE PRIVATE (Istituti laici FIINSEI - ANINSEI),/Users/lukeschreiber/Downloads/Italy/italy_scraping/italy_txts/SCUOLE PRIVATE (Istituti laici FIINSEI - ANINSEI) (T221).txt,76975,0.0001,clean
14447,A016,Rinnovo del CCNL per i dipendenti di cooperative e consorzi agricoli scaduto il 31/12/2009,/Users/lukeschreiber/Downloads/Italy/italy_scraping/italy_txts/AGRICOLTURA Cooperative e Consorzi Agricoli (A016).txt,216775,0.0004,clean
694,I8A2,PILOTI Collaudatori Dip. da Az. di Costruzioni Aerospaziali,/Users/lukeschreiber/Downloads/Italy/italy_scraping/italy_txts/CCNL per i piloti collaudatori dipendenti da aziende di costruzioni aerospaziali (I8A2).txt,55949,0.0051,clean
13671,G011,Ipotesi di accordo 30 maggio 2011 per il rinnovo del CCNL per i dipendenti delle aziende grafiche ed affini e delle aziende editoriali anche multimediali,/Users/lukeschreiber/Downloads/Italy/italy_scraping/italy_txts/Accordo per il rinnovo del CCNL per i dipendenti delle aziende grafiche ed affini e delle aziende editoriali anche multimediali (G011).txt,106183,0.0018,clean
5394,I611,MARITTIMI: Aliscafi e Natanti Veloci Passeggeri,/Users/lukeschreiber/Downloads/Italy/italy_scraping/italy_txts/CCNL 5 giugno 2007 per l'imbarco degli equipaggi degli aliscafi e dei natanti veloci per trasporto passeggeri (I611).txt,101295,0.0063,clean
20715,H508,Sottoscrizione da parte di UGL Terziario del CCNL per i soci e lavoratori dipendenti delle organizzazioni esercenti attività nel settore Colf e Badanti,/Users/lukeschreiber/Downloads/Italy/italy_scraping/italy_txts/CCNL per COLF E BADANTI (H508).txt,43440,0.0016,clean
19770,G091,"Ipotesi di accordo trattative di rinnovo del CCNL per i dipendenti di imprese radiotelevisive, multimediali e multipiattaforma",/Users/lukeschreiber/Downloads/Italy/italy_scraping/italy_txts/Accordo 16 febbraio 2011 di rinnovo del CCNL per le imprese radiotelevisive private (G091).txt,29312,0.006,clean
18931,H09B,Accordo per la proroga del contratto sottoscritto in data 27 luglio 2015 - CCNL per la disciplina del rapporto degli agenti operanti per conto di società cooperative esercenti attività nei settori del Commercio - Servizi - Terziario - Turismo - Artigianat,/Users/lukeschreiber/Downloads/Italy/italy_scraping/italy_txts/CCNL per la disciplina del rapporto degli agenti operanti per conto di società cooperative esercenti attività nei settori del Commercio - Servizi - Te (H09B).txt,62389,0.0026,clean
15285,D014,CCNL Tessile-Abbigliamento-Moda,/Users/lukeschreiber/Downloads/Italy/italy_scraping/italy_txts/CCNL TESSILE ABBIGLIAMENTO (D014).txt,684976,0.0065,clean
7804,H062,ALBERGHI: Dipendenti Catene Alberghiere,/Users/lukeschreiber/Downloads/Italy/italy_scraping/italy_txts/ALBERGHI Dipendenti Catene Alberghiere (H062).txt,208916,0.0015,clean
19421,T19D,"CCNL per Dirigenti, Quadri, Impiegati e Operai dipendenti di Enti, Imprese e Cooperative Sociali del Terzo Settore, Sport e altri Enti senza scopo di lucro",/Users/lukeschreiber/Downloads/Italy/italy_scraping/italy_txts/Accordo per la disciplina del lavoro agile (T19D).txt,4910,0.011,clean
17023,G02D,CCNL per i dipendenti delle piccole e medie aziende dell'informatica e dei servizi innovativi e della comunicazione grafiche ed affini,/Users/lukeschreiber/Downloads/Italy/italy_scraping/italy_txts/CCNL per i dipendenti delle piccole e medie aziende dell'informatica e dei servizi innovativi e della comunicazione grafiche ed affini (G02D).txt,252285,0.0052,clean
18097,E042,CCNL 18 marzo 1980 per i dipendenti dalle aziende di lavorazione della foglia del tabacco,/Users/lukeschreiber/Downloads/Italy/italy_scraping/italy_txts/CCNL 1 ottobre 1970 per i dipendenti dalle aziende di lavorazione della foglia del tabacco (E042).txt,7572,0.0102,clean
13455,D231,"CCNL per i lavoratori dipendenti dalle aziende che producono addobbi e ornamenti natalizi, giocattoli, giochi, modellismo, articoli di puericultura",/Users/lukeschreiber/Downloads/Italy/italy_scraping/italy_txts/Accordo di rinnovo del CCNL 15 luglio 2010 (D231).txt,36570,0.0054,clean
17282,G369,CCNL 23 maggio 1964 per gli artisti del coro dipendenti dagli enti lirici e sinfonici ,/Users/lukeschreiber/Downloads/Italy/italy_scraping/italy_txts/CCNL 23 maggio 1964 per gli artisti del coro dipendenti dagli enti lirici e sinfonici (G369).txt,54927,0.004,clean
9021,K531,Accordo per il 2° biennio economico 2005-2006 del Ccnl per i dipendenti da aziende di igiene urbana private,/Users/lukeschreiber/Downloads/Italy/italy_scraping/italy_txts/Accordo di rinnovo del CCNL del 3042003 (K531).txt,52859,0.0089,clean
15036,H01M,"CCNL per i dipendenti del terziario: commercio, distribuzione e servizi","/Users/lukeschreiber/Downloads/Italy/italy_scraping/italy_txts/CCNL per i dipendenti del terziario commercio, distribuzione e servizi (H01M).txt",417649,0.0018,clean
17733,A221,"CCNL 2 dicembre 1977 per i dipendenti dalle organizzazioni degli allevatori, consorzi ed enti zootecnici",/Users/lukeschreiber/Downloads/Italy/italy_scraping/italy_txts/Ipotesi di accordo per il rinnovo del CCNL dipendenti organizzazioni allevatori (A221).txt,27567,0.0047,clean
20376,J175,CCNL impiegati amministrativi Agenzie Generali di Generali Italia SpA,/Users/lukeschreiber/Downloads/Italy/italy_scraping/italy_txts/ASSICURAZIONI Agenzie INA VITA-ASSITALIA (Dipendenti) (J175).txt,124733,0.0016,clean
18308,S005,CCNL relativo al personale del Comparto Funzioni Centrali,"/Users/lukeschreiber/Downloads/Italy/italy_scraping/italy_txts/Accordo tra l'Aran, le confederazioni rappresentative nei comparti di contrattazione e la FNSI per la specifica regolazione di raccordo del personale  (S005).txt",12527,0.02,noisy
17810,E062,CCNL 22 novembre 1969 per gli addetti alla industria risiera,/Users/lukeschreiber/Downloads/Italy/italy_scraping/italy_txts/Accordo 11 agosto 1954 per il conglobamento e riassetto zonale delle retribuzioni per gli addetti all'industria risiera (E062).txt,26769,0.055,noisy
20984,C05A,Accordo integrativo al CCNL per i dipendenti del settore Metalmeccanica - Industria - Installazione impianti,/Users/lukeschreiber/Downloads/Italy/italy_scraping/italy_txts/Accordo integrativo al CCNL per i dipendenti del settore Metalmeccanica - Industria - Installazione impianti (C05A).txt,5719,0.0759,noisy
14529,H121,CCNL 26 maggio 2009 dei dipendenti da farmacia privata,/Users/lukeschreiber/Downloads/Italy/italy_scraping/italy_txts/Accordo di rinnovo 14 novembre 2011 ad integrazione e modifica del CCNL 26 maggio 2009 (H121).txt,6776,0.0244,noisy
6517,S241,SANITA': Medici di Medicina Generale,/Users/lukeschreiber/Downloads/Italy/italy_scraping/italy_txts/Ipotesi di Accordo Collettivo Nazionale per il rafforzamento delle attività territoriali di diagnostica di primo livello e di prevenzione della trasmi (S241).txt,426887,0.0428,noisy
19544,V754,"CCNL Moda artigianato - Pelletteria, Calzaturiero, Tessile e Abbigliamento ed Affini, Chimica e Ceramica","/Users/lukeschreiber/Downloads/Italy/italy_scraping/italy_txts/Accordo economico integrativo del CCNL Moda artigianato - Pelletteria, Calzaturiero, Tessile e Abbigliamento ed Affini, Chimica e Ceramica - codice co (V754).txt",3254,0.0234,noisy
19247,K574,Accordo interconfederale integrativo e modificativo del CCNL Multiservizi del 23/05/2019 (validità 01/06/2019-31/05/2022),/Users/lukeschreiber/Downloads/Italy/italy_scraping/italy_txts/Accordo di rinnovo economico del CCNL Multiservizi (K574).txt,3064,0.0277,noisy
20429,S241,Ipotesi di Accordo Collettivo Nazionale per la disciplina dei rapporti con i medici di medicina generale ai sensi dell'art.8 del D. Lgs. n. 502 del 1992 e successive modificazioni e integrazioni,/Users/lukeschreiber/Downloads/Italy/italy_scraping/italy_txts/Ipotesi di Accordo Collettivo Nazionale per il rafforzamento delle attività territoriali di diagnostica di primo livello e di prevenzione della trasmi (S241).txt,426887,0.0428,noisy
19585,K574,Accordo interconfederale integrativo e modificativo del CCNL Multiservizi del 23/05/2019,/Users/lukeschreiber/Downloads/Italy/italy_scraping/italy_txts/Accordo di rinnovo economico del CCNL Multiservizi (K574).txt,3064,0.0277,noisy
20844,S105,Accordo d'integrazione dell'ACNQ del 12 aprile 2022 in materia di costituzione delle rappresentanze sindacali unitarie per il personale dei comparti delle pubbliche amministrazioni e per la definizione del relativo regolamento elettorale - Comparto Funzioni Locali,"/Users/lukeschreiber/Downloads/Italy/italy_scraping/italy_txts/Accordo tra l'Aran, le confederazioni rappresentative nei comparti di contrattazione e la FNSI per la specifica regolazione di raccordo del personale  (S105).txt",12527,0.02,noisy
17869,E063,Accordo 1 febbraio 1955 per il conglobamento e riassetto zonale delle retribuzioni nell'ndustra molitoria e della pastificazione,/Users/lukeschreiber/Downloads/Italy/italy_scraping/italy_txts/Accordo 1 febbraio 1955 per il conglobamento e riassetto zonale delle retribuzioni nell'ndustra molitoria e della pastificazione (E063).txt,15362,0.0719,noisy
17865,E063,CCNL 12 marzo 1949 per i lavoratori addetti all'industra della macinaziione e della pastificazione,/Users/lukeschreiber/Downloads/Italy/italy_scraping/italy_txts/Accordo 1 febbraio 1955 per il conglobamento e riassetto zonale delle retribuzioni nell'ndustra molitoria e della pastificazione (E063).txt,15362,0.0719,noisy
17870,E063,CCNL 18 novembe 1961 per i lavoratori addetti alle industre della macinaziione e della pastificazione,/Users/lukeschreiber/Downloads/Italy/italy_scraping/italy_txts/Accordo 1 febbraio 1955 per il conglobamento e riassetto zonale delle retribuzioni nell'ndustra molitoria e della pastificazione (E063).txt,15362,0.0719,noisy
20841,S005,Sequenza contrattuale ENAC ad integrazione del CCNL del personale del Comparto Funzioni Centrali del 09 maggio 2022,"/Users/lukeschreiber/Downloads/Italy/italy_scraping/italy_txts/Accordo tra l'Aran, le confederazioni rappresentative nei comparti di contrattazione e la FNSI per la specifica regolazione di raccordo del personale  (S005).txt",12527,0.02,noisy
20413,S241,Ipotesi di Accordo Collettivo Nazionale per la disciplina dei rapporti con i medici di medicina generale ai sensi dell'art.8 del D. Lgs. n. 502 del 1992 e successive modificazioni e integrazioni,/Users/lukeschreiber/Downloads/Italy/italy_scraping/italy_txts/Ipotesi di Accordo Collettivo Nazionale per il rafforzamento delle attività territoriali di diagnostica di primo livello e di prevenzione della trasmi (S241).txt,426887,0.0428,noisy
18377,S205,CCNL relativo al personale del Comparto Sanità,"/Users/lukeschreiber/Downloads/Italy/italy_scraping/italy_txts/Accordo tra l'Aran, le confederazioni rappresentative nei comparti di contrattazione e la FNSI per la specifica regolazione di raccordo del personale  (S205).txt",12527,0.02,noisy
18627,K574,CCNL Multiservizi,/Users/lukeschreiber/Downloads/Italy/italy_scraping/italy_txts/Accordo di rinnovo economico del CCNL Multiservizi (K574).txt,3064,0.0277,noisy
19480,E018,CCNL per i lavoratori dipendenti della piccola e media industria alimentare,/Users/lukeschreiber/Downloads/Italy/italy_scraping/italy_txts/CCNL per i lavoratori dipendenti della piccola e media industria alimentare (E018).txt,310149,0.0229,noisy
7522,S241,SANITA': Medici di Medicina Generale,/Users/lukeschreiber/Downloads/Italy/italy_scraping/italy_txts/Ipotesi di Accordo Collettivo Nazionale per il rafforzamento delle attività territoriali di diagnostica di primo livello e di prevenzione della trasmi (S241).txt,426887,0.0428,noisy
7527,S271,SANITA': Medici professionisti ambulatoriali,/Users/lukeschreiber/Downloads/Italy/italy_scraping/italy_txts/SANITA' Medici professionisti ambulatoriali (S271).txt,108948,0.076,noisy
7541,H121,FARMACIE PRIVATE,/Users/lukeschreiber/Downloads/Italy/italy_scraping/italy_txts/Accordo di rinnovo 14 novembre 2011 ad integrazione e modifica del CCNL 26 maggio 2009 (H121).txt,6776,0.0244,noisy
15302,H055,CCNL per i dipendenti delle Aziende del settore TURISMO E PUBBLICI ESERCIZI,/Users/lukeschreiber/Downloads/Italy/italy_scraping/italy_txts/TURISMO - CISAL (fino a 14 dipendenti) (H055).txt,59056,0.0224,noisy
7718,H055,TURISMO - CISAL (fino a 14 dipendenti),/Users/lukeschreiber/Downloads/Italy/italy_scraping/italy_txts/TURISMO - CISAL (fino a 14 dipendenti) (H055).txt,59056,0.0224,noisy
18877,H02C,"Accordo interconfederale per la disciplina dei minimi contrattuali conglobati nelle tabelle economiche del CCNL per i dipendenti del settore Commercio, Terziario, Servizi, Pubblici Esercizi e Turismo del 19/06/2017 nonché per la introduzione di istituti i","/Users/lukeschreiber/Downloads/Italy/italy_scraping/italy_txts/CCNL per i dipendenti del settore Commercio, Terziario, Distribuzione, Servizi, Pubblici Esercizi e Turismo (H02C).txt",284790,0.0325,noisy
5502,H055,TURISMO - CISAL (fino a 14 dipendenti),/Users/lukeschreiber/Downloads/Italy/italy_scraping/italy_txts/TURISMO - CISAL (fino a 14 dipendenti) (H055).txt,59056,0.0224,noisy
20068,C053,Accordo integrativo e modificativo del CCNL addetti all'industria metalmeccanica privata e alla installazione impianti del 15/07/2020,/Users/lukeschreiber/Downloads/Italy/italy_scraping/italy_txts/Accordo di rinnovo economico del CCNL addetti all'industria metalmeccanica privata e alla installazione impianti (C053).txt,2798,0.0311,noisy
19267,C053,Accordo interconfederale integrativo e modificativo del CCNL addetti all'industria metalmeccanica privata e alla installazione impianti del 15/07/2020,/Users/lukeschreiber/Downloads/Italy/italy_scraping/italy_txts/Accordo di rinnovo economico del CCNL addetti all'industria metalmeccanica privata e alla installazione impianti (C053).txt,2798,0.0311,noisy
20817,C05A,"Accordo integrativo al CCNL per i dipendenti del settore Metalmeccanica - Industria - Installazione impianti""""",/Users/lukeschreiber/Downloads/Italy/italy_scraping/italy_txts/Accordo integrativo al CCNL per i dipendenti del settore Metalmeccanica - Industria - Installazione impianti (C05A).txt,5719,0.0759,noisy
19586,I170,"Accordo interconfederale integrativo e modificativo del CCNL per la distribuzione delle merci, della logistica e dei servizi privati del 29/04/2019","/Users/lukeschreiber/Downloads/Italy/italy_scraping/italy_txts/Accordo di rinnovo economico del CCNL per la distribuzione delle merci, della logistica e dei servizi privati (I170).txt",4019,0.0211,noisy
19944,S000,CCNL del personale del comparto autonomo della Presidenza del Consiglio dei Ministri relativo al triennio 2016-2018,"/Users/lukeschreiber/Downloads/Italy/italy_scraping/italy_txts/Accordo tra l'Aran, le confederazioni rappresentative nei comparti di contrattazione e la FNSI per la specifica regolazione di raccordo del personale  (S000).txt",12527,0.02,noisy
20869,E018,Verbale di accordo per il rinnovo del CCNL per i lavoratori dipendenti della piccola e media industria alimentare scaduto il 31 ottobre 2024,/Users/lukeschreiber/Downloads/Italy/italy_scraping/italy_txts/CCNL per i lavoratori dipendenti della piccola e media industria alimentare (E018).txt,310149,0.0229,noisy
20840,S005,Sequenza contrattuale AGID ad integrazione del CCNL del personale del Comparto Funzioni Centrali del 09 maggio 2022,"/Users/lukeschreiber/Downloads/Italy/italy_scraping/italy_txts/Accordo tra l'Aran, le confederazioni rappresentative nei comparti di contrattazione e la FNSI per la specifica regolazione di raccordo del personale  (S005).txt",12527,0.02,noisy
20749,T09A,Ipotesi di intesa per il rinnovo del CCNL della dirigenza medica degli Ospedali classificati 2016-2018,/Users/lukeschreiber/Downloads/Italy/italy_scraping/italy_txts/Accordo Ponte per i dirigenti medici dipendenti degli Ospedali Classificati ed IRCCS (T09A).txt,4980,0.0253,noisy
7739,I441,MARITTIMI: Cap. Lungo Corso Armamento Libero,/Users/lukeschreiber/Downloads/Italy/italy_scraping/italy_txts/CCNL per i capitani di lungo corso al comando e capitani di macchina alla direzione di macchina di navi dell'armamento libero e delle Società del Grup (I441).txt,136029,0.025,noisy
4862,H121,FARMACIE PRIVATE,/Users/lukeschreiber/Downloads/Italy/italy_scraping/italy_txts/Accordo di rinnovo 14 novembre 2011 ad integrazione e modifica del CCNL 26 maggio 2009 (H121).txt,6776,0.0244,noisy
18987,I170,"Verbale di accordo integrativo e modificativo del CCNL per la distribuzione delle merci, della logistica e dei servizi privati","/Users/lukeschreiber/Downloads/Italy/italy_scraping/italy_txts/Accordo di rinnovo economico del CCNL per la distribuzione delle merci, della logistica e dei servizi privati (I170).txt",4019,0.0211,noisy
7036,E018,ALIMENTARISTI: P.M.I.,/Users/lukeschreiber/Downloads/Italy/italy_scraping/italy_txts/CCNL per i lavoratori dipendenti della piccola e media industria alimentare (E018).txt,310149,0.0229,noisy
20415,S241,Accordo Collettivo Nazionale per la disciplina dei rapporti con i medici di medicina generale ai sensi dell'art.8 del D. Lgs. n. 502 del 1992 e successive modificazioni e integrazioni - triennio 2016-2018,/Users/lukeschreiber/Downloads/Italy/italy_scraping/italy_txts/Ipotesi di Accordo Collettivo Nazionale per il rafforzamento delle attività territoriali di diagnostica di primo livello e di prevenzione della trasmi (S241).txt,426887,0.0428,noisy
18309,S105,Ipotesi di CCNL relativo al personale del Comparto Funzioni Locali,"/Users/lukeschreiber/Downloads/Italy/italy_scraping/italy_txts/Accordo tra l'Aran, le confederazioni rappresentative nei comparti di contrattazione e la FNSI per la specifica regolazione di raccordo del personale  (S105).txt",12527,0.02,noisy
9974,S000,Sottoscrizione successiva del CCNL relativo al personale del comparto della Presidenza del Consiglio dei Ministri quadriennio normativo 2006-2009 e  biennio economico 2006-2007,"/Users/lukeschreiber/Downloads/Italy/italy_scraping/italy_txts/Accordo tra l'Aran, le confederazioni rappresentative nei comparti di contrattazione e la FNSI per la specifica regolazione di raccordo del personale  (S000).txt",12527,0.02,noisy
18378,S105,CCNL relativo al personale del Comparto Funzioni Locali,"/Users/lukeschreiber/Downloads/Italy/italy_scraping/italy_txts/Accordo tra l'Aran, le confederazioni rappresentative nei comparti di contrattazione e la FNSI per la specifica regolazione di raccordo del personale  (S105).txt",12527,0.02,noisy
20640,V754,"Accordo economico integrativo del CCNL Moda artigianato - Pelletteria, Calzaturiero, Tessile e Abbigliamento ed Affini, Chimica e Ceramica - codice contratto V754","/Users/lukeschreiber/Downloads/Italy/italy_scraping/italy_txts/Accordo economico integrativo del CCNL Moda artigianato - Pelletteria, Calzaturiero, Tessile e Abbigliamento ed Affini, Chimica e Ceramica - codice co (V754).txt",3254,0.0234,noisy
18500,B01F,CCNL per i lavoratori del settore Chimica,"/Users/lukeschreiber/Downloads/Italy/italy_scraping/italy_txts/CCNL per i dipendenti della piccola e media industria dei settori Chimica, Concia e settori accorpati, Plastica e Gomma, Abrasivi, Ceramica e Vetro (B01F).txt",689,0.0726,noisy
9588,E018,CCNL per i lavoratori dipendenti della piccola e media industria alimentare,/Users/lukeschreiber/Downloads/Italy/italy_scraping/italy_txts/CCNL per i lavoratori dipendenti della piccola e media industria alimentare (E018).txt,310149,0.0229,noisy
18085,K545,CCNL IGIENE AMBIENTALE AZIENDE PRIVATE,/Users/lukeschreiber/Downloads/Italy/italy_scraping/italy_txts/Accordo di rinnovo economico del CCNL IGIENE AMBIENTALE - Aziende Private e Municipalizzate (K545).txt,2836,0.0282,noisy
20861,I170,"Accordo di rinnovo economico del CCNL per la distribuzione delle merci, della logistica e dei servizi privati","/Users/lukeschreiber/Downloads/Italy/italy_scraping/italy_txts/Accordo di rinnovo economico del CCNL per la distribuzione delle merci, della logistica e dei servizi privati (I170).txt",4019,0.0211,noisy
19518,H02C,"CCNL per i dipendenti del settore Commercio, Terziario, Distribuzione, Servizi, Pubblici Esercizi e Turismo","/Users/lukeschreiber/Downloads/Italy/italy_scraping/italy_txts/CCNL per i dipendenti del settore Commercio, Terziario, Distribuzione, Servizi, Pubblici Esercizi e Turismo (H02C).txt",284790,0.0325,noisy
20858,S000,CCNL del personale del comparto autonomo della Presidenza del Consiglio dei Ministri relativo al triennio 2019-2021,"/Users/lukeschreiber/Downloads/Italy/italy_scraping/italy_txts/Accordo tra l'Aran, le confederazioni rappresentative nei comparti di contrattazione e la FNSI per la specifica regolazione di raccordo del personale  (S000).txt",12527,0.02,noisy
17940,T09A,CCNL ARIS ANMIRS Biennio economico 2006-2007,/Users/lukeschreiber/Downloads/Italy/italy_scraping/italy_txts/Accordo Ponte per i dirigenti medici dipendenti degli Ospedali Classificati ed IRCCS (T09A).txt,4980,0.0253,noisy
20412,S241,Ipotesi di Accordo Collettivo Nazionale per la disciplina dei rapporti con i medici di medicina generale ai sensi dell'art.8 del D. Lgs. n. 502 del 1992 e successive modificazioni e integrazioni,/Users/lukeschreiber/Downloads/Italy/italy_scraping/italy_txts/Ipotesi di Accordo Collettivo Nazionale per il rafforzamento delle attività territoriali di diagnostica di primo livello e di prevenzione della trasmi (S241).txt,426887,0.0428,noisy
17809,E062,CCNL 5 ottobre 1972 per gli addetti alla industria risiera,/Users/lukeschreiber/Downloads/Italy/italy_scraping/italy_txts/Accordo 11 agosto 1954 per il conglobamento e riassetto zonale delle retribuzioni per gli addetti all'industria risiera (E062).txt,26769,0.055,noisy
11076,H055,CCNL per i dipendenti delle aziende aventi alle proprie dipendenze fino a 14 dipendenti ed esercenti attività TURISTICHE E PUBBLICI ESERCIZI Alberghi - Complessi turistici ricettivi dell'aria aperta - Stabilimenti balneari - Aziende termali - Alberghi diu,/Users/lukeschreiber/Downloads/Italy/italy_scraping/italy_txts/TURISMO - CISAL (fino a 14 dipendenti) (H055).txt,59056,0.0224,noisy
18310,S205,Ipotesi di CCNL relativo al personale del Comparto Sanità,"/Users/lukeschreiber/Downloads/Italy/italy_scraping/italy_txts/Accordo tra l'Aran, le confederazioni rappresentative nei comparti di contrattazione e la FNSI per la specifica regolazione di raccordo del personale  (S205).txt",12527,0.02,noisy
19783,I170,"CCNL per la distribuzione delle merci, della logistica e dei servizi privati","/Users/lukeschreiber/Downloads/Italy/italy_scraping/italy_txts/Accordo di rinnovo economico del CCNL per la distribuzione delle merci, della logistica e dei servizi privati (I170).txt",4019,0.0211,noisy
7229,I441,MARITTIMI: Cap. Lungo Corso Armamento Libero,/Users/lukeschreiber/Downloads/Italy/italy_scraping/italy_txts/CCNL per i capitani di lungo corso al comando e capitani di macchina alla direzione di macchina di navi dell'armamento libero e delle Società del Grup (I441).txt,136029,0.025,noisy
18383,B130,CCNL 8 luglio 1965 per le aziende industriali che fabbricano articoli di vetro a soffio e a macchina e per i lavoratori da esse dipendenti,/Users/lukeschreiber/Downloads/Italy/italy_scraping/italy_txts/CCNL 18 maggio 1968 per le aziende industriali che producono articoli di vetro e per i lavoratori da esse dipendenti (B130).txt,523963,0.025,noisy
18118,H02C,"CCNL per i dipendenti del settore Commercio, Terziario, Distribuzione, Servizi, Pubblici Esercizi e Turismo","/Users/lukeschreiber/Downloads/Italy/italy_scraping/italy_txts/CCNL per i dipendenti del settore Commercio, Terziario, Distribuzione, Servizi, Pubblici Esercizi e Turismo (H02C).txt",284790,0.0325,noisy
11199,S000,CCNL relativo al personale del comparto della Presidenza del Consiglio dei Ministri biennio economico 2008-2009,"/Users/lukeschreiber/Downloads/Italy/italy_scraping/italy_txts/Accordo tra l'Aran, le confederazioni rappresentative nei comparti di contrattazione e la FNSI per la specifica regolazione di raccordo del personale  (S000).txt",12527,0.02,noisy
20843,S105,"Accordo di interpretazione autentica dell'art. 41, comma 5, del CCNL dei segretari comunali e provinciali, quadriennio normativo 1998-2001 e biennio economico 1998-1999","/Users/lukeschreiber/Downloads/Italy/italy_scraping/italy_txts/Accordo tra l'Aran, le confederazioni rappresentative nei comparti di contrattazione e la FNSI per la specifica regolazione di raccordo del personale  (S105).txt",12527,0.02,noisy
17540,I170,"Verbale di Accordo Integrativo al CCNL per la distribuzione delle merci, della logistica e dei servizi privati","/Users/lukeschreiber/Downloads/Italy/italy_scraping/italy_txts/Accordo di rinnovo economico del CCNL per la distribuzione delle merci, della logistica e dei servizi privati (I170).txt",4019,0.0211,noisy
9550,I655,"CCNL per i marittimi imbarcati su unità da diporto destinate a scopi commerciali, anche non in via esclusiva","/Users/lukeschreiber/Downloads/Italy/italy_scraping/italy_txts/CCNL per i marittimi imbarcati su unità da diporto destinate a scopi commerciali, anche non in via esclusiva (I655).txt",23000,0.0265,noisy
11813,E018,Intesa 16 settembre 2010 per l'incremento dei minimi tabellari del CCNL 17 aprile 2008 valevoli per le piccole e medie aziende del settore alimentare e della panificazione,/Users/lukeschreiber/Downloads/Italy/italy_scraping/italy_txts/CCNL per i lavoratori dipendenti della piccola e media industria alimentare (E018).txt,310149,0.0229,noisy
20028,S205,"Accordo tra l'Aran, le confederazioni rappresentative nei comparti di contrattazione e la FNSI per la specifica regolazione di raccordo del personale profili informazione","/Users/lukeschreiber/Downloads/Italy/italy_scraping/italy_txts/Accordo tra l'Aran, le confederazioni rappresentative nei comparti di contrattazione e la FNSI per la specifica regolazione di raccordo del personale  (S205).txt",12527,0.02,noisy
20859,K574,Accordo di rinnovo economico del CCNL Multiservizi,/Users/lukeschreiber/Downloads/Italy/italy_scraping/italy_txts/Accordo di rinnovo economico del CCNL Multiservizi (K574).txt,3064,0.0277,noisy
1685,H055,TURISMO - CISAL (fino a 14 dipendenti),/Users/lukeschreiber/Downloads/Italy/italy_scraping/italy_txts/TURISMO - CISAL (fino a 14 dipendenti) (H055).txt,59056,0.0224,noisy
19266,C053,CCNL addetti all'industria metalmeccanica privata e alla installazione impianti,/Users/lukeschreiber/Downloads/Italy/italy_scraping/italy_txts/Accordo di rinnovo economico del CCNL addetti all'industria metalmeccanica privata e alla installazione impianti (C053).txt,2798,0.0311,noisy
19887,S205,CCNL relativo al personale del Comparto Sanità,"/Users/lukeschreiber/Downloads/Italy/italy_scraping/italy_txts/Accordo tra l'Aran, le confederazioni rappresentative nei comparti di contrattazione e la FNSI per la specifica regolazione di raccordo del personale  (S205).txt",12527,0.02,noisy
17818,E062,CCNL 1 ottobre 1959  per gli addetti alla industria risiera,/Users/lukeschreiber/Downloads/Italy/italy_scraping/italy_txts/Accordo 11 agosto 1954 per il conglobamento e riassetto zonale delle retribuzioni per gli addetti all'industria risiera (E062).txt,26769,0.055,noisy
20028,S105,"Accordo tra l'Aran, le confederazioni rappresentative nei comparti di contrattazione e la FNSI per la specifica regolazione di raccordo del personale profili informazione","/Users/lukeschreiber/Downloads/Italy/italy_scraping/italy_txts/Accordo tra l'Aran, le confederazioni rappresentative nei comparti di contrattazione e la FNSI per la specifica regolazione di raccordo del personale  (S105).txt",12527,0.02,noisy
15172,E018,Verbale di accordo per il rinnovo del CCNL per i lavoratori dipendenti della piccola e media industria alimentare,/Users/lukeschreiber/Downloads/Italy/italy_scraping/italy_txts/CCNL per i lavoratori dipendenti della piccola e media industria alimentare (E018).txt,310149,0.0229,noisy
20002,S005,CCNL relativo alla sequenza contrattuale ad integrazione del CCNL del personale del Comparto Funzioni Centrali del 12 febbraio 2018,"/Users/lukeschreiber/Downloads/Italy/italy_scraping/italy_txts/Accordo tra l'Aran, le confederazioni rappresentative nei comparti di contrattazione e la FNSI per la specifica regolazione di raccordo del personale  (S005).txt",12527,0.02,noisy
17831,E062,CCNL 18 luglio1952  per gli addetti alla industria risiera,/Users/lukeschreiber/Downloads/Italy/italy_scraping/italy_txts/Accordo 11 agosto 1954 per il conglobamento e riassetto zonale delle retribuzioni per gli addetti all'industria risiera (E062).txt,26769,0.055,noisy
20842,S005,"Contratto di interpretazione autentica dell'art. 17, comma 8, terzo periodo, del CCNL del Comparto Funzioni Centrali 2022-2024, sottoscritto il 27 gennaio 2025, concernente la decorrenza della disciplina del diritto all'incarico di posizione organizzativa","/Users/lukeschreiber/Downloads/Italy/italy_scraping/italy_txts/Accordo tra l'Aran, le confederazioni rappresentative nei comparti di contrattazione e la FNSI per la specifica regolazione di raccordo del personale  (S005).txt",12527,0.02,noisy
20838,S005,Accordo d'integrazione dell'ACNQ del 12 aprile 2022 in materia di costituzione delle rappresentanze sindacali unitarie per il personale dei comparti delle pubbliche amministrazioni e per la definizione del relativo regolamento elettorale - Comparto Funzioni Centrali,"/Users/lukeschreiber/Downloads/Italy/italy_scraping/italy_txts/Accordo tra l'Aran, le confederazioni rappresentative nei comparti di contrattazione e la FNSI per la specifica regolazione di raccordo del personale  (S005).txt",12527,0.02,noisy
20284,H02C,"CCNL Commercio, Terziario, Distribuzione, Servizi, Pubblici Esercizi e Turismo","/Users/lukeschreiber/Downloads/Italy/italy_scraping/italy_txts/CCNL per i dipendenti del settore Commercio, Terziario, Distribuzione, Servizi, Pubblici Esercizi e Turismo (H02C).txt",284790,0.0325,noisy
7035,E018,ALIMENTARISTI: P.M.I.,/Users/lukeschreiber/Downloads/Italy/italy_scraping/italy_txts/CCNL per i lavoratori dipendenti della piccola e media industria alimentare (E018).txt,310149,0.0229,noisy
4026,H055,TURISMO - CISAL (fino a 14 dipendenti),/Users/lukeschreiber/Downloads/Italy/italy_scraping/italy_txts/TURISMO - CISAL (fino a 14 dipendenti) (H055).txt,59056,0.0224,noisy
9275,E018,"Rinnovo biennio economico 1/1/2006 - 31/12/2007 Unionalimentari - Fai, Flai Uila",/Users/lukeschreiber/Downloads/Italy/italy_scraping/italy_txts/CCNL per i lavoratori dipendenti della piccola e media industria alimentare (E018).txt,310149,0.0229,noisy
20973,S105,CCNL relativo al personale del Comparto Funzioni Locali triennio 2022-2024,"/Users/lukeschreiber/Downloads/Italy/italy_scraping/italy_txts/Accordo tra l'Aran, le confederazioni rappresentative nei comparti di contrattazione e la FNSI per la specifica regolazione di raccordo del personale  (S105).txt",12527,0.02,noisy
17845,E063,CCNL 29 novembre 1972 per i lavoratori addetti alle industre della macinazione e della pastificazione,/Users/lukeschreiber/Downloads/Italy/italy_scraping/italy_txts/Accordo 1 febbraio 1955 per il conglobamento e riassetto zonale delle retribuzioni nell'ndustra molitoria e della pastificazione (E063).txt,15362,0.0719,noisy
20860,K545,Accordo di rinnovo economico del CCNL IGIENE AMBIENTALE - Aziende Private e Municipalizzate,/Users/lukeschreiber/Downloads/Italy/italy_scraping/italy_txts/Accordo di rinnovo economico del CCNL IGIENE AMBIENTALE - Aziende Private e Municipalizzate (K545).txt,2836,0.0282,noisy
20044,H04S,"CCNL settore Turismo - Pubblici esercizi, ristorazione collettiva e commerciale, alberghi, stabilimenti balneari","/Users/lukeschreiber/Downloads/Italy/italy_scraping/italy_txts/CCNL settore Turismo - Pubblici esercizi, ristorazione collettiva e commerciale, alberghi, stabilimenti balneari (H04S).txt",994,0.0312,noisy
7760,I441,MARITTIMI: Cap. Lungo Corso Armamento Libero,/Users/lukeschreiber/Downloads/Italy/italy_scraping/italy_txts/CCNL per i capitani di lungo corso al comando e capitani di macchina alla direzione di macchina di navi dell'armamento libero e delle Società del Grup (I441).txt,136029,0.025,noisy
20433,C053,CCNL addetti all'industria metalmeccanica privata e alla installazione impianti,/Users/lukeschreiber/Downloads/Italy/italy_scraping/italy_txts/Accordo di rinnovo economico del CCNL addetti all'industria metalmeccanica privata e alla installazione impianti (C053).txt,2798,0.0311,noisy
7124,H055,TURISMO - CISAL (fino a 14 dipendenti),/Users/lukeschreiber/Downloads/Italy/italy_scraping/italy_txts/TURISMO - CISAL (fino a 14 dipendenti) (H055).txt,59056,0.0224,noisy
20411,S241,Accordo Collettivo Nazionale per la disciplina dei rapporti con i medici di medicina generale ai sensi dell'art.8 del D. Lgs. n. 502 del 1992 e successive modificazioni e integrazioni - biennio economico 2008-2009,/Users/lukeschreiber/Downloads/Italy/italy_scraping/italy_txts/Ipotesi di Accordo Collettivo Nazionale per il rafforzamento delle attività territoriali di diagnostica di primo livello e di prevenzione della trasmi (S241).txt,426887,0.0428,noisy
18872,K574,CCNL Multiservizi,/Users/lukeschreiber/Downloads/Italy/italy_scraping/italy_txts/Accordo di rinnovo economico del CCNL Multiservizi (K574).txt,3064,0.0277,noisy
19458,C053,Accordo interconfederale integrativo e modificativo del CCNL addetti all'industria metalmeccanica privata e alla installazione impianti del 01/08/2020,/Users/lukeschreiber/Downloads/Italy/italy_scraping/italy_txts/Accordo di rinnovo economico del CCNL addetti all'industria metalmeccanica privata e alla installazione impianti (C053).txt,2798,0.0311,noisy
7759,I441,MARITTIMI: Cap. Lungo Corso Armamento Libero,/Users/lukeschreiber/Downloads/Italy/italy_scraping/italy_txts/CCNL per i capitani di lungo corso al comando e capitani di macchina alla direzione di macchina di navi dell'armamento libero e delle Società del Grup (I441).txt,136029,0.025,noisy
6055,H121,FARMACIE PRIVATE,/Users/lukeschreiber/Downloads/Italy/italy_scraping/italy_txts/Accordo di rinnovo 14 novembre 2011 ad integrazione e modifica del CCNL 26 maggio 2009 (H121).txt,6776,0.0244,noisy
17127,K545,CCNL IGIENE AMBIENTALE AZIENDE PRIVATE,/Users/lukeschreiber/Downloads/Italy/italy_scraping/italy_txts/Accordo di rinnovo economico del CCNL IGIENE AMBIENTALE - Aziende Private e Municipalizzate (K545).txt,2836,0.0282,noisy
18986,S205,CCNL relativo al personale del Comparto Sanità sezione del personale del ruolo della ricerca sanitaria e delle attività di supporto alla ricerca sanitaria,"/Users/lukeschreiber/Downloads/Italy/italy_scraping/italy_txts/Accordo tra l'Aran, le confederazioni rappresentative nei comparti di contrattazione e la FNSI per la specifica regolazione di raccordo del personale  (S205).txt",12527,0.02,noisy
8674,S000,PRESIDENZA DEL CONSIGLIO DEI MINISTRI,"/Users/lukeschreiber/Downloads/Italy/italy_scraping/italy_txts/Accordo tra l'Aran, le confederazioni rappresentative nei comparti di contrattazione e la FNSI per la specifica regolazione di raccordo del personale  (S000).txt",12527,0.02,noisy
18849,I170,"CCNL per la distribuzione delle merci, della logistica e dei servizi privati","/Users/lukeschreiber/Downloads/Italy/italy_scraping/italy_txts/Accordo di rinnovo economico del CCNL per la distribuzione delle merci, della logistica e dei servizi privati (I170).txt",4019,0.0211,noisy
2153,I441,MARITTIMI: Cap. Lungo Corso Armamento Libero,/Users/lukeschreiber/Downloads/Italy/italy_scraping/italy_txts/CCNL per i capitani di lungo corso al comando e capitani di macchina alla direzione di macchina di navi dell'armamento libero e delle Società del Grup (I441).txt,136029,0.025,noisy
17817,E062,CCNL 30 novembre 1961 per gli addetti alla industria risiera,/Users/lukeschreiber/Downloads/Italy/italy_scraping/italy_txts/Accordo 11 agosto 1954 per il conglobamento e riassetto zonale delle retribuzioni per gli addetti all'industria risiera (E062).txt,26769,0.055,noisy
11814,E018,Verbale di accordo per il rinnovo del CCNL per i lavoratori dipendenti della piccola e media industria alimentare. 1 maggio 2010 - 30 aprile 2013,/Users/lukeschreiber/Downloads/Italy/italy_scraping/italy_txts/CCNL per i lavoratori dipendenti della piccola e media industria alimentare (E018).txt,310149,0.0229,noisy
20780,H121,Verbale di adesione al CCNL dipendenti farmacie private,/Users/lukeschreiber/Downloads/Italy/italy_scraping/italy_txts/Accordo di rinnovo 14 novembre 2011 ad integrazione e modifica del CCNL 26 maggio 2009 (H121).txt,6776,0.0244,noisy
20333,H121,Ipotesi di Accordo di rinnovo del CCNL 26 maggio 2009 e successive modifiche,/Users/lukeschreiber/Downloads/Italy/italy_scraping/italy_txts/Accordo di rinnovo 14 novembre 2011 ad integrazione e modifica del CCNL 26 maggio 2009 (H121).txt,6776,0.0244,noisy
8409,I441,MARITTIMI: Cap. Lungo Corso Armamento Libero,/Users/lukeschreiber/Downloads/Italy/italy_scraping/italy_txts/CCNL per i capitani di lungo corso al comando e capitani di macchina alla direzione di macchina di navi dell'armamento libero e delle Società del Grup (I441).txt,136029,0.025,noisy
17829,E062,CCNL 12 marzo 1949 per gli addetti alla industria risiera,/Users/lukeschreiber/Downloads/Italy/italy_scraping/italy_txts/Accordo 11 agosto 1954 per il conglobamento e riassetto zonale delle retribuzioni per gli addetti all'industria risiera (E062).txt,26769,0.055,noisy
9274,E018,CCNL per i lavoratori dipendenti della piccola e media industria alimentare,/Users/lukeschreiber/Downloads/Italy/italy_scraping/italy_txts/CCNL per i lavoratori dipendenti della piccola e media industria alimentare (E018).txt,310149,0.0229,noisy
9548,I441,CCNL per i capitani di lungo corso al comando e capitani di macchina alla direzione di macchina di navi dell'armamento libero e delle Società del Gruppo Tirrenia non in regolamento organico,/Users/lukeschreiber/Downloads/Italy/italy_scraping/italy_txts/CCNL per i capitani di lungo corso al comando e capitani di macchina alla direzione di macchina di navi dell'armamento libero e delle Società del Grup (I441).txt,136029,0.025,noisy
18086,I170,"CCNL per la distribuzione delle merci, della logistica e dei servizi privati","/Users/lukeschreiber/Downloads/Italy/italy_scraping/italy_txts/Accordo di rinnovo economico del CCNL per la distribuzione delle merci, della logistica e dei servizi privati (I170).txt",4019,0.0211,noisy
19979,K545,CCNL IGIENE AMBIENTALE - Aziende Private e Municipalizzate,/Users/lukeschreiber/Downloads/Italy/italy_scraping/italy_txts/Accordo di rinnovo economico del CCNL IGIENE AMBIENTALE - Aziende Private e Municipalizzate (K545).txt,2836,0.0282,noisy
17811,E062,CCNL 31 gennaio 1967 per gli addetti alla industria risiera,/Users/lukeschreiber/Downloads/Italy/italy_scraping/italy_txts/Accordo 11 agosto 1954 per il conglobamento e riassetto zonale delle retribuzioni per gli addetti all'industria risiera (E062).txt,26769,0.055,noisy
18307,S005,Ipotesi di CCNL relativo al personale del Comparto Funzioni Centrali,"/Users/lukeschreiber/Downloads/Italy/italy_scraping/italy_txts/Accordo tra l'Aran, le confederazioni rappresentative nei comparti di contrattazione e la FNSI per la specifica regolazione di raccordo del personale  (S005).txt",12527,0.02,noisy
17938,T09A,CCNL del personale dirigente medico dipendente degli Ospedali Classificati ancorché riconosciuti IRCCS,/Users/lukeschreiber/Downloads/Italy/italy_scraping/italy_txts/Accordo Ponte per i dirigenti medici dipendenti degli Ospedali Classificati ed IRCCS (T09A).txt,4980,0.0253,noisy
4655,S241,SANITA': Medici di Medicina Generale,/Users/lukeschreiber/Downloads/Italy/italy_scraping/italy_txts/Ipotesi di Accordo Collettivo Nazionale per il rafforzamento delle attività territoriali di diagnostica di primo livello e di prevenzione della trasmi (S241).txt,426887,0.0428,noisy
4680,E018,ALIMENTARISTI: P.M.I.,/Users/lukeschreiber/Downloads/Italy/italy_scraping/italy_txts/CCNL per i lavoratori dipendenti della piccola e media industria alimentare (E018).txt,310149,0.0229,noisy
17602,E033,Rettifica al CCNL per i dipendenti da imprese artigiane del settore alimentare e da imprese di panificazione,/Users/lukeschreiber/Downloads/Italy/italy_scraping/italy_txts/Rettifica al CCNL per i dipendenti da imprese artigiane del settore alimentare e da imprese di panificazione (E033).txt,1256,0.0303,noisy
17868,E063,Accordo 11 agosto 1954 per il conglobamento e riassetto zonale delle retribuzioni per gli addetti al'industra molitoria e della pastificazione,/Users/lukeschreiber/Downloads/Italy/italy_scraping/italy_txts/Accordo 1 febbraio 1955 per il conglobamento e riassetto zonale delle retribuzioni nell'ndustra molitoria e della pastificazione (E063).txt,15362,0.0719,noisy
20862,C053,Accordo di rinnovo economico del CCNL addetti all'industria metalmeccanica privata e alla installazione impianti,/Users/lukeschreiber/Downloads/Italy/italy_scraping/italy_txts/Accordo di rinnovo economico del CCNL addetti all'industria metalmeccanica privata e alla installazione impianti (C053).txt,2798,0.0311,noisy
20236,C05A,"CCNL per i dipendenti del settore Metalmeccanica - Industria - Installazione impianti""""",/Users/lukeschreiber/Downloads/Italy/italy_scraping/italy_txts/Accordo integrativo al CCNL per i dipendenti del settore Metalmeccanica - Industria - Installazione impianti (C05A).txt,5719,0.0759,noisy
20596,S005,CCNL del Comparto Funzioni Centrali triennio 2022-2024,"/Users/lukeschreiber/Downloads/Italy/italy_scraping/italy_txts/Accordo tra l'Aran, le confederazioni rappresentative nei comparti di contrattazione e la FNSI per la specifica regolazione di raccordo del personale  (S005).txt",12527,0.02,noisy
20870,E018,Verbale di rettifica all'accordo per il rinnovo del CCNL per i lavoratori dipendenti della piccola e media industria alimentare del 28 maggio 2025,/Users/lukeschreiber/Downloads/Italy/italy_scraping/italy_txts/CCNL per i lavoratori dipendenti della piccola e media industria alimentare (E018).txt,310149,0.0229,noisy
20416,S241,Accordo Collettivo Nazionale per la disciplina dei rapporti con i medici di medicina generale ai sensi dell'art.8 del D. Lgs. n. 502 del 1992 e successive modificazioni e integrazioni - triennio 2019-2021,/Users/lukeschreiber/Downloads/Italy/italy_scraping/italy_txts/Ipotesi di Accordo Collettivo Nazionale per il rafforzamento delle attività territoriali di diagnostica di primo livello e di prevenzione della trasmi (S241).txt,426887,0.0428,noisy
9620,E018,Verbale di accordo per l'adeguamento delle normative contrattuali,/Users/lukeschreiber/Downloads/Italy/italy_scraping/italy_txts/CCNL per i lavoratori dipendenti della piccola e media industria alimentare (E018).txt,310149,0.0229,noisy
20839,S005,Sequenza contrattuale ad integrazione del CCNL del personale del Comparto Funzioni Centrali del 09 maggio 2022,"/Users/lukeschreiber/Downloads/Italy/italy_scraping/italy_txts/Accordo tra l'Aran, le confederazioni rappresentative nei comparti di contrattazione e la FNSI per la specifica regolazione di raccordo del personale  (S005).txt",12527,0.02,noisy
17872,E063,CCNL 1 ottobre 1959 per i lavoratori addetti alle industre della macinaziione e della pastificazione,/Users/lukeschreiber/Downloads/Italy/italy_scraping/italy_txts/Accordo 1 febbraio 1955 per il conglobamento e riassetto zonale delle retribuzioni nell'ndustra molitoria e della pastificazione (E063).txt,15362,0.0719,noisy
9945,S000,CCNL relativo al personale del comparto della Presidenza del Consiglio dei Ministri quadriennio normativo 2006-2009 biennio economico 2006-2007,"/Users/lukeschreiber/Downloads/Italy/italy_scraping/italy_txts/Accordo tra l'Aran, le confederazioni rappresentative nei comparti di contrattazione e la FNSI per la specifica regolazione di raccordo del personale  (S000).txt",12527,0.02,noisy
6789,H055,TURISMO - CISAL (fino a 14 dipendenti),/Users/lukeschreiber/Downloads/Italy/italy_scraping/italy_txts/TURISMO - CISAL (fino a 14 dipendenti) (H055).txt,59056,0.0224,noisy
6484,E018,ALIMENTARISTI: P.M.I.,/Users/lukeschreiber/Downloads/Italy/italy_scraping/italy_txts/CCNL per i lavoratori dipendenti della piccola e media industria alimentare (E018).txt,310149,0.0229,noisy
17833,E062,Accordo 28 giugno 1956 per il rinnovo del CCNL per i lavoratori dipendenti dalle aziende risiere,/Users/lukeschreiber/Downloads/Italy/italy_scraping/italy_txts/Accordo 11 agosto 1954 per il conglobamento e riassetto zonale delle retribuzioni per gli addetti all'industria risiera (E062).txt,26769,0.055,noisy
6501,E018,ALIMENTARISTI: P.M.I.,/Users/lukeschreiber/Downloads/Italy/italy_scraping/italy_txts/CCNL per i lavoratori dipendenti della piccola e media industria alimentare (E018).txt,310149,0.0229,noisy
7128,H055,TURISMO - CISAL (fino a 14 dipendenti),/Users/lukeschreiber/Downloads/Italy/italy_scraping/italy_txts/TURISMO - CISAL (fino a 14 dipendenti) (H055).txt,59056,0.0224,noisy
9956,S241,Ipotesi di ACN per la disciplina dei rapporti con i medici di medicina generale ai sensi art.8 D. Lgs.502/1992 e succ. modificazioni e integrazioni,/Users/lukeschreiber/Downloads/Italy/italy_scraping/italy_txts/Ipotesi di Accordo Collettivo Nazionale per il rafforzamento delle attività territoriali di diagnostica di primo livello e di prevenzione della trasmi (S241).txt,426887,0.0428,noisy
8015,S000,PRESIDENZA DEL CONSIGLIO DEI MINISTRI,"/Users/lukeschreiber/Downloads/Italy/italy_scraping/italy_txts/Accordo tra l'Aran, le confederazioni rappresentative nei comparti di contrattazione e la FNSI per la specifica regolazione di raccordo del personale  (S000).txt",12527,0.02,noisy
17920,E018,Verbale di integrazione dell'accordo di data 16 settembre 2016 per il rinnovo del CCNL per i lavoratori dipendenti della piccola e media industria alimentare,/Users/lukeschreiber/Downloads/Italy/italy_scraping/italy_txts/CCNL per i lavoratori dipendenti della piccola e media industria alimentare (E018).txt,310149,0.0229,noisy
6432,E018,ALIMENTARISTI: P.M.I.,/Users/lukeschreiber/Downloads/Italy/italy_scraping/italy_txts/CCNL per i lavoratori dipendenti della piccola e media industria alimentare (E018).txt,310149,0.0229,noisy
9351,I441,Verbale di accordo 5 giugno 2007 per il rinnovo dei CCNL del settore marittimo,/Users/lukeschreiber/Downloads/Italy/italy_scraping/italy_txts/CCNL per i capitani di lungo corso al comando e capitani di macchina alla direzione di macchina di navi dell'armamento libero e delle Società del Grup (I441).txt,136029,0.025,noisy
5204,H055,TURISMO - CISAL (fino a 14 dipendenti),/Users/lukeschreiber/Downloads/Italy/italy_scraping/italy_txts/TURISMO - CISAL (fino a 14 dipendenti) (H055).txt,59056,0.0224,noisy
20856,S205,CCNL relativo al personale del Comparto Sanità,"/Users/lukeschreiber/Downloads/Italy/italy_scraping/italy_txts/Accordo tra l'Aran, le confederazioni rappresentative nei comparti di contrattazione e la FNSI per la specifica regolazione di raccordo del personale  (S205).txt",12527,0.02,noisy
5097,E018,ALIMENTARISTI: P.M.I.,/Users/lukeschreiber/Downloads/Italy/italy_scraping/italy_txts/CCNL per i lavoratori dipendenti della piccola e media industria alimentare (E018).txt,310149,0.0229,noisy
5391,I441,MARITTIMI: Cap. Lungo Corso Armamento Libero,/Users/lukeschreiber/Downloads/Italy/italy_scraping/italy_txts/CCNL per i capitani di lungo corso al comando e capitani di macchina alla direzione di macchina di navi dell'armamento libero e delle Società del Grup (I441).txt,136029,0.025,noisy
19487,E018,Ipotesi di Verbale di accordo per il rinnovo del CCNL per i lavoratori dipendenti della piccola e media industria alimentare scaduto il 30 giugno 2020,/Users/lukeschreiber/Downloads/Italy/italy_scraping/italy_txts/CCNL per i lavoratori dipendenti della piccola e media industria alimentare (E018).txt,310149,0.0229,noisy
19945,S105,CCNL relativo al personale del Comparto Funzioni Locali triennio 2019-2021,"/Users/lukeschreiber/Downloads/Italy/italy_scraping/italy_txts/Accordo tra l'Aran, le confederazioni rappresentative nei comparti di contrattazione e la FNSI per la specifica regolazione di raccordo del personale  (S105).txt",12527,0.02,noisy
5501,H055,TURISMO - CISAL (fino a 14 dipendenti),/Users/lukeschreiber/Downloads/Italy/italy_scraping/italy_txts/TURISMO - CISAL (fino a 14 dipendenti) (H055).txt,59056,0.0224,noisy
20847,S205,Accordo d'integrazione dell'ACNQ del 12 aprile 2022 in materia di costituzione delle rappresentanze sindacali unitarie per il personale dei comparti delle pubbliche amministrazioni e per la definizione del relativo regolamento elettorale - Comparto Sanità,"/Users/lukeschreiber/Downloads/Italy/italy_scraping/italy_txts/Accordo tra l'Aran, le confederazioni rappresentative nei comparti di contrattazione e la FNSI per la specifica regolazione di raccordo del personale  (S205).txt",12527,0.02,noisy
17519,E018,Verbale di accordo per il rinnovo del CCNL per i lavoratori dipendenti della piccola e media industria alimentare,/Users/lukeschreiber/Downloads/Italy/italy_scraping/italy_txts/CCNL per i lavoratori dipendenti della piccola e media industria alimentare (E018).txt,310149,0.0229,noisy
20028,S005,"Accordo tra l'Aran, le confederazioni rappresentative nei comparti di contrattazione e la FNSI per la specifica regolazione di raccordo del personale profili informazione","/Users/lukeschreiber/Downloads/Italy/italy_scraping/italy_txts/Accordo tra l'Aran, le confederazioni rappresentative nei comparti di contrattazione e la FNSI per la specifica regolazione di raccordo del personale  (S005).txt",12527,0.02,noisy
19742,S005,CCNL del personale del Comparto Funzioni Centrali triennio 2019-2021,"/Users/lukeschreiber/Downloads/Italy/italy_scraping/italy_txts/Accordo tra l'Aran, le confederazioni rappresentative nei comparti di contrattazione e la FNSI per la specifica regolazione di raccordo del personale  (S005).txt",12527,0.02,noisy
8926,H121,FARMACIE PRIVATE,/Users/lukeschreiber/Downloads/Italy/italy_scraping/italy_txts/Accordo di rinnovo 14 novembre 2011 ad integrazione e modifica del CCNL 26 maggio 2009 (H121).txt,6776,0.0244,noisy
19817,C053,Accordo integrativo e modificativo del CCNL addetti all'industria metalmeccanica privata e alla installazione impianti del 15/07/2020,/Users/lukeschreiber/Downloads/Italy/italy_scraping/italy_txts/Accordo di rinnovo economico del CCNL addetti all'industria metalmeccanica privata e alla installazione impianti (C053).txt,2798,0.0311,noisy
6699,I441,MARITTIMI: Cap. Lungo Corso Armamento Libero,/Users/lukeschreiber/Downloads/Italy/italy_scraping/italy_txts/CCNL per i capitani di lungo corso al comando e capitani di macchina alla direzione di macchina di navi dell'armamento libero e delle Società del Grup (I441).txt,136029,0.025,noisy
17848,E063,CCNL 11 maggio 1967 per gli addetti all'industa della pastificazione,/Users/lukeschreiber/Downloads/Italy/italy_scraping/italy_txts/Accordo 1 febbraio 1955 per il conglobamento e riassetto zonale delle retribuzioni nell'ndustra molitoria e della pastificazione (E063).txt,15362,0.0719,noisy
1240,H121,FARMACIE PRIVATE,/Users/lukeschreiber/Downloads/Italy/italy_scraping/italy_txts/Accordo di rinnovo 14 novembre 2011 ad integrazione e modifica del CCNL 26 maggio 2009 (H121).txt,6776,0.0244,noisy
19411,K545,Accordo interconfederale integrativo e modificativo del CCNL IGIENE AMBIENTALE del 26/07/2019,/Users/lukeschreiber/Downloads/Italy/italy_scraping/italy_txts/Accordo di rinnovo economico del CCNL IGIENE AMBIENTALE - Aziende Private e Municipalizzate (K545).txt,2836,0.0282,noisy
18386,B130,CCNL 5 maggio 1971 per le aziende industriali che producono articoli di vetro e per i lavoratori da esse dipendenti,/Users/lukeschreiber/Downloads/Italy/italy_scraping/italy_txts/CCNL 18 maggio 1968 per le aziende industriali che producono articoli di vetro e per i lavoratori da esse dipendenti (B130).txt,523963,0.025,noisy
3184,E018,ALIMENTARISTI: P.M.I.,/Users/lukeschreiber/Downloads/Italy/italy_scraping/italy_txts/CCNL per i lavoratori dipendenti della piccola e media industria alimentare (E018).txt,310149,0.0229,noisy
17866,E063,CCNL 18 luglio 1952 per i lavoratori addetti alle industre della macinaziione e della pastificazione e accordo aggiuntivo,/Users/lukeschreiber/Downloads/Italy/italy_scraping/italy_txts/Accordo 1 febbraio 1955 per il conglobamento e riassetto zonale delle retribuzioni nell'ndustra molitoria e della pastificazione (E063).txt,15362,0.0719,noisy
20414,S241,Ipotesi di Accordo Collettivo Nazionale per il rafforzamento delle attività territoriali di diagnostica di primo livello e di prevenzione della trasmissione di SARS-Cov-2,/Users/lukeschreiber/Downloads/Italy/italy_scraping/italy_txts/Ipotesi di Accordo Collettivo Nazionale per il rafforzamento delle attività territoriali di diagnostica di primo livello e di prevenzione della trasmi (S241).txt,426887,0.0428,noisy
19864,E033,CCNL per i dipendenti da imprese artigiane del settore alimentare e da imprese di panificazione,/Users/lukeschreiber/Downloads/Italy/italy_scraping/italy_txts/Rettifica al CCNL per i dipendenti da imprese artigiane del settore alimentare e da imprese di panificazione (E033).txt,1256,0.0303,noisy
5730,E018,ALIMENTARISTI: P.M.I.,/Users/lukeschreiber/Downloads/Italy/italy_scraping/italy_txts/CCNL per i lavoratori dipendenti della piccola e media industria alimentare (E018).txt,310149,0.0229,noisy
8245,E018,ALIMENTARISTI: P.M.I.,/Users/lukeschreiber/Downloads/Italy/italy_scraping/italy_txts/CCNL per i lavoratori dipendenti della piccola e media industria alimentare (E018).txt,310149,0.0229,noisy
16905,I170,"CCNL per la distribuzione delle merci, della logistica e dei servizi privati","/Users/lukeschreiber/Downloads/Italy/italy_scraping/italy_txts/Accordo di rinnovo economico del CCNL per la distribuzione delle merci, della logistica e dei servizi privati (I170).txt",4019,0.0211,noisy
17847,E063,CCNL 14 gennaio 1970 per i lavoratori addetti alle industre della macinazione e della pastificazione,/Users/lukeschreiber/Downloads/Italy/italy_scraping/italy_txts/Accordo 1 febbraio 1955 per il conglobamento e riassetto zonale delle retribuzioni nell'ndustra molitoria e della pastificazione (E063).txt,15362,0.0719,noisy
17527,E033,CCNL per i dipendenti da imprese artigiane del settore alimentare e da imprese di panificazione,/Users/lukeschreiber/Downloads/Italy/italy_scraping/italy_txts/Rettifica al CCNL per i dipendenti da imprese artigiane del settore alimentare e da imprese di panificazione (E033).txt,1256,0.0303,noisy
8455,H121,FARMACIE PRIVATE,/Users/lukeschreiber/Downloads/Italy/italy_scraping/italy_txts/Accordo di rinnovo 14 novembre 2011 ad integrazione e modifica del CCNL 26 maggio 2009 (H121).txt,6776,0.0244,noisy
20028,S000,"Accordo tra l'Aran, le confederazioni rappresentative nei comparti di contrattazione e la FNSI per la specifica regolazione di raccordo del personale profili informazione","/Users/lukeschreiber/Downloads/Italy/italy_scraping/italy_txts/Accordo tra l'Aran, le confederazioni rappresentative nei comparti di contrattazione e la FNSI per la specifica regolazione di raccordo del personale  (S000).txt",12527,0.02,noisy
3796,H121,FARMACIE PRIVATE,/Users/lukeschreiber/Downloads/Italy/italy_scraping/italy_txts/Accordo di rinnovo 14 novembre 2011 ad integrazione e modifica del CCNL 26 maggio 2009 (H121).txt,6776,0.0244,noisy
19413,B01F,"CCNL per i dipendenti della piccola e media industria dei settori Chimica, Concia e settori accorpati, Plastica e Gomma, Abrasivi, Ceramica e Vetro","/Users/lukeschreiber/Downloads/Italy/italy_scraping/italy_txts/CCNL per i dipendenti della piccola e media industria dei settori Chimica, Concia e settori accorpati, Plastica e Gomma, Abrasivi, Ceramica e Vetro (B01F).txt",689,0.0726,noisy
17939,T09A,Accordo Ponte per i dirigenti medici dipendenti degli Ospedali Classificati ed IRCCS,/Users/lukeschreiber/Downloads/Italy/italy_scraping/italy_txts/Accordo Ponte per i dirigenti medici dipendenti degli Ospedali Classificati ed IRCCS (T09A).txt,4980,0.0253,noisy
18988,K545,Verbale di accordo per il rinnovo del CCNL IGIENE AMBIENTALE,/Users/lukeschreiber/Downloads/Italy/italy_scraping/italy_txts/Accordo di rinnovo economico del CCNL IGIENE AMBIENTALE - Aziende Private e Municipalizzate (K545).txt,2836,0.0282,noisy
17849,E063,CCNL 3 dicembre 1963 per gli addetti all'industra molitoria e della pastificazione,/Users/lukeschreiber/Downloads/Italy/italy_scraping/italy_txts/Accordo 1 febbraio 1955 per il conglobamento e riassetto zonale delle retribuzioni nell'ndustra molitoria e della pastificazione (E063).txt,15362,0.0719,noisy
18395,B130,CCNL 18 maggio 1968 per le aziende industriali che producono articoli di vetro e per i lavoratori da esse dipendenti ,/Users/lukeschreiber/Downloads/Italy/italy_scraping/italy_txts/CCNL 18 maggio 1968 per le aziende industriali che producono articoli di vetro e per i lavoratori da esse dipendenti (B130).txt,523963,0.025,noisy
7030,I441,MARITTIMI: Cap. Lungo Corso Armamento Libero,/Users/lukeschreiber/Downloads/Italy/italy_scraping/italy_txts/CCNL per i capitani di lungo corso al comando e capitani di macchina alla direzione di macchina di navi dell'armamento libero e delle Società del Grup (I441).txt,136029,0.025,noisy
9735,I441,Verbale di accordo per il rinnovo del biennio 2009-2010 del CCNL per i capitani di lungo corso al comando e capitani di macchina alla direzione di macchina di navi dell'armamento libero e delle società del gruppo Tirrenia non in regolamento organico,/Users/lukeschreiber/Downloads/Italy/italy_scraping/italy_txts/CCNL per i capitani di lungo corso al comando e capitani di macchina alla direzione di macchina di navi dell'armamento libero e delle Società del Grup (I441).txt,136029,0.025,noisy
20407,S205,CCNL relativo al personale del Comparto Sanità sezione del personale del ruolo della ricerca sanitaria e delle attività di supporto alla ricerca sanitaria,"/Users/lukeschreiber/Downloads/Italy/italy_scraping/italy_txts/Accordo tra l'Aran, le confederazioni rappresentative nei comparti di contrattazione e la FNSI per la specifica regolazione di raccordo del personale  (S205).txt",12527,0.02,noisy
19802,K574,CCNL Multiservizi,/Users/lukeschreiber/Downloads/Italy/italy_scraping/italy_txts/Accordo di rinnovo economico del CCNL Multiservizi (K574).txt,3064,0.0277,noisy
17832,E062,Accordo 11 agosto 1954 per il conglobamento e riassetto zonale delle retribuzioni per gli addetti all'industria risiera,/Users/lukeschreiber/Downloads/Italy/italy_scraping/italy_txts/Accordo 11 agosto 1954 per il conglobamento e riassetto zonale delle retribuzioni per gli addetti all'industria risiera (E062).txt,26769,0.055,noisy
9523,H121,Accordo di rinnovo del CCNL 5 maggio 2005,/Users/lukeschreiber/Downloads/Italy/italy_scraping/italy_txts/Accordo di rinnovo 14 novembre 2011 ad integrazione e modifica del CCNL 26 maggio 2009 (H121).txt,6776,0.0244,noisy
14389,H121,Accordo di rinnovo 14 novembre 2011 ad integrazione e modifica del CCNL 26 maggio 2009,/Users/lukeschreiber/Downloads/Italy/italy_scraping/italy_txts/Accordo di rinnovo 14 novembre 2011 ad integrazione e modifica del CCNL 26 maggio 2009 (H121).txt,6776,0.0244,noisy
15167,I644,Verbale di accordo per il rinnovo del CCNL per i marittimi extra-comunitari imbarcati su navi da carico iscritte nel Registro Internazionale Italiano e su navi da carico bare-boat,/Users/lukeschreiber/Downloads/Italy/italy_scraping/italy_txts/VA Ccnl per i marittimi extra-comunitari imbarcati su navi da caricopasseggeri iscritte nel Registro Internazionale Italiano e su navi da caricopasseg (I644).txt,63,0.0,severe
20008,C01H,Rinnovo del CCNL per i dipendenti delle PMI del settore metalmeccanico,/Users/lukeschreiber/Downloads/Italy/italy_scraping/italy_txts/CCNL per i dipendenti delle PMI del settore metalmeccanico (C01H).txt,439,0.0091,severe
19583,T19E,"Verbale di interpretazione autentica - CCNL per il personale dipendente da Croce Rossa Italiana, enti del terzo settore, organizzazioni di volontariato, fondazioni","/Users/lukeschreiber/Downloads/Italy/italy_scraping/italy_txts/CCNL per il personale dipendente da Croce Rossa Italiana, enti del terzo settore, organizzazioni di volontariato, fondazioni (T19E).txt",95,0.0,severe
9223,B012,"Accordo di rinnovo di 2° biennio del CCNL per gli addetti all'industria chimica-farmaceutica, settore Coibentazioni Termiche Acustiche 10 maggio 2006 - 12 luglio 2006","/Users/lukeschreiber/Downloads/Italy/italy_scraping/italy_txts/Accordo di adesione al CCNL per gli addetti all'industria chimica-farmaceutica, settore Coibentazioni Termiche Acustiche 27 maggio 2010 (B012).txt",380,0.0079,severe
7687,B012,Accordo ponte di natura economica CCNL settore coibenti,"/Users/lukeschreiber/Downloads/Italy/italy_scraping/italy_txts/Accordo di adesione al CCNL per gli addetti all'industria chimica-farmaceutica, settore Coibentazioni Termiche Acustiche 27 maggio 2010 (B012).txt",380,0.0079,severe
20654,B012,Protocollo di adesione al CCNL per gli addetti all'industria Chimica settore Coibentazioni Termiche Acustiche,"/Users/lukeschreiber/Downloads/Italy/italy_scraping/italy_txts/Accordo di adesione al CCNL per gli addetti all'industria chimica-farmaceutica, settore Coibentazioni Termiche Acustiche 27 maggio 2010 (B012).txt",380,0.0079,severe
20730,F08W,Adeguamento minimi CCNL per i dipendenti delle imprese edili artigiane e delle piccole e medie imprese industriali edili e affini,/Users/lukeschreiber/Downloads/Italy/italy_scraping/italy_txts/CCNL per i dipendenti delle imprese edili artigiane e delle piccole e medie imprese industriali edili e affini (F08W).txt,206,0.0,severe
14944,B012,Accordo 4 aprile 2013 di rinnovo del CCNL per gli addetti all'industria Chimica-Farmaceutica Settore Coibentazioni Termiche Acustiche,"/Users/lukeschreiber/Downloads/Italy/italy_scraping/italy_txts/Accordo di adesione al CCNL per gli addetti all'industria chimica-farmaceutica, settore Coibentazioni Termiche Acustiche 27 maggio 2010 (B012).txt",380,0.0079,severe
18802,C01H,Rinnovo del CCNL per i dipendenti delle PMI del settore metalmeccanico,/Users/lukeschreiber/Downloads/Italy/italy_scraping/italy_txts/CCNL per i dipendenti delle PMI del settore metalmeccanico (C01H).txt,439,0.0091,severe
19584,T19E,"Accordo integrativo relativo alla disciplina delle indennità di cui all'art. 65 CCNL e dell'indennità di missione/trasferta di cui all'art. 62 - CCNL per il personale dipendente da Croce Rossa Italiana, enti del terzo settore, organizzazioni di volontaria","/Users/lukeschreiber/Downloads/Italy/italy_scraping/italy_txts/CCNL per il personale dipendente da Croce Rossa Italiana, enti del terzo settore, organizzazioni di volontariato, fondazioni (T19E).txt",95,0.0,severe
16381,C01H,CCNL per i dipendenti delle PMI del settore metalmeccanico,/Users/lukeschreiber/Downloads/Italy/italy_scraping/italy_txts/CCNL per i dipendenti delle PMI del settore metalmeccanico (C01H).txt,439,0.0091,severe
19670,B012,Protocollo di adesione al CCNL per gli addetti all'industria Chimica settore Coibentazioni Termiche Acustiche,"/Users/lukeschreiber/Downloads/Italy/italy_scraping/italy_txts/Accordo di adesione al CCNL per gli addetti all'industria chimica-farmaceutica, settore Coibentazioni Termiche Acustiche 27 maggio 2010 (B012).txt",380,0.0079,severe
6926,I644,VA Ccnl per i marittimi extra-comunitari imbarcati su navi da carico/passeggeri iscritte nel Registro Internazionale Italiano e su navi da carico/passeggeri in bare-boat,/Users/lukeschreiber/Downloads/Italy/italy_scraping/italy_txts/VA Ccnl per i marittimi extra-comunitari imbarcati su navi da caricopasseggeri iscritte nel Registro Internazionale Italiano e su navi da caricopasseg (I644).txt,63,0.0,severe
16757,V714,"CCNL per i lavoratori dipendenti delle aziende e cooperative esercenti attività del settore COMMERCIO, TERZIARIO, SERVIZI, TRASPORTI E LOGISTICA, ARTIGIANATO","/Users/lukeschreiber/Downloads/Italy/italy_scraping/italy_txts/CCNL per i lavoratori dipendenti delle aziende e cooperative esercenti attività del settore COMMERCIO, TERZIARIO, SERVIZI, TRASPORTI E LOGISTICA, ARTI (V714).txt",1146,0.1562,severe
15010,B012,Sottoscrizione per adesione dell'Accordo 4 aprile 2013 di rinnovo del CCNL per gli addetti all'industria Chimica-Farmaceutica Settore Coibentazioni Termiche Acustiche,"/Users/lukeschreiber/Downloads/Italy/italy_scraping/italy_txts/Accordo di adesione al CCNL per gli addetti all'industria chimica-farmaceutica, settore Coibentazioni Termiche Acustiche 27 maggio 2010 (B012).txt",380,0.0079,severe
5401,I644,VERBALE DI RINNOVO DEL CCNL PER L'IMBARCO DEI MARITTIMI STRANIERI SULLE NAVI DA CARICO E PASSEGGERI  LOCATE A SCAFO NUDO AD ARMATORE STRANIERO AI SENSI DEGLI ART. 28 E 29 DELLA LEGGE 234/89,/Users/lukeschreiber/Downloads/Italy/italy_scraping/italy_txts/VA Ccnl per i marittimi extra-comunitari imbarcati su navi da caricopasseggeri iscritte nel Registro Internazionale Italiano e su navi da caricopasseg (I644).txt,63,0.0,severe
8729,B012,Verbale di accordo di rinnovo del CCNL 7 ottobre 1998 per il settore della coibentazione,"/Users/lukeschreiber/Downloads/Italy/italy_scraping/italy_txts/Accordo di adesione al CCNL per gli addetti all'industria chimica-farmaceutica, settore Coibentazioni Termiche Acustiche 27 maggio 2010 (B012).txt",380,0.0079,severe
19110,T19E,CCNL per il personale dipendente dalla Croce Rossa Italiana e da altre realtà del terzo settore,"/Users/lukeschreiber/Downloads/Italy/italy_scraping/italy_txts/CCNL per il personale dipendente da Croce Rossa Italiana, enti del terzo settore, organizzazioni di volontariato, fondazioni (T19E).txt",95,0.0,severe
17751,B012,"CCNL 17 aprile 1976 per gli addetti alle industrie: CHIMICA, FARMACEUTICA, FIBRE CHIMICHE, CELLOFAN, OLI E MARGARINA, DETERGENZA, DIELETTRICI, DATTILOGRAFICI, CERE E LUMINI, ELETTRODI DI CARBONE, COIBENTI","/Users/lukeschreiber/Downloads/Italy/italy_scraping/italy_txts/Accordo di adesione al CCNL per gli addetti all'industria chimica-farmaceutica, settore Coibentazioni Termiche Acustiche 27 maggio 2010 (B012).txt",380,0.0079,severe
11050,B012,"Accordo di rinnovo del CCNL per gli addetti all'industria chimica-farmaceutica, settore Coibentazioni Termiche Acustiche 10 maggio 2006 - 12 luglio 2006","/Users/lukeschreiber/Downloads/Italy/italy_scraping/italy_txts/Accordo di adesione al CCNL per gli addetti all'industria chimica-farmaceutica, settore Coibentazioni Termiche Acustiche 27 maggio 2010 (B012).txt",380,0.0079,severe
4476,B012,CHIMICO FARMACEUTICA e AFFINI: Industrie,"/Users/lukeschreiber/Downloads/Italy/italy_scraping/italy_txts/Accordo di adesione al CCNL per gli addetti all'industria chimica-farmaceutica, settore Coibentazioni Termiche Acustiche 27 maggio 2010 (B012).txt",380,0.0079,severe
20115,B012,Ipotesi di Accordo di rinnovo del CCNL per gli addetti all'industria Chimica settore Coibentazioni Termiche Acustiche,"/Users/lukeschreiber/Downloads/Italy/italy_scraping/italy_txts/Accordo di adesione al CCNL per gli addetti all'industria chimica-farmaceutica, settore Coibentazioni Termiche Acustiche 27 maggio 2010 (B012).txt",380,0.0079,severe
19811,F08W,CCNL per i dipendenti delle imprese edili artigiane e delle piccole e medie imprese industriali edili e affini,/Users/lukeschreiber/Downloads/Italy/italy_scraping/italy_txts/CCNL per i dipendenti delle imprese edili artigiane e delle piccole e medie imprese industriali edili e affini (F08W).txt,206,0.0,severe
7978,B012,Verbale di accordo CCNL coibentazioni termico acustiche,"/Users/lukeschreiber/Downloads/Italy/italy_scraping/italy_txts/Accordo di adesione al CCNL per gli addetti all'industria chimica-farmaceutica, settore Coibentazioni Termiche Acustiche 27 maggio 2010 (B012).txt",380,0.0079,severe
11178,B012,"Accordo di adesione al CCNL per gli addetti all'industria chimica-farmaceutica, settore Coibentazioni Termiche Acustiche 27 maggio 2010","/Users/lukeschreiber/Downloads/Italy/italy_scraping/italy_txts/Accordo di adesione al CCNL per gli addetti all'industria chimica-farmaceutica, settore Coibentazioni Termiche Acustiche 27 maggio 2010 (B012).txt",380,0.0079,severe
9505,B012,"Adesione all'accordo di rinnovo di 2° biennio del ccnl per gli addetti all'industria chimica farmaceutica, settore coibentazioni termiche acustiche","/Users/lukeschreiber/Downloads/Italy/italy_scraping/italy_txts/Accordo di adesione al CCNL per gli addetti all'industria chimica-farmaceutica, settore Coibentazioni Termiche Acustiche 27 maggio 2010 (B012).txt",380,0.0079,severe
19221,T19E,"CCNL per il personale dipendente da Croce Rossa Italiana, enti del terzo settore, organizzazioni di volontariato, fondazioni","/Users/lukeschreiber/Downloads/Italy/italy_scraping/italy_txts/CCNL per il personale dipendente da Croce Rossa Italiana, enti del terzo settore, organizzazioni di volontariato, fondazioni (T19E).txt",95,0.0,severe
19359,T19E,"Verbale di errata corrige CCNL per il personale dipendente da Croce Rossa Italiana, enti del terzo settore, organizzazioni di volontariato, fondazioni","/Users/lukeschreiber/Downloads/Italy/italy_scraping/italy_txts/CCNL per il personale dipendente da Croce Rossa Italiana, enti del terzo settore, organizzazioni di volontariato, fondazioni (T19E).txt",95,0.0,severe
20071,F08W,Verbale di accordo integrativo della parte economica del CCNL 20 luglio 2022 per i dipendenti delle imprese edili artigiane e delle piccole e medie imprese industriali edili e affini,/Users/lukeschreiber/Downloads/Italy/italy_scraping/italy_txts/CCNL per i dipendenti delle imprese edili artigiane e delle piccole e medie imprese industriali edili e affini (F08W).txt,206,0.0,severe
17057,A00A,CCNL per gli operai agricoli e florovivaisti,/Users/lukeschreiber/Downloads/Italy/italy_scraping/italy_txts/CCNL per gli operai agricoli e florovivaisti (A00A).txt,160,0.0187,severe
7703,B012,Accordo di rinnovo di 2° biennio del CCNL Settore Coibentazione Termo-Acustica,"/Users/lukeschreiber/Downloads/Italy/italy_scraping/italy_txts/Accordo di adesione al CCNL per gli addetti all'industria chimica-farmaceutica, settore Coibentazioni Termiche Acustiche 27 maggio 2010 (B012).txt",380,0.0079,severe
19180,B012,Ipotesi di verbale di Accordo di rinnovo del CCNL per gli addetti all'industria Chimico-Coibenti,"/Users/lukeschreiber/Downloads/Italy/italy_scraping/italy_txts/Accordo di adesione al CCNL per gli addetti all'industria chimica-farmaceutica, settore Coibentazioni Termiche Acustiche 27 maggio 2010 (B012).txt",380,0.0079,severe
7702,B012,Accordo di rinnovo del CCNL del settore coibenti,"/Users/lukeschreiber/Downloads/Italy/italy_scraping/italy_txts/Accordo di adesione al CCNL per gli addetti all'industria chimica-farmaceutica, settore Coibentazioni Termiche Acustiche 27 maggio 2010 (B012).txt",380,0.0079,severe
9538,S223,CCNL del personale della dirigenza medico veterinaria del servizio sanitario nazionale quadriennio normativo 2006-2009 e biennio economico 2006-2007,/Users/lukeschreiber/Downloads/Italy/italy_scraping/italy_txts/AREA IV Dirigenti (SANITA' Area Medica) (S223).txt,279505,0.0004,clean
9554,S661,CCNL per il personale non dirigente del Consiglio Nazionale dell'Economia e del Lavoro (CNEL) - parte normativa quadriennio 2006-2009 e parte economica biennio 2006-2007,/Users/lukeschreiber/Downloads/Italy/italy_scraping/italy_txts/CCNL per il personale non dirigente del Consiglio Nazionale dell'Economia e del Lavoro (CNEL) - parte normativa quadriennio 2006-2009 e parte economic (S661).txt,4359,0.0055,clean
15729,V011,Accordo FIPDAF,/Users/lukeschreiber/Downloads/Italy/italy_scraping/italy_txts/Accordo FIPDAF (V011).txt,17541,0.0068,clean
14652,H341,CCNL per i dipendenti da aziende ortofrutticole ed agrumarie 1 gennaio 2011- 31 dicembre 2013,/Users/lukeschreiber/Downloads/Italy/italy_scraping/italy_txts/Accordo di rinnovo della parte economica del CCNL per i dipendenti da aziende ortofrutticole ed agrumarie (H341).txt,757,0.0106,clean
19437,J251,"Verbale di riunione - Integrazione al Protocollo condiviso del 28 aprile 2020, e successive integrazioni, recante Misure di prevenzione, contrasto e contenimento della diffusione del virus Covid-19 per garantire l’erogazione dei servizi del settore bancar","/Users/lukeschreiber/Downloads/Italy/italy_scraping/italy_txts/Accordo 29 febbraio 2012 di proroga del CCNL del 10 gennaio 2008 per i dirigenti dipendenti dalle imprese creditizie, finanziarie e strumentali (J251).txt",9364,0.0041,clean
19082,H024,Verbale di incontro sindacale per Rinnovo del CCNL Commercio del 28 dicembre 2016,/Users/lukeschreiber/Downloads/Italy/italy_scraping/italy_txts/Accordo per la disciplina del lavoro agile (H024).txt,4910,0.011,clean
19369,J126,Verbale di accordo per il rinnovo per il triennio 2020/2022 del CCNL per il personale amministrativo e produttivo delle agenzie di assicurazione in gestione libera aderenti all'Associazione nazionale agenzie societarie UnipolSai Assicurazioni e alla L.N.C,/Users/lukeschreiber/Downloads/Italy/italy_scraping/italy_txts/ASSICURAZIONI Cooperative e Confesercenti (J126).txt,107197,0.0012,clean
6021,S632,EUR: Personale dirigente,/Users/lukeschreiber/Downloads/Italy/italy_scraping/italy_txts/EUR Personale dirigente (S632).txt,76387,0.0,clean
19296,B122,"Ipotesi di accordo per il rinnovo del CCNL 16/11/2016 per gli addetti all'industria delle piastrelle di ceramica, dei materiali refrattari, ceramica sanitaria, di porcellane e ceramiche per uso domestico e ornamentale, di ceramica tecnica, di tubi in gres",/Users/lukeschreiber/Downloads/Italy/italy_scraping/italy_txts/Accordo 2212008 per le imprese dei settori CERAMICA e per i lavoratori dalle stesse dipendenti (B122).txt,3331,0.0063,clean
4945,I351,FERROVIE: Dipendenti Addetti ai Servizi,/Users/lukeschreiber/Downloads/Italy/italy_scraping/italy_txts/FERROVIE Dipendenti Addetti ai Servizi (I351).txt,10685,0.0005,clean
6147,T011,SANITA': Personale non medico area privata,/Users/lukeschreiber/Downloads/Italy/italy_scraping/italy_txts/Accordo economico biennio 2006-2007 (T011).txt,3130,0.0019,clean
17254,G093,CCNL per gli impiegati ed operai della società RAI - Radiotelevisione italiana,/Users/lukeschreiber/Downloads/Italy/italy_scraping/italy_txts/CCNL per gli impiegati ed operai della società RAI - Radiotelevisione italiana (G093).txt,107047,0.0033,clean
14714,H018,CCNL per i dipendenti da Aziende esercenti attività nel settore del TERZIARIO E SERVIZI,/Users/lukeschreiber/Downloads/Italy/italy_scraping/italy_txts/Modifiche e integrazioni CCNL 2562009 per i dipendenti da aziende esercenti attivita' nel settore del TERZIARIO E SERVIZI (H018).txt,46137,0.0081,clean
6259,I491,AGENZIE MARITTIME E AEREE: Dirigenti,/Users/lukeschreiber/Downloads/Italy/italy_scraping/italy_txts/AGENZIE MARITTIME E AEREE Dirigenti (I491).txt,31731,0.0001,clean
17755,E050,CCNL 12 marzo 1949 per i lavoratori dell'alimentazione dolciaria,/Users/lukeschreiber/Downloads/Italy/italy_scraping/italy_txts/Accordo 14 settembre 1963 per il rinnovo del CCNL per l'industria dolciaria (E050).txt,42758,0.0071,clean
9591,B142,Accordo di confluenza del CCNL lampade nel CCNL vetro,/Users/lukeschreiber/Downloads/Italy/italy_scraping/italy_txts/Accordo di confluenza del CCNL lampade nel CCNL vetro (B142).txt,1232,0.0073,clean
15015,HV22,Adesione di CEPI-UCI al CCNL Guardiania e Portierato,/Users/lukeschreiber/Downloads/Italy/italy_scraping/italy_txts/Adesione di CEPI-UCI al CCNL Guardiania e Portierato (HV22).txt,1317,0.003,clean
7094,T611,FEDERCASA,"/Users/lukeschreiber/Downloads/Italy/italy_scraping/italy_txts/CCNL 2006-2009 per i dipendenti delle aziende, società ed enti pubblici economici aderenti a Federcasa (T611).txt",277817,0.0047,clean
9581,G011,CCNL per i dipendenti delle aziende grafiche ed affini e delle aziende editoriali anche multimediali,/Users/lukeschreiber/Downloads/Italy/italy_scraping/italy_txts/Accordo per il rinnovo del CCNL per i dipendenti delle aziende grafiche ed affini e delle aziende editoriali anche multimediali (G011).txt,106183,0.0018,clean
19355,E042,Accordo per il rinnovo del CCNL per i dipendenti delle aziende di lavorazione della foglia di tabacco secco allo stato sciolto,/Users/lukeschreiber/Downloads/Italy/italy_scraping/italy_txts/CCNL 1 ottobre 1970 per i dipendenti dalle aziende di lavorazione della foglia del tabacco (E042).txt,7572,0.0102,clean
20225,T27S,CCNL per il settore istruzione e formazione professionale,/Users/lukeschreiber/Downloads/Italy/italy_scraping/italy_txts/CCNL per il settore istruzione e formazione professionale (T27S).txt,181122,0.0025,clean
9899,D111,CCNL per gli addetti alle industrie manifatturiere delle pelli e succedanei,/Users/lukeschreiber/Downloads/Italy/italy_scraping/italy_txts/Accordo 27072010 ad integrazione dell'Accordo triennale 24062010 settore industriale manifatturiero pelli - cuoio - succedanei (D111).txt,57332,0.0074,clean
11188,F01C,CCNL per i lavoratori Edili delle imprese artigiane e delle piccole e medie imprese,/Users/lukeschreiber/Downloads/Italy/italy_scraping/italy_txts/CCNL per i lavoratori Edili delle imprese artigiane e delle piccole e medie imprese (F01C).txt,87655,0.0033,clean
651,K521,PULIZIA Disinfezione Disinfestazione (PMI Cooperative Artigiane),"/Users/lukeschreiber/Downloads/Italy/italy_scraping/italy_txts/CCNL per i dipendenti delle imprese artigiane esercenti Servizi di pulizia, Disinfezione, Disinfestazione, Derattizzazione e Sanificazione (K521).txt",153174,0.0019,clean
2785,H0B1,AGENTI IMMOBILIARI PROFESSIONALI E MANDATARI,/Users/lukeschreiber/Downloads/Italy/italy_scraping/italy_txts/AGENTI IMMOBILIARI PROFESSIONALI E MANDATARI (H0B1).txt,131973,0.0,clean
20903,K511,Ipotesi di accordo per il rinnovo del CCNL servizi di pulizia e servizi integrati/multiservizi,"/Users/lukeschreiber/Downloads/Italy/italy_scraping/italy_txts/Accordo integrativo all'accordo di rinnovo del CCNL servizi di pulizia, servizi integratimultiservizi del 13 giugno 2025 (K511).txt",9104,0.0164,clean
7073,T011,SANITA': Personale non medico area privata,/Users/lukeschreiber/Downloads/Italy/italy_scraping/italy_txts/Accordo economico biennio 2006-2007 (T011).txt,3130,0.0019,clean
5843,G369,ENTI LIRICI,/Users/lukeschreiber/Downloads/Italy/italy_scraping/italy_txts/CCNL 23 maggio 1964 per gli artisti del coro dipendenti dagli enti lirici e sinfonici (G369).txt,54927,0.004,clean
15739,K521,"CCNL per i dipendenti delle imprese artigiane esercenti Servizi di pulizia, Disinfezione, Disinfestazione, Derattizzazione e Sanificazione","/Users/lukeschreiber/Downloads/Italy/italy_scraping/italy_txts/CCNL per i dipendenti delle imprese artigiane esercenti Servizi di pulizia, Disinfezione, Disinfestazione, Derattizzazione e Sanificazione (K521).txt",153174,0.0019,clean
17589,J221,"CCNL per il personale impiegatizio, subalterno ed ausiliario delle Casse di Risparmio, Monti di Credito su pegno di 1a categoria ed Enti equiparati",/Users/lukeschreiber/Downloads/Italy/italy_scraping/italy_txts/BANCARI CASSE DI RISPARMIO (J221).txt,244221,0.0002,clean
13952,G011,Ipotesi di accordo 30 maggio 2011 per il rinnovo del CCNL per i dipendenti delle aziende grafiche ed affini e delle aziende editoriali anche multimediali,/Users/lukeschreiber/Downloads/Italy/italy_scraping/italy_txts/Accordo per il rinnovo del CCNL per i dipendenti delle aziende grafiche ed affini e delle aziende editoriali anche multimediali (G011).txt,106183,0.0018,clean
20716,H508,CCNL per i dipendenti addetti ai servizi familiare Colf e Badanti,/Users/lukeschreiber/Downloads/Italy/italy_scraping/italy_txts/CCNL per COLF E BADANTI (H508).txt,43440,0.0016,clean
19272,H0L3,Accordo economico collettivo per la disciplina del rapporto di agenzia e rappresentanza commerciale del settore industriale,/Users/lukeschreiber/Downloads/Italy/italy_scraping/italy_txts/Accordo economico collettivo per la disciplina del rapporto di agenzia e rappresentanza commerciale del settore industriale (H0L3).txt,100997,0.0031,clean
20483,V731,CCNL Intersettoriale per il comparto Manifatturiero,/Users/lukeschreiber/Downloads/Italy/italy_scraping/italy_txts/CCNL Intersettoriale per il comparto Manifatturiero (V731).txt,900513,0.0025,clean
4770,J121,ASSICURAZIONI: Dipendenti (ANIA),/Users/lukeschreiber/Downloads/Italy/italy_scraping/italy_txts/ASSICURAZIONI Dipendenti (ANIA) (J121).txt,365319,0.0,clean
9070,H341,Ipotesi di accordo di rinnovo del CCNL per i dipendenti da aziende ortofrutticole ed agrumarie,/Users/lukeschreiber/Downloads/Italy/italy_scraping/italy_txts/Accordo di rinnovo della parte economica del CCNL per i dipendenti da aziende ortofrutticole ed agrumarie (H341).txt,757,0.0106,clean
16506,C100,"ESAARCO CCNL per i dipendenti delle aziende e società cooperative del settore autodemolizione, smaltimento, recupero, trasporto, reciclaggio e trasformazione in energie rinnovabili","/Users/lukeschreiber/Downloads/Italy/italy_scraping/italy_txts/ESAARCO CCNL per i dipendenti delle aziende e società cooperative del settore autodemolizione, smaltimento, recupero, trasporto, reciclaggio e trasfor (C100).txt",447037,0.0019,clean
19042,I145,"Accordo di rinnovo della parte economica del CCNL 11 luglio 2017 per i soci e i dipendenti delle cooperative esercenti attività prevalente nel settore autotrasporto, spedizione merci, logistica e facchinaggio",/Users/lukeschreiber/Downloads/Italy/italy_scraping/italy_txts/Accordo di rinnovo della parte economica del CCNL 11 luglio 2017 per i soci e i dipendenti delle cooperative esercenti attività prevalente nel settore (I145).txt,6991,0.0026,clean
4687,D018,TESSILI ABBIGLIAMENTO: P.M.I.,"/Users/lukeschreiber/Downloads/Italy/italy_scraping/italy_txts/CCNL per gli addetti alle piccole e medie industrie del settore tessile-abbigliamento-moda, calzature, pelli e cuoio, penne, spazzole e pennelli, occh (D018).txt",1062766,0.0026,clean
19416,F01V,CCNL per i dipendenti delle PMI  e Imprese ARTIGIANE del settore edilizia ed affini,/Users/lukeschreiber/Downloads/Italy/italy_scraping/italy_txts/CCNL per i dipendenti delle aziende ARTIGIANE e PMI del settore edile (F01V).txt,67164,0.0015,clean
17084,T27A,"CCNL per il personale docente - non docente con rapporto di lavoro subordinato delle istituzioni di alta cultura, università ed accademie, legalmente riconosciute","/Users/lukeschreiber/Downloads/Italy/italy_scraping/italy_txts/CCNL per il personale docente - non docente con rapporto di lavoro subordinato delle istituzioni di alta cultura, università ed accademie, legalmente  (T27A).txt",68311,0.0024,clean
8783,I112,AUTOTRASPORTI: Dirigenti,/Users/lukeschreiber/Downloads/Italy/italy_scraping/italy_txts/AUTOTRASPORTI Dirigenti (I112).txt,51940,0.0,clean
18628,F04B,CCNL 13 maggio 2008 per i lavoratori dipendenti da aziende esercenti le attività di escavazione e lavorazione dei materiali lapidei,/Users/lukeschreiber/Downloads/Italy/italy_scraping/italy_txts/CCNL 13 maggio 2008 per i lavoratori dipendenti da aziende esercenti le attività di escavazione e lavorazione dei materiali lapidei (F04B).txt,250666,0.0002,clean
5807,IB17,POMPE FUNEBRI: Agenzie Pubbliche,/Users/lukeschreiber/Downloads/Italy/italy_scraping/italy_txts/CCNL per i dipendenti delle imprese pubbliche del settore funerario (IB17).txt,311244,0.0115,clean
19461,H700,"CCNL per i dipendenti delle piccole e medie imprese esercenti attività nel Settore dei Servizi""""",/Users/lukeschreiber/Downloads/Italy/italy_scraping/italy_txts/CCNL per i dipendenti delle piccole e medie imprese esercenti attività nel Settore dei Servizi (H700).txt,198593,0.0034,clean
5231,K511,PULIZIA: Imprese,"/Users/lukeschreiber/Downloads/Italy/italy_scraping/italy_txts/Accordo integrativo all'accordo di rinnovo del CCNL servizi di pulizia, servizi integratimultiservizi del 13 giugno 2025 (K511).txt",9104,0.0164,clean
19484,B371,"Stesura del CCNL 16 settembre 2020 per gli addetti all'industria della gomma, cavi elettrici ed affini e all'industria delle materie plastiche","/Users/lukeschreiber/Downloads/Italy/italy_scraping/italy_txts/Accordo 26 gennaio 2023 di rinnovo del CCNL 16 settembre 2020 per gli addetti all'industria della gomma, cavi elettrici ed affini e all'industria dell (B371).txt",36836,0.0052,clean
13032,J267,Accordo in tema di copertura delle spese sanitarie per il personale della Banca d'Italia,"/Users/lukeschreiber/Downloads/Italy/italy_scraping/italy_txts/Accordo cornice in tema di contrattualizzazione del rapporto di impiego del personale della carriera operativa, dei servizi generali e di sicurezza e  (J267).txt",4369,0.0048,clean
17802,T271,CCNL per il personale occupato nei servizi dell'infanzia e della prima infanzia delle scuole e degli enti aderenti e/o rappresentati dalla FISM,/Users/lukeschreiber/Downloads/Italy/italy_scraping/italy_txts/Accordo integrativo dell'accordo ponte 22 maggio 2012 relativo al CCNL FISM in vigore (T271).txt,1458,0.0055,clean
18969,H02N,CCNL per i dipendenti da aziende esercenti attività del settore Commercio e Servizi,/Users/lukeschreiber/Downloads/Italy/italy_scraping/italy_txts/CCNL per i dipendenti da aziende esercenti attività del settore Commercio e Servizi (H02N).txt,201516,0.0037,clean
5373,B125,CERAMICA: Artigiane,/Users/lukeschreiber/Downloads/Italy/italy_scraping/italy_txts/CERAMICA Artigiane (B125).txt,106550,0.0,clean
11054,A011,Verbale di accordo 25 maggio 2010 per il rinnovo del CCNL per gli operai agricoli e florovivaisti del 6 luglio 2006,/Users/lukeschreiber/Downloads/Italy/italy_scraping/italy_txts/AGRICOLTURA Operai e Florovivaisti (A011).txt,244591,0.0181,clean
17276,F080,Verbale di accordo integrativo alla parte salariale del CCNL Edilizia del 15/1/2015,/Users/lukeschreiber/Downloads/Italy/italy_scraping/italy_txts/CCNL dipendenti delle imprese edili e affini (F080).txt,272801,0.005,clean
5983,C015,METALMECCANICA: Artigiane,/Users/lukeschreiber/Downloads/Italy/italy_scraping/italy_txts/Ipotesi di accordo di rinnovo del CCNL per l'artigianato metalmeccanico e dell'installazione di impianti (C015).txt,15082,0.0021,clean
19495,H07A,Accordo interconfederale integrativo e modificativo del CCNL impianti sportivi e attività sportive del 12/07/2019,/Users/lukeschreiber/Downloads/Italy/italy_scraping/italy_txts/Accordo interconfederale integrativo e modificativo del CCNL impianti sportivi e attività sportive del 12072019 (H07A).txt,52694,0.0041,clean
10325,H058,Ipotesi di accordo 4 marzo 2010 per il rinnovo del CCNL per i dipendenti da aziende del settore turismo,/Users/lukeschreiber/Downloads/Italy/italy_scraping/italy_txts/Accordo di correzione e integrazione dei testi siglati il 18 luglio 2018 (H058).txt,4771,0.0067,clean
4872,H201,FIORI (IMPORT-EXPORT),/Users/lukeschreiber/Downloads/Italy/italy_scraping/italy_txts/FIORI (IMPORT-EXPORT) (H201).txt,160982,0.0002,clean
18718,V511,CCNL per i dipendenti degli Istituti per il sostentamento del Clero,/Users/lukeschreiber/Downloads/Italy/italy_scraping/italy_txts/Accordo di rinnovo biennale del CCNL1532007 per i dipendenti degli Istituti per il sostentamento del Clero (V511).txt,4279,0.0026,clean
8715,D014,TESSILI ABBIGLIAMENTO: Industrie,/Users/lukeschreiber/Downloads/Italy/italy_scraping/italy_txts/CCNL TESSILE ABBIGLIAMENTO (D014).txt,684976,0.0065,clean
18712,H01K,"CCNL per i dipendenti delle micro, piccole e medie imprese del settore terziario, commercio e servizi","/Users/lukeschreiber/Downloads/Italy/italy_scraping/italy_txts/CCNL per i dipendenti delle micro, piccole e medie imprese del settore terziario, commercio e servizi (H01K).txt",384865,0.0027,clean
17837,B254,Ipotesi di accordo per il rinnovo del CCNL Energia e Petrolio 22 gennaio 2013,/Users/lukeschreiber/Downloads/Italy/italy_scraping/italy_txts/Rinnovo biennale parte economica CCNL Energia e Petrolio 14 marzo 2002 (B254).txt,2493,0.0036,clean
17062,T279,CCNL del personale Scuole e degli Enti gestori di corsi di istruzione-formazione e cultura varia - Triennio 2015/2018 - Modifiche ed Integrazioni,/Users/lukeschreiber/Downloads/Italy/italy_scraping/italy_txts/Accordo integrativo del CCNL FIDEF 2022-2025 (T279).txt,2989,0.0003,clean
19338,F020,Verbale di accordo - Chiarimenti a verbale. Accordo del 10 novembre 2020 CCNL dei materiali da costruzione,/Users/lukeschreiber/Downloads/Italy/italy_scraping/italy_txts/CCNL dei materiali da costruzione (F020).txt,139881,0.0035,clean
15226,B020,CCNL Area Chimica - Ceramica,/Users/lukeschreiber/Downloads/Italy/italy_scraping/italy_txts/CCNL Area Chimica - Ceramica (B020).txt,236551,0.0044,clean
16664,HV22,Verbale di accordo per il rinnovo del CCNL addetti Guardiania e Portierato,/Users/lukeschreiber/Downloads/Italy/italy_scraping/italy_txts/Adesione di CEPI-UCI al CCNL Guardiania e Portierato (HV22).txt,1317,0.003,clean
2260,A021,AGRICOLTURA: Impiegati,/Users/lukeschreiber/Downloads/Italy/italy_scraping/italy_txts/AGRICOLTURA Impiegati (A021).txt,116832,0.0,clean
9539,S233,CCNL del personale della dirigenza sanitaria professionale tecnico ed amministrativa del servizio sanitario nazionale quadriennio normativo 2006-2009 e biennio economico 2006-2007,/Users/lukeschreiber/Downloads/Italy/italy_scraping/italy_txts/AREA III Dirigenti (SANITA' Area non Medica) (S233).txt,258681,0.0005,clean
19558,V719,Verbale di accordo sul rinnovo del CCNL Servizi Ausiliari del 21/11/2017,"/Users/lukeschreiber/Downloads/Italy/italy_scraping/italy_txts/Accordo interconfederale welfare aziendale e premi di risultato CCNL Servizi Ausiliari alle Collettività, alle Aziende e alle Persone (V719).txt",4448,0.0117,clean
8994,H058,Ipotesi di accordo per il rinnovo del CCNL turismo,/Users/lukeschreiber/Downloads/Italy/italy_scraping/italy_txts/Accordo di correzione e integrazione dei testi siglati il 18 luglio 2018 (H058).txt,4771,0.0067,clean
9341,H505,CCNL COLF E BADANTI,/Users/lukeschreiber/Downloads/Italy/italy_scraping/italy_txts/CCNL Colf e Badanti (H505).txt,39963,0.0057,clean
4752,B253,ENERGIA PETROLIFERA E AFFINI: Aziende a PPSS,/Users/lukeschreiber/Downloads/Italy/italy_scraping/italy_txts/CCNL 1 MAGGIO 1991 PER IL SETTORE ENERGIA DELLE AZIENDE A PARTECIPAZIONE STATALE (B253).txt,590747,0.0046,clean
7197,H019,COMMERCIO - CISAL (fino a 14 dipendenti),/Users/lukeschreiber/Downloads/Italy/italy_scraping/italy_txts/COMMERCIO - CISAL (fino a 14 dipendenti) (H019).txt,93815,0.0014,clean
20488,H03N,"Ipotesi di accordo di rinnovo del CCNL per i lavoratori dipendenti delle imprese di Commercio, Terziario, Distribuzione, Servizi, Pubblici Esercizi e Turismo",/Users/lukeschreiber/Downloads/Italy/italy_scraping/italy_txts/Accordo di adesione ai CCNL da valere su tutto il territorio nazionale (H03N).txt,3195,0.0041,clean
20538,HV40,"CCNL Servizi di Vigilanza, Investigazioni, Security, Safety e Ausiliari alla Sicurezza","/Users/lukeschreiber/Downloads/Italy/italy_scraping/italy_txts/CCNL Servizi di Vigilanza, Investigazioni, Security, Safety e Ausiliari alla Sicurezza (HV40).txt",241602,0.0046,clean
20144,D01B,CCNL per l'industria tessile,/Users/lukeschreiber/Downloads/Italy/italy_scraping/italy_txts/CCNL per l'industria tessile (D01B).txt,3762,0.0008,clean
6772,I632,MARITTIMI: Stato Maggiore Navi Locali,/Users/lukeschreiber/Downloads/Italy/italy_scraping/italy_txts/MARITTIMI Stato Maggiore Navi Locali (I632).txt,1857,0.0,clean
9134,IC81,Accordo di confluenza al CCNL Autorimesse e noleggio auto,/Users/lukeschreiber/Downloads/Italy/italy_scraping/italy_txts/Ipotesi di accordo (IC81).txt,8717,0.0029,clean
19763,D271,"CCNL per le aziende che producono, in prevalenza, occhiali e articoli inerenti l'occhialeria e per i lavoratori da esse dipendenti",/Users/lukeschreiber/Downloads/Italy/italy_scraping/italy_txts/Accordo di nuova normativa sulla classificazione del personale ad integrazione dell'accordo 19072016 di rinnovo del CCNL 9 novembre 2013 (D271).txt,174605,0.0088,clean
5743,B371,GOMMA E PLASTICA: Industrie,"/Users/lukeschreiber/Downloads/Italy/italy_scraping/italy_txts/Accordo 26 gennaio 2023 di rinnovo del CCNL 16 settembre 2020 per gli addetti all'industria della gomma, cavi elettrici ed affini e all'industria dell (B371).txt",36836,0.0052,clean
18706,F051,Verbale di Accordo per la definizione dell'incremento dei minimi retributivi a valere dal primo gennaio 2018,/Users/lukeschreiber/Downloads/Italy/italy_scraping/italy_txts/Accordo 6 ottobre 1954 per il conglobamento e riassetto zonale delle retribuzioni per gli addetti all'industria del legno e del sughero (F051).txt,2775,0.0007,clean
5096,E031,SOTTOPRODOTTI DELLA MACELLAZIONE,/Users/lukeschreiber/Downloads/Italy/italy_scraping/italy_txts/SOTTOPRODOTTI DELLA MACELLAZIONE (E031).txt,88834,0.0,clean
6933,H011,COMMERCIO E SERVIZI,"/Users/lukeschreiber/Downloads/Italy/italy_scraping/italy_txts/Accordo di rinnovo CCNL Terziario, Distribuzione e Servizi (H011).txt",5553,0.0058,clean
16899,J241,"Accordo di rinnovo del CCNL 19 gennaio 2012 per i quadri direttivi e per il personale delle aree professionali dipendenti dalle imprese creditizie, finanziarie e strumentali",/Users/lukeschreiber/Downloads/Italy/italy_scraping/italy_txts/Accordo 21 marzo 2025 in materia di libertà sindacali (J241).txt,59535,0.0023,clean
20512,H021,Contratto Collettivo Nazionale di parziale modifica del Regolamento del Fondo di Assistenza Sanitaria per i dirigenti di aziende commerciali e di trasporto e spedizione annesso al CCNL del 1° agosto 1957,/Users/lukeschreiber/Downloads/Italy/italy_scraping/italy_txts/Accordo Ponte CCNL 27 maggio 2004 per i dirigenti di aziende del terziario della distribuzione e dei servizi (H021).txt,2126,0.0141,clean
18614,HV11,CCNL Lavoratori dipendenti da istituti di vigilanza privata,/Users/lukeschreiber/Downloads/Italy/italy_scraping/italy_txts/CCNL Lavoratori dipendenti da istituti di vigilanza privata (HV11).txt,89912,0.008,clean
12981,J257,Accordo negoziale in tema di trattamento economico per l'anno 2010 per il personale della carriera direttiva,/Users/lukeschreiber/Downloads/Italy/italy_scraping/italy_txts/Accordo cornice in tema di contrattualizzazione del rapporto di impiego del personale della carriera direttiva (J257).txt,3884,0.0054,clean
7868,I523,MARITTIMI: Navi da Carico > 500 Tsl,"/Users/lukeschreiber/Downloads/Italy/italy_scraping/italy_txts/CCNL per l'imbarco degli equipaggi delle navi da carico superiori a 500 TSL delle società di navigazione ITALIA, LLOYD TRIESTINO, ADRIATICA e TIRRENIA (I523).txt",250896,0.0044,clean
8747,D051,"TESSILI SETA: Fil. Cascami, Trattura e Torcitura, Fil. Serica",/Users/lukeschreiber/Downloads/Italy/italy_scraping/italy_txts/CCNL per gli addetti ai settori industriali della filatura serica e dei torcitori della seta e dei fili artificiali e sintetici (D051).txt,522373,0.0044,clean
5846,V121,COLLABORAZIONI Coordinate e Continuative (UNPEC),/Users/lukeschreiber/Downloads/Italy/italy_scraping/italy_txts/COLLABORAZIONI Coordinate e Continuative (UNPEC) (V121).txt,35317,0.0,clean
15795,V234,"CCNL per l'attività di Codista"" utilizzata dalle piccole e medie imprese di tutti i settori produttivi""",/Users/lukeschreiber/Downloads/Italy/italy_scraping/italy_txts/CCNL per l'attività di Codista utilizzata dalle piccole e medie imprese di tutti i settori produttivi (V234).txt,83327,0.0064,clean
18094,E042,CCNL 14 febbraio 1963  per le maestraenze addette alle lavorazione della foglia di tabacco nei magazzini generali dei concessionari speciali,/Users/lukeschreiber/Downloads/Italy/italy_scraping/italy_txts/CCNL 1 ottobre 1970 per i dipendenti dalle aziende di lavorazione della foglia del tabacco (E042).txt,7572,0.0102,clean
20053,F051,"Ipotesi di Accordo per il rinnovo del CCNL Legno, Sughero, Mobile, Arredamento e Boschivi e Forestali",/Users/lukeschreiber/Downloads/Italy/italy_scraping/italy_txts/Accordo 6 ottobre 1954 per il conglobamento e riassetto zonale delle retribuzioni per gli addetti all'industria del legno e del sughero (F051).txt,2775,0.0007,clean
17188,A011,CCNL per gli operai agricoli e florovivaisti,/Users/lukeschreiber/Downloads/Italy/italy_scraping/italy_txts/AGRICOLTURA Operai e Florovivaisti (A011).txt,244591,0.0181,clean
18780,J251,Verbale di accordo per il differimento dei termini per la disdetta dei CCNL 31 marzo 2015 (quadri direttivi e aree professionali) e 13 luglio 2015 (dirigenti),"/Users/lukeschreiber/Downloads/Italy/italy_scraping/italy_txts/Accordo 29 febbraio 2012 di proroga del CCNL del 10 gennaio 2008 per i dirigenti dipendenti dalle imprese creditizie, finanziarie e strumentali (J251).txt",9364,0.0041,clean
9562,D271,CCNL per gli addetti alle aziende che producono occhiali e articoli inerenti l'occhialeria,/Users/lukeschreiber/Downloads/Italy/italy_scraping/italy_txts/Accordo di nuova normativa sulla classificazione del personale ad integrazione dell'accordo 19072016 di rinnovo del CCNL 9 novembre 2013 (D271).txt,174605,0.0088,clean
14669,H444,Comunicazione del 2 aprile 2012 da parte di CONFIMEA e FISMIC relativa all'Accordo sottoscritto in data 23 marzo 2012 di porre fine alle proprie relazioni sindacali e di disdettare congiuntamente tutti i CCNL stipulati,/Users/lukeschreiber/Downloads/Italy/italy_scraping/italy_txts/CCNL per i dipendenti degli studi professionali (H444).txt,260976,0.0063,clean
8411,I5B3,MARITTIMI: Uffici e Operai Societa' di Navigazione,"/Users/lukeschreiber/Downloads/Italy/italy_scraping/italy_txts/CCNL 13 novembre 2007 per gli addetti agli uffici e per il personale operaio delle società Tirrenia, Caremar, Saremar; Siremar, Toremar (I5B3).txt",200305,0.0026,clean
7799,J267,BANCARI: Banca D'Italia - carriera Operativa,"/Users/lukeschreiber/Downloads/Italy/italy_scraping/italy_txts/Accordo cornice in tema di contrattualizzazione del rapporto di impiego del personale della carriera operativa, dei servizi generali e di sicurezza e  (J267).txt",4369,0.0048,clean
13122,F015,Verbale di accordo 16/12/2010 per l'attuazione ed integrazione del CCNL 23 luglio 2008 per gli addetti delle imprese artigiane e delle piccole e medie imprese edili ed affini,/Users/lukeschreiber/Downloads/Italy/italy_scraping/italy_txts/Accordo di rinnovo del CCNL 30 gennaio 2020 per i lavoratori dipendenti delle imprese artigiane e delle piccole e medie imprese industriali dell'edili (F015).txt,48832,0.0048,clean
18930,H475,"Accordo sull'indennità di vacanza contrattuale CCNL per i dipendenti degli Studi Professionali che amministrano Condomini o Immobili, Società di Servizi Integrati alla proprietà immobiliare",/Users/lukeschreiber/Downloads/Italy/italy_scraping/italy_txts/CCNL per i dipendenti di Studi Professionali che amministrano condomini o immobili Società di Servizi Integrati alla proprietà immobiliare (H475).txt,345878,0.0038,clean
13142,J267,Accordo recante la disciplina pattizia attuativa in Banca d'Italia della L.146/1990 e successive modifiche,"/Users/lukeschreiber/Downloads/Italy/italy_scraping/italy_txts/Accordo cornice in tema di contrattualizzazione del rapporto di impiego del personale della carriera operativa, dei servizi generali e di sicurezza e  (J267).txt",4369,0.0048,clean
20503,G142,CCNL per gli Stuntman impiegati nella produzione di filmati e prodotti audiovisivi dipendenti da case di produzione cineaudiovisiva e multimediale,/Users/lukeschreiber/Downloads/Italy/italy_scraping/italy_txts/CCNL per gli Stuntman impiegati nella produzione di filmati e prodotti audiovisivi dipendenti da case di produzione cineaudiovisiva e multimediale (G142).txt,29082,0.0039,clean
7985,A021,AGRICOLTURA: Impiegati,/Users/lukeschreiber/Downloads/Italy/italy_scraping/italy_txts/AGRICOLTURA Impiegati (A021).txt,116832,0.0,clean
4178,C013,METALMECCANICA: PP.SS.,/Users/lukeschreiber/Downloads/Italy/italy_scraping/italy_txts/CCNL 16 luglio 1979 per i lavoratori dipendenti dalle aziende metalmeccaniche a partecipazione statale (C013).txt,357017,0.0035,clean
13680,D0M0,"CCNL per i dipendenti da aziende artigiane di lavanderie, tintorie e affini","/Users/lukeschreiber/Downloads/Italy/italy_scraping/italy_txts/CCNL per i dipendenti da aziende artigiane di lavanderie, tintorie e affini (D0M0).txt",213444,0.0021,clean
9215,J111,Ipotesi di intesa per il rinnovo del ccnl per i dirigenti delle imprese assicuratrici,/Users/lukeschreiber/Downloads/Italy/italy_scraping/italy_txts/ASSICURAZIONI Dirigenti (J111).txt,96258,0.0001,clean
13651,E015,CCNL area alimentazione-panificazione per i lavoratori dipendenti delle aziende artigiane del settore alimentare e delle aziende del settore della panificazione,/Users/lukeschreiber/Downloads/Italy/italy_scraping/italy_txts/ALIMENTARISTI Artigiane (E015).txt,144309,0.0,clean
8539,G091,RADIO TELEVISIONE: Aziende private,/Users/lukeschreiber/Downloads/Italy/italy_scraping/italy_txts/Accordo 16 febbraio 2011 di rinnovo del CCNL per le imprese radiotelevisive private (G091).txt,29312,0.006,clean
19287,HV4A,Accordo modificativo del CCNL per i dipendenti degli istituti investigativi privati e delle agenzie di sicurezza sussidiaria o complementare,/Users/lukeschreiber/Downloads/Italy/italy_scraping/italy_txts/Accordo integrativo del CCNL per i dipendenti degli istituti investigativi privati e delle agenzie di sicurezza sussidiaria o complementare (HV4A).txt,4184,0.0014,clean
18645,G093,CCNL per gli impiegati ed operai della società RAI - Radiotelevisione italiana,/Users/lukeschreiber/Downloads/Italy/italy_scraping/italy_txts/CCNL per gli impiegati ed operai della società RAI - Radiotelevisione italiana (G093).txt,107047,0.0033,clean
2253,E031,SOTTOPRODOTTI DELLA MACELLAZIONE,/Users/lukeschreiber/Downloads/Italy/italy_scraping/italy_txts/SOTTOPRODOTTI DELLA MACELLAZIONE (E031).txt,88834,0.0,clean
1053,F032,"CEMENTO, CALCE, GESSO: Industrie","/Users/lukeschreiber/Downloads/Italy/italy_scraping/italy_txts/CCNL 18 maggio 1963 per gli operai dipendenti dalle aziende esercenti la produzione del cemento, amianto-cemento e la produzione promiscua di cemento, (F032).txt",140188,0.005,clean
17815,H05L,"Verbale integrativo al CCNL per i dipendenti da Aziende esercenti attività del settore TURISMO""""",/Users/lukeschreiber/Downloads/Italy/italy_scraping/italy_txts/Verbale integrativo al CCNL per i dipendenti da Aziende esercenti attività del settore TURISMO (H05L).txt,2289,0.0066,clean
5037,G032,GIORNALISTI: RAI (estensione CCNL),/Users/lukeschreiber/Downloads/Italy/italy_scraping/italy_txts/Convenzione per l'estensione del Contratto Nazionale di Lavoro Giornalistico (G032).txt,8182,0.0077,clean
17106,H475,Protocollo d'intesa in materia di contribuzioni abbligatorie in favoredell'EN.BI.F.,/Users/lukeschreiber/Downloads/Italy/italy_scraping/italy_txts/CCNL per i dipendenti di Studi Professionali che amministrano condomini o immobili Società di Servizi Integrati alla proprietà immobiliare (H475).txt,345878,0.0038,clean
15627,T196,CCNL per le lavoratrici e i lavoratori del settore servizi alla persona,"/Users/lukeschreiber/Downloads/Italy/italy_scraping/italy_txts/CCNL per le lavoratrici e i lavoratori delle cooperative, consorzi e società consortili del settore servizi alla persona (T196).txt",366072,0.0035,clean
3115,I012,AUTOFERROTRANVIERI: Dirigenti,/Users/lukeschreiber/Downloads/Italy/italy_scraping/italy_txts/AUTOFERROTRANVIERI Dirigenti (I012).txt,47067,0.0007,clean
8017,S811,FORZE ARMATE (Esercito - Marina - Aeronautica),/Users/lukeschreiber/Downloads/Italy/italy_scraping/italy_txts/FORZE ARMATE (Esercito - Marina - Aeronautica) (S811).txt,37201,0.0005,clean
9006,A011,CCNL operai agricoli e florovivaisti,/Users/lukeschreiber/Downloads/Italy/italy_scraping/italy_txts/AGRICOLTURA Operai e Florovivaisti (A011).txt,244591,0.0181,clean
10082,I852,Ipotesi di accordo sezione catering aereo 4/11/2009,/Users/lukeschreiber/Downloads/Italy/italy_scraping/italy_txts/AEREI Personale di Terra - servizi di catering (I852).txt,153269,0.0,clean
9737,G099,"Rinnovo CCNL imprese radiofoniche e televisione in ambito locale, syndications, agenzie di informazione radiotelevisiva, imprese radiofoniche e televisioni satellitari e via internet",/Users/lukeschreiber/Downloads/Italy/italy_scraping/italy_txts/Accordo sul Rinnovo del CCNL per i lavoratori amministrativi e tecnici delle imprese radiotelevisive locali (G099).txt,91558,0.0041,clean
9610,H040,CCNL per i soci coimprenditori ed i lavoratori dipendenti delle cooperative esercenti attività nel settore COMMERCIO CONSUMO DISTRIBUZIONE E SERVIZI,/Users/lukeschreiber/Downloads/Italy/italy_scraping/italy_txts/CCNL per i soci coimprenditori ed i lavoratori dipendenti delle cooperative esercenti attività nel settore COMMERCIO CONSUMO DISTRIBUZIONE E SERVIZI (H040).txt,113529,0.0037,clean
19331,H021,Accordo quadro nazionale per l'accesso al Fondo Nuove Competenze,/Users/lukeschreiber/Downloads/Italy/italy_scraping/italy_txts/Accordo Ponte CCNL 27 maggio 2004 per i dirigenti di aziende del terziario della distribuzione e dei servizi (H021).txt,2126,0.0141,clean
10557,T181,Accordo di rinnovo del biennio economico 2008-2009  CCNL personale dipendente dall'ANPAS e delle MISERICORDIE,/Users/lukeschreiber/Downloads/Italy/italy_scraping/italy_txts/Accordo 2017-2019 CCNL Misericordie (T181).txt,5657,0.0173,clean
6178,C018,METALMECCANICA: P.M.I.,/Users/lukeschreiber/Downloads/Italy/italy_scraping/italy_txts/CCNL lavoratori dipendenti da piccole e medie industrie metalmeccaniche (C018).txt,359475,0.0044,clean
7670,K711,RECAPITO CORRISPONDENZA,"/Users/lukeschreiber/Downloads/Italy/italy_scraping/italy_txts/CCNL imprese provate operanti nel settore della distribuzione, del recapito e dei servizi postali (K711).txt",303229,0.0014,clean
2525,D015,TESSILI ABBIGLIAMENTO - CALZATURE: Artigiane,/Users/lukeschreiber/Downloads/Italy/italy_scraping/italy_txts/TESSILI ABBIGLIAMENTO - CALZATURE Artigiane (D015).txt,154472,0.0005,clean
732,I841,AEREI: Assistenza di Volo (PPSS E ATI),/Users/lukeschreiber/Downloads/Italy/italy_scraping/italy_txts/CCNL 30 novembre 1984 per gli assistenti di volo dipendenti da compagnie di navigazione aerea a partecipazione statale (I841).txt,226676,0.0054,clean
4838,K151,ACQUEDOTTI PRIVATI,/Users/lukeschreiber/Downloads/Italy/italy_scraping/italy_txts/CCNL per i lavoratori dipendenti dalle aziende acquedottistiche private (K151).txt,164959,0.003,clean
20533,F154,CCNL per gli addetti del settore edile e attività affini,/Users/lukeschreiber/Downloads/Italy/italy_scraping/italy_txts/CCNL per gli addetti del settore edile e attività affini (F154).txt,199392,0.0011,clean
7987,J2F1,SOCIETA' D'INTERMEDIAZIONE MOBILIARE,"/Users/lukeschreiber/Downloads/Italy/italy_scraping/italy_txts/CCNL per i quadri, impiegati e gli operai delle società d'intermediazione mobiliare, società di raccolta e di sollecitazione al pubblico risparmio e a (J2F1).txt",166564,0.0058,clean
15404,I8A2,Accordo di rinnovo del CCNL per i piloti collaudatori sperimentatori e di produzione di aziende di costruzioni aerospaziali,/Users/lukeschreiber/Downloads/Italy/italy_scraping/italy_txts/CCNL per i piloti collaudatori dipendenti da aziende di costruzioni aerospaziali (I8A2).txt,55949,0.0051,clean
4721,A221,ZOOTECNIA : Operai e Impiegati,/Users/lukeschreiber/Downloads/Italy/italy_scraping/italy_txts/Ipotesi di accordo per il rinnovo del CCNL dipendenti organizzazioni allevatori (A221).txt,27567,0.0047,clean
6713,G401,SIAE (SOCIETA' ITALIANA AUTORI ED EDITORI): Dirigenti,/Users/lukeschreiber/Downloads/Italy/italy_scraping/italy_txts/Accordo per la proroga del CCNL Dirigenti e Professionisti Avvocati Dirigenti SIAE 20172020 (G401).txt,3625,0.0028,clean
19845,F01T,"CCNL per i dipendenti dell'artigianato e delle società cooperative del settore edile, costruzioni, restauro e affini","/Users/lukeschreiber/Downloads/Italy/italy_scraping/italy_txts/CCNL per i dipendenti dell'artigianato e delle società cooperative del settore edile, costruzioni, restauro e affini (F01T).txt",598913,0.0037,clean
20618,T19Q,CCNL per i dipendenti delle Imprese Sociali e degli Enti del Settore Civile,/Users/lukeschreiber/Downloads/Italy/italy_scraping/italy_txts/CCNL per i dipendenti delle Imprese Sociali e degli Enti del Settore Civile (T19Q).txt,137565,0.0027,clean
5774,G411,SIAE (SOCIETA' ITALIANA AUTORI ED EDITORI),/Users/lukeschreiber/Downloads/Italy/italy_scraping/italy_txts/Accordo per il rinnovo del CCNL per il personale non dirigente SIAE (G411).txt,18044,0.0108,clean
9410,T151,CCNL Cooperative sociali,/Users/lukeschreiber/Downloads/Italy/italy_scraping/italy_txts/Accordo di impegno fra le parti firmatarie del rinnovo del CCNL per le lavoratrici e i lavoratori delle cooperative del settore socio-sanitario assist (T151).txt,3888,0.0018,clean
18455,H012,"CCNL per i dipendenti da aziende del terziario, della distribuzione e dei servizi ACCORDO DI RINNOVO 15 marzo 2011","/Users/lukeschreiber/Downloads/Italy/italy_scraping/italy_txts/Accordo di riordino complessivo della disciplina dell'apprendistato nel settore terziario, distribuzione, servizi tra Confesercenti e UGL Terziario (H012).txt",70170,0.0069,clean
20342,H44G,CCNL per i dipendenti degli studi professionali - Testo coordinato con le modifiche introdotte dall'Accordo integrativo del 04/06/2024,/Users/lukeschreiber/Downloads/Italy/italy_scraping/italy_txts/CCNL per i dipendenti degli studi professionali - Testo coordinato con le modifiche introdotte dall'Accordo integrativo del 04062024 (H44G).txt,226931,0.0031,clean
17103,H683,"Indennità di vacanza contrattuale per il CCNL SERVIZI""""",/Users/lukeschreiber/Downloads/Italy/italy_scraping/italy_txts/CCNL per i dipendenti da aziende e cooperative esercenti attività del settore SERVIZI (H683).txt,658963,0.0128,clean
15373,B101,Ipotesi di accordo per il rinnovo del CCNL per i dipendenti delle aziende conciarie e dei settori collegati,/Users/lukeschreiber/Downloads/Italy/italy_scraping/italy_txts/CCNL per i dipendenti delle aziende conciarie e dei settori collegati (B101).txt,266327,0.0056,clean
4666,A131,CONSORZI di Bonifica: Operai e Impiegati,/Users/lukeschreiber/Downloads/Italy/italy_scraping/italy_txts/Accordo 1 giugno 2010 per i dipendenti dai consorzi di bonifica e di miglioramento fondiario (A131).txt,4121,0.0027,clean
9243,J152,CCNL per i dipendenti delle agenzie di assicurazione in gestione libera,/Users/lukeschreiber/Downloads/Italy/italy_scraping/italy_txts/ASSICURAZIONI Agenzie in gestione libera (SNA-UNAPASS) (J152).txt,99749,0.0001,clean
5840,G351,SPETTACOLO Esercizi Pubblici: Artisti a tempo determinato,/Users/lukeschreiber/Downloads/Italy/italy_scraping/italy_txts/CCNL per il personale artistico scritturato a tempo determinato dai pubblici esercizi con attività di trattenimento e spettacolo (G351).txt,135206,0.0023,clean
20329,H670,Accordo integrativo - Comitato per il Settore dei Call Center,/Users/lukeschreiber/Downloads/Italy/italy_scraping/italy_txts/Accordo Collettivo Nazionale per i collaboratori telefonici dei call center (H670).txt,30580,0.0034,clean
9062,T171,Accordo di rinnovo biennio economico 2004-2005 ccnl dipendenti ANPAS,/Users/lukeschreiber/Downloads/Italy/italy_scraping/italy_txts/Accordo di rinnovo biennio economico 2004-2005 ccnl dipendenti ANPAS (T171).txt,56111,0.0039,clean
20565,T199,Accordo di modifica e integrazione del CCNL per i dipendenti delle Imprese Sociali e delle Cooperative operanti nel settore della Cultura e dello Spettacolo,/Users/lukeschreiber/Downloads/Italy/italy_scraping/italy_txts/Accordo di modifica e integrazione del CCNL per i dipendenti delle Imprese Sociali e delle Cooperative operanti nel settore della Cultura e dello Spet (T199).txt,8617,0.0028,clean
9519,H012,Ipotesi di accordo di rinnovo del CCNL 22 settembre 1999,"/Users/lukeschreiber/Downloads/Italy/italy_scraping/italy_txts/Accordo di riordino complessivo della disciplina dell'apprendistato nel settore terziario, distribuzione, servizi tra Confesercenti e UGL Terziario (H012).txt",70170,0.0069,clean
13408,T013,"CCNL per i soci e i dipendenti delle cooperative esercenti attività non medica presso Case di Cura, Comunità Educative e Socio-Assistenziali, Case di Soggiorno per anziani, Servizi Socio-Assistenziali ed Educativi per minori, Disabili, Anziani, Studi Dent",/Users/lukeschreiber/Downloads/Italy/italy_scraping/italy_txts/SANITA' Personale non medico Cooperative (T013).txt,125122,0.0007,clean
6773,I653,MARITTIMI: Stato Maggiore Societa' ex P.I.N.,"/Users/lukeschreiber/Downloads/Italy/italy_scraping/italy_txts/CCNL 13 giugno 1985 per il personale di stato maggiore navigante delle società di navigazione ITALIA, LLOYD TRIESTINO, ADRIATICA e TIRRENIA (I653).txt",148999,0.0041,clean
9527,G111,CCNL per i dipendenti da aziende dell'industria cineaudiovisiva,/Users/lukeschreiber/Downloads/Italy/italy_scraping/italy_txts/Accordo per l'applicazione del CCNL 7 marzo 2005 ai lavoratori dipendenti delle aziende aderenti alla FEAC (G111).txt,1988,0.0075,clean
14446,A181,CCNL per gli addetti ai lavori di sistemazione idraulico-forestale e idraulico-agraria 7 dicembre 2010 ,/Users/lukeschreiber/Downloads/Italy/italy_scraping/italy_txts/CCNL addetti lavori sistemazione idraulico-forestale e idraulico-agraria IPOTESI DI ACCORDO 7 dicembre 2010 (A181).txt,25450,0.0058,clean
14891,B254,Rinnovo CCNL Energia e Petrolio e costruzione CCNL Industria Energetica 2013-2015,/Users/lukeschreiber/Downloads/Italy/italy_scraping/italy_txts/Rinnovo biennale parte economica CCNL Energia e Petrolio 14 marzo 2002 (B254).txt,2493,0.0036,clean
5186,H063,ALBERGHI: Dirigenti Catene Alberghiere,/Users/lukeschreiber/Downloads/Italy/italy_scraping/italy_txts/ALBERGHI Dirigenti Catene Alberghiere (H063).txt,57619,0.0005,clean
7005,J311,ESATTORIE: Dipendenti Concessionari (in J351),/Users/lukeschreiber/Downloads/Italy/italy_scraping/italy_txts/CCNL PER I FUNZIONARI DIPENDENTI DALLE ESATTORIE-TESORERIE GESTITE DA PRIVATI ESATTORI (J311).txt,108338,0.009,clean
20276,H011,"Accordo integrativo al CCNL Terziario, Distribuzione e Servizi del 22 marzo 2024","/Users/lukeschreiber/Downloads/Italy/italy_scraping/italy_txts/Accordo di rinnovo CCNL Terziario, Distribuzione e Servizi (H011).txt",5553,0.0058,clean
13948,G022,"CCNL per le aziende esercenti l'industria della carta e cartone, della cellulosa, pasta legno, fibra vulcanizzata e presfibra e per le aziende cartotecniche e trasformatrici della carta e del cartone","/Users/lukeschreiber/Downloads/Italy/italy_scraping/italy_txts/Accordo 4112009 per il rinnovo del CCNL per le aziende esercenti l'industria della carta e cartone, della cellulosa, pasta legno, fibra vulcanizzata e (G022).txt",33991,0.0024,clean
5087,J311,ESATTORIE: Dipendenti Concessionari,/Users/lukeschreiber/Downloads/Italy/italy_scraping/italy_txts/CCNL PER I FUNZIONARI DIPENDENTI DALLE ESATTORIE-TESORERIE GESTITE DA PRIVATI ESATTORI (J311).txt,108338,0.009,clean
15274,T171,"CCNL 2010-2012 per il personale dipendente dall'ANPAS e dalle realtà operanti nell'ambito socio-sanitario, assistenziale, educativo, delle pubbliche assistenze",/Users/lukeschreiber/Downloads/Italy/italy_scraping/italy_txts/Accordo di rinnovo biennio economico 2004-2005 ccnl dipendenti ANPAS (T171).txt,56111,0.0039,clean
18406,F083,ESAARCO CCNL per i dipendenti da imprese edili e affini,/Users/lukeschreiber/Downloads/Italy/italy_scraping/italy_txts/ESAARCO CCNL per i dipendenti da imprese edili e affini (F083).txt,448429,0.0029,clean
18296,G021,Accordo 17 novembre 1952 per la rinnovazione del CCNL del 25 novembre 1949 per l'industria cartotecnica,/Users/lukeschreiber/Downloads/Italy/italy_scraping/italy_txts/Accordo 17 maggio 1955 per l'attuazione nell'industria della trasformazione della carta e del cartone dell'accordo interconfederale 12 giugno 1954 per (G021).txt,46973,0.0077,clean
8188,F055,"LEGNO, ARREDAMENTO: Artigiane","/Users/lukeschreiber/Downloads/Italy/italy_scraping/italy_txts/LEGNO, ARREDAMENTO Artigiane (F055).txt",145341,0.0,clean
8114,F058,"LEGNO, ARREDAMENTO: P.M.I.","/Users/lukeschreiber/Downloads/Italy/italy_scraping/italy_txts/Accordo per il rinnovo per il CCNL del 22 settembre 2004 a valere per gli addetti dell'industria del legno, del sughero, del mobile e dell'arredamento (F058).txt",59144,0.0072,clean
19219,V716,"CCNL per i lavoratori dipendenti delle aziende e cooperative esercenti attività di Multiservizi, Pulizie, Logistica, Trasporti e Spedizioni, Commercio, Terziario, Servizi, Turismo e Pubblici Esercizi","/Users/lukeschreiber/Downloads/Italy/italy_scraping/italy_txts/CCNL MULTISETTORE per i lavoratori dipendenti delle aziende e cooperative esercenti attività di Multiservizi, Pulizie, Logistica, Trasporti e Spedizio (V716).txt",364850,0.0042,clean
18372,D0L1,Ipotesi di Accordo per il rinnovo del CCNL per le imprese del sistema industriale integrato di beni e servizi tessili e medici affini,/Users/lukeschreiber/Downloads/Italy/italy_scraping/italy_txts/CCNL per i lavoratori dipendenti dalle industrie di lavanderie e di sterilizzazione tessile e strumentario chirurgico (D0L1).txt,549277,0.0032,clean
18827,F048,Verbale di Accordo per il rinnovo del CCNL del 5 marzo 2014 per i dipendenti delle piccole e medie industrie di escavazione e lavorazione dei materiali lapidei - CODICE CONTRATTO 096,/Users/lukeschreiber/Downloads/Italy/italy_scraping/italy_txts/Accordo 5 marzo 2014 per il rinnovo del CCNL del 5 ottobre 2010 per i dipendenti delle piccole e medie industrie di escavazione e lavorazione dei mate (F048).txt,78390,0.0048,clean
6165,T031,SANITA': Dipendenti AVIS,/Users/lukeschreiber/Downloads/Italy/italy_scraping/italy_txts/Accordo sul premio di incentivazione (T031).txt,6682,0.0024,clean
17060,I810,CCNL del TRASPORTO AEREO - Parte specifica SERVIZI ATM DIRETTI E COMPLEMENTARI,/Users/lukeschreiber/Downloads/Italy/italy_scraping/italy_txts/CCNL del TRASPORTO AEREO - Parte specifica GESTORI AEROPORTUALI (I810).txt,510980,0.0054,clean
