task,doc_id,quality_bin,input,model_output,human_ok,human_notes
clean,5393,clean,"Il premio annuale per la copertura per il ritiro del libretto viene in-
crementato a decorrere dal 1° gennaio 2008 dagli attuali € 175,00
a € 190,00 annui pro-capite a fronte del seguente aggiornamento
dei capitali assicurati:
- sino a 40 anni non compiuti € 31.000,00
- da 40 a 45 anni non compiuti € 21.000,00
- da 45 a 50 anni non compiuti € 16.000,00
- da 50 a 55 anni non compiuti € 8.500,00
- da 55 a 60 anni non compiuti € 6.000,00
- da 60 a 65 anni non compiuti € 3.000,00
Si precisa che:
nel caso di decesso di un marittimo che sia stato già dichiarato perma-
nentemente non idoneo alla navigazione (ritiro del libretto) da parte della
Commissione di I° grado, qualora il decesso avvenisse prima dell’esito
dell’eventuale ricorso alla commissione di II° grado o prima dell’espleta-
mento degli accertamenti medici a seguito di richiesta di applicazione
della clausola arbitrale, si procederà ad indennizzare gli eredi aventi dirit-
to per l’importo fissato, in base all’età, dall’allegato 4 del CCNLvigente.

Quanto sopra a condizione che il decesso sia avvenuto per la medesi-
ma malattia o infortunio che sia stata determinante per la dichiarazione
di permanente inidoneità alla navigazione, sempre e comunque nel ri-
spetto delle ulteriori norme e procedure per l’accertamento dell’indenniz-
zabilità inerente il ritiro del libretto stesso.

Resta ferma ogni altra previsione contrattuale in materia di tutele
assicurative.

61
ALLEGATO 5
OBBLIGHI DELL’ASSICURATO IN CASO
DI DICHIARATAINIDONEITÁ
L’assicurato è tenuto a proporre ricorso, (attualmente da presentarsi per
l’accesso alla commissione di II grado) nei termini e con le modalità pre-
viste dal Codice della Navigazione e/o dalle leggi vigenti in materia con-
tro la dichiarazione di cancellazione dalle matricole e dai registri della
gente di mare per i motivi che sono oggetto di assicurazione.","Il premio annuale per la copertura per il ritiro del libretto viene in-
crementato a decorrere dal 1° gennaio 2008 dagli attuali € 175,00
a € 190,00 annui pro-capite a fronte del seguente aggiornamento
dei capitali assicurati:
- sino a 40 anni non compiuti € 31.000,00
- da 40 a 45 anni non compiuti € 21.000,00
- da 45 a 50 anni non compiuti € 16.000,00
- da 50 a 55 anni non compiuti € 8.500,00
- da 55 a 60 anni non compiuti € 6.000,00
- da 60 a 65 anni non compiuti € 3.000,00
Si precisa che:
nel caso di decesso di un marittimo che sia stato già dichiarato perma-
nentemente non idoneo alla navigazione (ritiro del libretto) da parte della
Commissione di I° grado, qualora il decesso avvenisse prima dell’esito
dell’eventuale ricorso alla commissione di II° grado o prima dell’espleta-
mento degli accertamenti medici a seguito di richiesta di applicazione
della clausola arbitrale, si procederà ad indennizzare gli eredi aventi dirit-
to per l’importo fissato, in base all’età, dall’allegato 4 del CCNLvigente.

Quanto sopra a condizione che il decesso sia avvenuto per la medesi-
ma malattia o infortunio che sia stata determinante per la dichiarazione
di permanente inidoneità alla navigazione, sempre e comunque nel ri-
spetto delle ulteriori norme e procedure per l’accertamento dell’indenniz-
zabilità inerente il ritiro del libretto stesso.

Resta ferma ogni altra previsione contrattuale in materia di tutele
assicurative.

61
ALLEGATO 5
OBBLIGHI DELL’ASSICURATO IN CASO
DI DICHIARATAINIDONEITÁ
L’assicurato è tenuto a proporre ricorso, (attualmente da presentarsi per
l’accesso alla commissione di II grado) nei termini e con le modalità pre-
viste dal Codice della Navigazione e/o dalle leggi vigenti in materia con-
tro la dichiarazione di cancellazione dalle matricole e dai registri della
gente di mare per i motivi che sono oggetto di assicurazione.",,
clean,19272,clean,"Art. 5
L'Ente istituisce nella gestione del “Fondo per l'indennità di risoluzione del rapporto”
(F.LR.R.) per ciascun agente o rappresentante un conto individuale, in cui annota i versamenti
effettuati dalle ditte sotto la data dell'avvenuta ricezione di essi.
Su detti conti individuali devono essere annotati gli accreditamenti derivanti dall'attribuzione
annuale degli utili netti della gestione 0 da altre cause, nonché gli eventuali addebiti posti a
carico dell'agente 0 rappresentante. Su tali conti verranno altresì accreditati gli interessi - da
ripattuire con l’Istituto - di cui all'art. 1, dedotia la quota utilizzata dall'Ente per la copertura
delle spese di stipulazione e gestione della polizza assicurativa per infortunio e ricovero
ospedaliero, di cui all’art, 12 dell'accordo economico collettivo.
Gli utili netti di cui al comma precedente verranno ripartiti sui singoli conti individuali in
misura percentuale pari all'incidenza dell'utile stesso sull'importo complessivo dei singoli conti
individuali risultante al 31 dicembre dell'anno precedente.

Art. 6
L'Ente, all'atto della istituzione del primo conto di ciascun agente o rappresentante, rilascia
all'interessato un certificato di iscrizione.
Nel trimestre successivo alla data di approvazione del bilancio consuntivo di ciascun esercizio
finanziario, l'Ente trasmette a ciascun iscritto un riepilogo dei conti ad esso intestati nella
gestione “/ndermità per la risoluzione del rapporto” da cui risultino, in relazione a ciascuna ditta
mandante, i versamenti accreditati alla data di chiusura dell'esercizio stesso, comprensivi degli

Pagina 25 di 30

utili e degli interessi accreditati, ai sensi del precedente art. 5.","Art. 5
L'Ente istituisce nella gestione del “Fondo per l'indennità di risoluzione del rapporto”
(F.LR.R.) per ciascun agente o rappresentante un conto individuale, in cui annota i versamenti
effettuati dalle ditte sotto la data dell'avvenuta ricezione di essi.
Su detti conti individuali devono essere annotati gli accreditamenti derivanti dall'attribuzione
annuale degli utili netti della gestione 0 da altre cause, nonché gli eventuali addebiti posti a
carico dell'agente 0 rappresentante. Su tali conti verranno altresì accreditati gli interessi - da
ripattuire con l’Istituto - di cui all'art. 1, dedotia la quota utilizzata dall'Ente per la copertura
delle spese di stipulazione e gestione della polizza assicurativa per infortunio e ricovero
ospedaliero, di cui all’art, 12 dell'accordo economico collettivo.
Gli utili netti di cui al comma precedente verranno ripartiti sui singoli conti individuali in
misura percentuale pari all'incidenza dell'utile stesso sull'importo complessivo dei singoli conti
individuali risultante al 31 dicembre dell'anno precedente.

Art. 6
L'Ente, all'atto della istituzione del primo conto di ciascun agente o rappresentante, rilascia
all'interessato un certificato di iscrizione.
Nel trimestre successivo alla data di approvazione del bilancio consuntivo di ciascun esercizio
finanziario, l'Ente trasmette a ciascun iscritto un riepilogo dei conti ad esso intestati nella
gestione “/ndermità per la risoluzione del rapporto” da cui risultino, in relazione a ciascuna ditta
mandante, i versamenti accreditati alla data di chiusura dell'esercizio stesso, comprensivi degli

Pagina 25 di 30

utili e degli interessi accreditati, ai sensi del precedente art. 5.",,
clean,4621,clean,"Art. 28 - Effetti nuovi stipendi.

1)
Le misure degli stipendi risultanti dall’applicazione dell’art. 27 sono utili ai fini della 13a mensilità, dei trattamenti di previdenza e di quiescenza, dell’equo indennizzo e sono assunte a base ai fini delle ritenute previdenziali e assistenziali e relativi contributi, nonché della determinazione della misura dei contributi di riscatto. Resta fermo quanto previsto dall’art. 1, comma 210), legge 23.12.05 n. 266 (Legge finanziaria 2006). 

2)
I benefici economici risultanti dalla applicazione dell’art. 27 sono computati ai fini previdenziali, secondo gli ordinamenti vigenti, alle scadenze e negli importi previsti dal medesimo articolo, nei confronti del personale comunque cessato dal servizio, con diritto a pensione, nel periodo di vigenza economica del presente contratto. Agli effetti del trattamento di fine servizio, dell’indennità sostitutiva del preavviso, nonché di quella prevista dall’art. 2122 CC, si considerano solo gli aumenti maturati alla data di cessazione del rapporto di lavoro. 

3)
Resta confermato quanto previsto dall’art. 3, comma 3), CCNL 20.12.06.

Art. 29 –	Integrazione delle risorse per le politiche di sviluppo 
	del personale e per la produttività.

1)
Le risorse per le politiche di sviluppo del personale e per la produttività di cui all’art. 5, CCNL ENEA 20.12.06, biennio economico 2004-05, sono incrementate a decorrere dall’1.12.07 di un importo pari allo 0,5% del monte salari riferito al 2005 relativo al personale di cui al presente Capo (2/13 per il 2007). 

2)
A decorrere dal 31.12.07, e a valere sulle disponibilità indicate dal comma 1), una quota pari allo 0,11% del monte salari riferito al 2005 relativo al personale di cui al presente Capo è finalizzata all’indennità di ente annuale. La medesima indennità è conseguentemente incrementata degli importi indicati nella tabella L).","Art. 28 - Effetti nuovi stipendi.

1)
Le misure degli stipendi risultanti dall’applicazione dell’art. 27 sono utili ai fini della 13a mensilità, dei trattamenti di previdenza e di quiescenza, dell’equo indennizzo e sono assunte a base ai fini delle ritenute previdenziali e assistenziali e relativi contributi, nonché della determinazione della misura dei contributi di riscatto. Resta fermo quanto previsto dall’art. 1, comma 210), legge 23.12.05 n. 266 (Legge finanziaria 2006). 

2)
I benefici economici risultanti dalla applicazione dell’art. 27 sono computati ai fini previdenziali, secondo gli ordinamenti vigenti, alle scadenze e negli importi previsti dal medesimo articolo, nei confronti del personale comunque cessato dal servizio, con diritto a pensione, nel periodo di vigenza economica del presente contratto. Agli effetti del trattamento di fine servizio, dell’indennità sostitutiva del preavviso, nonché di quella prevista dall’art. 2122 CC, si considerano solo gli aumenti maturati alla data di cessazione del rapporto di lavoro. 

3)
Resta confermato quanto previsto dall’art. 3, comma 3), CCNL 20.12.06.

Art. 29 –	Integrazione delle risorse per le politiche di sviluppo 
	del personale e per la produttività.

1)
Le risorse per le politiche di sviluppo del personale e per la produttività di cui all’art. 5, CCNL ENEA 20.12.06, biennio economico 2004-05, sono incrementate a decorrere dall’1.12.07 di un importo pari allo 0,5% del monte salari riferito al 2005 relativo al personale di cui al presente Capo (2/13 per il 2007). 

2)
A decorrere dal 31.12.07, e a valere sulle disponibilità indicate dal comma 1), una quota pari allo 0,11% del monte salari riferito al 2005 relativo al personale di cui al presente Capo è finalizzata all’indennità di ente annuale. La medesima indennità è conseguentemente incrementata degli importi indicati nella tabella L).",,
clean,7921,clean,"- verifica, anche attraverso l’iscrizione alla camera di commercio, industria e artigianato, l’idoneità tecnico- (

appalto o contratto d’opera;

- fornisce agli stessi soggetti dettagliate informazioni sui rischi specifici esistenti nell'ambiente in cui sono
destinati ad operare e sulle misure di prevenzione e di emergenza adottate in relazione alla propria
attività.

Il datore di lavoro committente, inoltre, promuove la cooperazione nell’attuazione delle misure di
prevenzione e protezione dei rischi sul lavoro incidenti sulle attività lavorative oggetto dell’appalto e \\

Jh de

ì

d:

coordina gli interventi di protezione e prevenzione dei rischi cui sono sottoposti i lavoratori, nonché
l’informazione finalizzata ad eliminare i rischi dovuti alle interferenze tra ì lavori delle diverse imprese
coinvolte nell'esecuzione dell’opera complessiva.

In relazione a quanto sopra dovrà essere realizzato un unico documento di valutazione dei rischi che indichi
le misure adottate per eliminare le interferenze.

Detto documento non riguarderà i rischi specifici propri della attività delle imprese appaltatrici o dei singoli
lavoratori autonomi.

Parte Quinta — Classificazione Professionale Unica

Art. 5 - Apprendistato

Le parti concordano che l’apprendistato professionalizzante essendo il più idoneo strumento per costruire
professionalità pronte ad essere inserite efficacemente nell’organizzazione aziendale, è essenzialmente
finalizzato, alla sua positiva conclusione, a consolidare il rapporto di lavoro.

L'apprendistato professionalizzante è un contratto a tempo indeterminato disciplinato dalla legge e dalle
seguenti disposizioni.

Ferme le deroghe di legge, possono essere assunti con contratto di apprendistato professionalizzante i
giovani di età compresa tra i diciotto e i ventinove anni.","- verifica, anche attraverso l'iscrizione alla camera di commercio, industria e artigianato, l'idoneità tecnico-professionale delle imprese o dei lavoratori autonomi in relazione ai lavori da affidare in appalto o contratto d'opera;

- fornisce agli stessi soggetti dettagliate informazioni sui rischi specifici esistenti nell'ambiente in cui sono destinati ad operare e sulle misure di prevenzione e di emergenza adottate in relazione alla propria attività.

Il datore di lavoro committente, inoltre, promuove la cooperazione nell'attuazione delle misure di prevenzione e protezione dei rischi sul lavoro incidenti sulle attività lavorative oggetto dell'appalto e coordina gli interventi di protezione e prevenzione dei rischi cui sono sottoposti i lavoratori, nonché l'informazione finalizzata ad eliminare i rischi dovuti alle interferenze tra i lavori delle diverse imprese coinvolte nell'esecuzione dell'opera complessiva.

In relazione a quanto sopra dovrà essere realizzato un unico documento di valutazione dei rischi che indichi le misure adottate per eliminare le interferenze.

Detto documento non riguarderà i rischi specifici propri della attività delle imprese appaltatrici o dei singoli lavoratori autonomi.

Parte Quinta — Classificazione Professionale Unica

Art. 5 - Apprendistato

Le parti concordano che l'apprendistato professionalizzante essendo il più idoneo strumento per costruire professionalità pronte ad essere inserite efficacemente nell'organizzazione aziendale, è essenzialmente finalizzato, alla sua positiva conclusione, a consolidare il rapporto di lavoro.

L'apprendistato professionalizzante è un contratto a tempo indeterminato disciplinato dalla legge e dalle seguenti disposizioni.

Ferme le deroghe di legge, possono essere assunti con contratto di apprendistato professionalizzante i giovani di età compresa tra i diciotto e i ventinove anni.",,
clean,18159,clean,"©) non esegua il lavoro secondo le istruzioni ricevute oppure lo esegua con negligenza;

d) arrechi per disattenzione anche lievi danni alle macchine o ai materiali in lavorazione;
ometta di avvertire tempestivamente il suo capo diretto di eventuali guasti al macchinario in
genere o evidenti irregolarità nell'andamento del macchinario stesso;

e) sia trovato addormentato;

j) fumi nei locali ove è fatto espresso divieto, o introduca senza autorizzazione bevande
alcooliche nello stabilimento;

g) si presenti o si trovi sul lavoro în stato di ubriachezza e in tal caso, inoltre, il dipendente
verrà allontanato;

h) abbia commesso alterchi senza vie di fatto nello stabilimento;

) proceda alla lavorazione o costruzione nell'interno dello stabilimento, senza autorizzazione
della Direzione, di oggetti per proprio uso o per conto terzi, allorché si tratti di lavorazione o
costruzione di lieve rilevanza;

1) in qualunque modo trasgredisca alle disposizioni del regolamento interno dell'azienda o
commetta qualunque atto che porti pregiudizio alla morale o all'igiene.

Potrà essere licenziato con preavviso il dipendente:

- che sia recidivo nella medesima mancanza che abbia già dato luogo a sospensione nei sei
mesi precedenti oppure recidivo nella medesima mancanza che abbia già dato luogo a due
sospensioni; °

- che abbia introdotto nello stabilimento persone estranee senza regolare permesso della
Direzione, salvo il caso in cui la mancanza in concreto abbia carattere di minore gravità
nella quale ipotesi potranno applicarsi i provvedimenti disciplinari di cui al comma
precedente:

- che abbia effettuato assenze ingiustificate prolungate oltre 3 giorni consecutivi.

Ve

BA-NOU-2009 19:49 UGLCHIMICI-D A64920554

Potrà essere licenziato senza preavviso il dipendente:","c) non esegua il lavoro secondo le istruzioni ricevute oppure lo esegua con negligenza;

d) arrechi per disattenzione anche lievi danni alle macchine o ai materiali in lavorazione; ometta di avvertire tempestivamente il suo capo diretto di eventuali guasti al macchinario in genere o evidenti irregolarità nell'andamento del macchinario stesso;

e) sia trovato addormentato;

f) fumi nei locali ove è fatto espresso divieto, o introduca senza autorizzazione bevande alcooliche nello stabilimento;

g) si presenti o si trovi sul lavoro in stato di ubriachezza e in tal caso, inoltre, il dipendente verrà allontanato;

h) abbia commesso alterchi senza vie di fatto nello stabilimento;

i) proceda alla lavorazione o costruzione nell'interno dello stabilimento, senza autorizzazione della Direzione, di oggetti per proprio uso o per conto terzi, allorché si tratti di lavorazione o costruzione di lieve rilevanza;

l) in qualunque modo trasgredisca alle disposizioni del regolamento interno dell'azienda o commetta qualunque atto che porti pregiudizio alla morale o all'igiene.

Potrà essere licenziato con preavviso il dipendente:

- che sia recidivo nella medesima mancanza che abbia già dato luogo a sospensione nei sei mesi precedenti oppure recidivo nella medesima mancanza che abbia già dato luogo a due sospensioni;

- che abbia introdotto nello stabilimento persone estranee senza regolare permesso della Direzione, salvo il caso in cui la mancanza in concreto abbia carattere di minore gravità nella quale ipotesi potranno applicarsi i provvedimenti disciplinari di cui al comma precedente;

- che abbia effettuato assenze ingiustificate prolungate oltre 3 giorni consecutivi.

Potrà essere licenziato senza preavviso il dipendente:",,
clean,8188,clean,"Permessi retribuiti E'  stabilito che  per  i dirigenti  sindacali  facenti parte  di organismi direttivi  provinciali, regionali  o nazionali,  verranno concessi permessi retribuiti  nella misura di  4 ore per  dipendente con un  minimo di 16 ore annue.

Art.

35.

Accordo Interconfederale Le  parti  convengono l'integrale  recepimento  della  disciplina contenuta nell'accordo  interconfederale  del 21.7.1988  per  gli  istituti previsti, anche  a modifica e superamento delle precedenti intese categoriali, che si intendono da esso sostituite.

OMISSISArt.

36.

Delega sindacale Le  Associazioni  sindacali  degli  imprenditori  artigiani  firmatarie del presente  CCNL  distribuiranno alle  loro  associate, il  modulo  di delega fornito dalle OO.SS.

di categoria territoriali.

Con  la retribuzione del mese  di ottobre di ogni anno l'impresa provveder ad  inserire nella busta paga di tutti i dipendenti il modulo di delega per la riscossione dei contributi sindacali.

L'impresa  operer la  trattenuta dei  contributi sindacali previo rilascio della delega individuale firmata dall'interessato.

La  delega pu essere revocata  in qualsiasi momento ed il lavoratore potr rilasciarne una nuova.

Art.

37.

Quota diffusione contratto Si  conviene  che,  al  fine  di  fornire  copia  nel  CCNL  ai  lavoratori dipendenti,  le aziende effettueranno  ad ogni dipendente non iscritto alle OO.SS.

e per  il quale non  viene effettuata  la trattenuta sindacale, una ritenuta  pari a L.

25.000 in  due rate pari a L.

12.500 ciascuna, la prima in  occasione della corresponsione  della retribuzione  del mese di gennaio 1989,  la seconda in  occasione della corresponsione  della tranche di una tantum del mese di settembre 1989.

L'imprenditore  verser  le  somme corrispettive  sul  c/c  n.

7177 FONDO CONTRATTUALE  ARTIGIANI LEGNO presso la BNL Ag.

N 11, Via Marsala 6 Roma, intestato alle parti stipulanti.","Permessi retribuiti
È stabilito che per i dirigenti sindacali facenti parte di organismi direttivi provinciali, regionali o nazionali, verranno concessi permessi retribuiti nella misura di 4 ore per dipendente con un minimo di 16 ore annue.

Art. 35. Accordo Interconfederale
Le parti convengono l'integrale recepimento della disciplina contenuta nell'accordo interconfederale del 21.7.1988 per gli istituti previsti, anche a modifica e superamento delle precedenti intese categoriali, che si intendono da esso sostituite.
OMISSIS
Art. 36. Delega sindacale
Le Associazioni sindacali degli imprenditori artigiani firmatarie del presente CCNL distribuiranno alle loro associate, il modulo di delega fornito dalle OO.SS. di categoria territoriali. Con la retribuzione del mese di ottobre di ogni anno l'impresa provvederà ad inserire nella busta paga di tutti i dipendenti il modulo di delega per la riscossione dei contributi sindacali.
L'impresa opererà la trattenuta dei contributi sindacali previo rilascio della delega individuale firmata dall'interessato. La delega può essere revocata in qualsiasi momento ed il lavoratore potrà rilasciarne una nuova.

Art. 37. Quota diffusione contratto
Si conviene che, al fine di fornire copia nel CCNL ai lavoratori dipendenti, le aziende effettueranno ad ogni dipendente non iscritto alle OO.SS. e per il quale non viene effettuata la trattenuta sindacale, una ritenuta pari a L. 25.000 in due rate pari a L. 12.500 ciascuna, la prima in occasione della corresponsione della retribuzione del mese di gennaio 1989, la seconda in occasione della corresponsione della tranche di una tantum del mese di settembre 1989.
L'imprenditore verserà le somme corrispettive sul c/c n. 7177 FONDO CONTRATTUALE ARTIGIANI LEGNO presso la BNL Ag. N 11, Via Marsala 6 Roma, intestato alle parti stipulanti.",,
clean,18377,clean,"13 del CCNL Funzioni locali del 21/5/2018
Incarichi di funzione art.

14 del CCNL Sanità del 21/5/2018
Incarichi di posizione organizzativa artt.

18 e 19 del CCNL Ministeri del 16/2/1999
Incarichi di natura organizzativa e professionale artt.

26 e 27 del CCNL Agenzie fiscali del 28/5/2004
artt.

16 e 17 del CCNL Enti pubblici non economici
Incarichi di posizione organizzativa
del 1/10/2007
Incarichi di natura organizzativa e professionale art.

20 del CCNL Cnel del 18/7/2006
Incarichi di elevata responsabilità art.

55 del CCNL Enac del 19/12/2001
10","13 del CCNL Funzioni locali del 21/5/2018
Incarichi di funzione art.

14 del CCNL Sanità del 21/5/2018
Incarichi di posizione organizzativa artt.

18 e 19 del CCNL Ministeri del 16/2/1999
Incarichi di natura organizzativa e professionale artt.

26 e 27 del CCNL Agenzie fiscali del 28/5/2004
artt.

16 e 17 del CCNL Enti pubblici non economici
Incarichi di posizione organizzativa
del 1/10/2007
Incarichi di natura organizzativa e professionale art.

20 del CCNL Cnel del 18/7/2006
Incarichi di elevata responsabilità art.

55 del CCNL Enac del 19/12/2001
10",,
clean,15314,clean,"- i lavoratori qualificati che svolgono aitività esecutive e di natura amministrativa che
richiedono in modo particolare preparazione e pratica di ufficio 0 corrispondente
esperienza di lavoro;

- | lavoratori che conducono una 0 più macchine operatrici, automatiche e
semiautomatiche altrezzate, a teste multiple o a trasferimento, sia tradizionali che a
controllo numerico e che eseguono impegnative sostituzioni di utensili e fe relative
registrazioni effettuando ove previsto il controllo delle operazioni eseguite con idonei
strumenti.

Addetto macchine operatrici attrezzate

- i favoratori che effettuano anche su linee di montaggio, interventi di normale difficoltà, su
apparecchiature a serle o foto parti per la riparazione di guasti aventi carattere di
ricorrenza.
Riparatore

- i lavoratori che effettuano, anche su linee di montaggio, sulla base di prescrizioni,
schede, disegni, lavori di normale difficoltà di esecuzione con l'ausilio di strumenti elettrici,
predisposti e/o strumenti meccanici non preregolati e/o preregolati per il collaudo di
apparecchiature a serie o loro parti per fa individuazione di anomalie o per l'opportuna
segnalazione.
Collaudatore

- i lavoratori che sulia base di prescrizioni specifiche, disegni, metodi definiti di analisi o di
misurazione eseguono, con l'ausilio per la oro predisposizione e/o strumenti elettrici
predisposti e/o strumenti meccanici preregolati, prove di normali difficoltà per il controllo
delle caratteristiche fisiche, chimiche, tecnologiche di materiali, apparecchiature e loro
parti anche prodotte a serie, registrando i dati e segnalando le eventuali discordanze.
Addetto prove di laboratorio

- | lavoratori che, sulla base di dettagliate indicazioni o cicli dì lavorazione 0 documenti
equivalenti, conducendo impianti, effettuano manovre di normale difficoltà per la
regolazione dei parametri di lavorazione. ) »

STA
Î

#, CIS “
#1 lA

pa

RA

i

Addetto conduzione impianti","- i lavoratori qualificati che svolgono attività esecutive e di natura amministrativa che
richiedono in modo particolare preparazione e pratica di ufficio o corrispondente
esperienza di lavoro;

- i lavoratori che conducono una o più macchine operatrici, automatiche e
semiautomatiche altrezzate, a teste multiple o a trasferimento, sia tradizionali che a
controllo numerico e che eseguono impegnative sostituzioni di utensili e le relative
registrazioni effettuando ove previsto il controllo delle operazioni eseguite con idonei
strumenti.

Addetto macchine operatrici attrezzate

- i lavoratori che effettuano anche su linee di montaggio, interventi di normale difficoltà, su
apparecchiature a serie o foto parti per la riparazione di guasti aventi carattere di
ricorrenza.
Riparatore

- i lavoratori che effettuano, anche su linee di montaggio, sulla base di prescrizioni,
schede, disegni, lavori di normale difficoltà di esecuzione con l'ausilio di strumenti elettrici,
predisposti e/o strumenti meccanici non preregolati e/o preregolati per il collaudo di
apparecchiature a serie o loro parti per la individuazione di anomalie o per l'opportuna
segnalazione.
Collaudatore

- i lavoratori che sulla base di prescrizioni specifiche, disegni, metodi definiti di analisi o di
misurazione eseguono, con l'ausilio per la loro predisposizione e/o strumenti elettrici
predisposti e/o strumenti meccanici preregolati, prove di normali difficoltà per il controllo
delle caratteristiche fisiche, chimiche, tecnologiche di materiali, apparecchiature e loro
parti anche prodotte a serie, registrando i dati e segnalando le eventuali discordanze.
Addetto prove di laboratorio

- i lavoratori che, sulla base di dettagliate indicazioni o cicli di lavorazione o documenti
equivalenti, conducendo impianti, effettuano manovre di normale difficoltà per la
regolazione dei parametri di lavorazione. ) »

STA
Î

#, CIS “
#1 lA

pa

RA

i

Addetto conduzione impianti",,
clean,19266,clean,"ACCORDO DI RINNOVO ECONOMICO DEL CONTRATTO COLLETTIVO NAZIONALE DI
LAVORO ADDETTI ALL’INDUSTRIA METALMECCANICA PRIVATA E ALLA
INSTALLAZIONE IMPIANTI
Cod.

Contratto C053
L’anno 2025 il giorno 27 del mese di Ottobre, in Roma, presso la sede di Conflavoro PMI,
sita in Via del Consolato n°6, si è raggiunto il seguente accordo economico del CCNL in
epigrafe,
TRA
CONFLAVORO PMI, Confederazione Nazionale delle Piccole e Medie Imprese
rappresentata dal Presidente Nazionale Roberto Capobianco;
E
CONF.S.A.L, Confederazione Generale dei Sindacati Autonomi del Lavoratori
rappresentata dal Segretario Generale Angelo Raffaele Margiotta;
FESICA, Federazione Sindacati Industria, Commercio e Artigianato rappresentata dal
Segretario Generale Bruno Mariani, Vice Segretario Generale Alfredo Mancini.

Premesso che
● In data 20/06/2024, la Conflavoro PMI, la Fesica e la Confsal, hanno sottoscritto il rinnovo
del CCNL Addetti all’Industria Metalmeccanica privata e alla Installazione Impianti codice
contratto “C053” con validità ed efficacia a far data dal 01/06/2024 al 31/05/2027;
● Nelle more del rinnovo contrattuale, le Parti, considerate le specificità delle imprese
operanti nel settore dell'industria metalmeccanica privata e con l’obiettivo di tutelare
l’occupazione e salvaguardare il potere d’acquisto dei lavoratori, hanno convenuto di
procedere prioritariamente al rinnovo della parte economica, ridefinendo i livelli retributivi
anche in relazione all’andamento dell’inflazione consuntivata.

*  
Tutto ciò premesso e considerato,
le Parti
- convengono di procedere all’adeguamento dei minimi tabellari al fine di salvaguardare
il potere di acquisto delle retribuzioni dei lavoratori, nelle more dell’espletamento del
tavolo di confronto per la stipula del rinnovo normativo ed economico del CCNL.","ACCORDO DI RINNOVO ECONOMICO DEL CONTRATTO COLLETTIVO NAZIONALE DI
LAVORO ADDETTI ALL’INDUSTRIA METALMECCANICA PRIVATA E ALLA
INSTALLAZIONE IMPIANTI
Cod.

Contratto C053
L’anno 2025 il giorno 27 del mese di Ottobre, in Roma, presso la sede di Conflavoro PMI,
sita in Via del Consolato n°6, si è raggiunto il seguente accordo economico del CCNL in
epigrafe,
TRA
CONFLAVORO PMI, Confederazione Nazionale delle Piccole e Medie Imprese
rappresentata dal Presidente Nazionale Roberto Capobianco;
E
CONF.S.A.L, Confederazione Generale dei Sindacati Autonomi del Lavoratori
rappresentata dal Segretario Generale Angelo Raffaele Margiotta;
FESICA, Federazione Sindacati Industria, Commercio e Artigianato rappresentata dal
Segretario Generale Bruno Mariani, Vice Segretario Generale Alfredo Mancini.

Premesso che
● In data 20/06/2024, la Conflavoro PMI, la Fesica e la Confsal, hanno sottoscritto il rinnovo
del CCNL Addetti all’Industria Metalmeccanica privata e alla Installazione Impianti codice
contratto “C053” con validità ed efficacia a far data dal 01/06/2024 al 31/05/2027;
● Nelle more del rinnovo contrattuale, le Parti, considerate le specificità delle imprese
operanti nel settore dell'industria metalmeccanica privata e con l’obiettivo di tutelare
l’occupazione e salvaguardare il potere d’acquisto dei lavoratori, hanno convenuto di
procedere prioritariamente al rinnovo della parte economica, ridefinendo i livelli retributivi
anche in relazione all’andamento dell’inflazione consuntivata.

*  
Tutto ciò premesso e considerato,
le Parti
- convengono di procedere all’adeguamento dei minimi tabellari al fine di salvaguardare
il potere di acquisto delle retribuzioni dei lavoratori, nelle more dell’espletamento del
tavolo di confronto per la stipula del rinnovo normativo ed economico del CCNL.",,
clean,5846,clean,"32.Le  parti  sentono  la  necessit di costituire un ""centro  di  assistenzacontrattuale"",  a composizione paritetica, per l'esame della  problematicacontrattuale e per proporre soluzioni alle tematiche appresso specificate:1)    esame  e  interpretazione autentica della normativa contrattuale  in  caso  di  dubbio  o  incertezza,  su segnalazione  di  una  delle  parti  stipulanti;2)    esame  e possibile soluzione di ogni eventuale problema che  dovesse  presentarsi   in   ordine  alle  esigenze  rappresentate   dalle   parti  contrattuali;3)     esame   dell'intera   problematica  inerente  alle   collaborazioni  coordinate  e continuative in ragione delle eventuali modifiche  che  si  rendessero necessarie da apportare agli istituti contrattuali, anche  in  relazione all'evoluzione della dinamica del fenomeno e alle normative che  dovessero intervenire;4)    assistenza alle aziende o alle cooperative che ne facciano richiesta  nell'ambito di un efficace rapporto di collaborazione;5)   esame delle questioni connesse alle direttive dell'Unione europea.TITOLO XXIV - Diritti del collaboratore - Diritti sindacali.Art.

33.Il collaboratore ha diritto alle seguenti informazioni essenziali e a ognisuccessivo   aggiornamento,  relative  all'azienda  o   alla   cooperativariguardanti:1)   dimensioni dell'azienda o della cooperativa;2)   organigramma;3)   nominativo di un responsabile cui fare riferimento;4)   nominativi dei rappresentanti sindacali;5)   nominativi dei rappresentanti della sicurezza;6)   circolari e disposizioni di servizio;7)     comunicazione   per   iscritto  ai  collaboratori   della   volont  dell'azienda o della cooperativa di assunzioni di lavoratori subordinati,  aventi le loro medesime qualifiche.Art.","32. Le parti sentono la necessità di costituire un ""centro di assistenza contrattuale"", a composizione paritetica, per l'esame della problematica contrattuale e per proporre soluzioni alle tematiche appresso specificate: 1) esame e interpretazione autentica della normativa contrattuale in caso di dubbio o incertezza, su segnalazione di una delle parti stipulanti; 2) esame e possibile soluzione di ogni eventuale problema che dovesse presentarsi in ordine alle esigenze rappresentate dalle parti contrattuali; 3) esame dell'intera problematica inerente alle collaborazioni coordinate e continuative in ragione delle eventuali modifiche che si rendessero necessarie da apportare agli istituti contrattuali, anche in relazione all'evoluzione della dinamica del fenomeno e alle normative che dovessero intervenire; 4) assistenza alle aziende o alle cooperative che ne facciano richiesta nell'ambito di un efficace rapporto di collaborazione; 5) esame delle questioni connesse alle direttive dell'Unione europea.
TITOLO XXIV - Diritti del collaboratore - Diritti sindacali.
Art. 33. Il collaboratore ha diritto alle seguenti informazioni essenziali e a ogni successivo aggiornamento, relative all'azienda o alla cooperativa riguardanti: 1) dimensioni dell'azienda o della cooperativa; 2) organigramma; 3) nominativo di un responsabile cui fare riferimento; 4) nominativi dei rappresentanti sindacali; 5) nominativi dei rappresentanti della sicurezza; 6) circolari e disposizioni di servizio; 7) comunicazione per iscritto ai collaboratori della volontà dell'azienda o della cooperativa di assunzioni di lavoratori subordinati, aventi le loro medesime qualifiche.
Art.",,
clean,20844,clean,"L’importo annuo lordo dell’assegno ad personam di cui al comma 4 è pari alla
differenza, se positiva, tra:
a) la somma dei trattamenti economici fissi annui lordi in godimento, alla data di
sottoscrizione del presente accordo, riferibili alle sole voci retributive di cui all’allegata
tabella B, riconosciuti in forza dell’applicazione del “CCNL giornalistico”;
b) la somma dei trattamenti economici fissi annui lordi, alla data di sottoscrizione del
presente accordo, attribuiti e riconosciuti in forza dell’applicazione del “CCNL di
riferimento”, riferibili alle sole voci retributive di cui all’allegata tabella C.

6.

L’assegno ad personam di cui al presente articolo è riassorbito, fino a concorrenza,
in caso di incrementi economici conseguenti a future progressioni economiche, a future
progressioni giuridiche, a futuri incrementi contrattuali.

7.

In caso di incrementi economici conseguenti al conferimento di uno degli incarichi
di cui all’allegata tabella D, l’assegno ad personam è inoltre temporaneamente
riassorbito, fino a concorrenza, di un importo pari al 50% della retribuzione di
posizione od altra indennità fissa correlata all’incarico, limitatamente al periodo di
svolgimento dello stesso.

4
8.

Ai sensi dell’art.

2, comma 3 del D.

Lgs.

n.

165/2001, i risparmi di spesa derivanti
dal riassorbimento incrementano:
a) nei casi di cui al comma 6, i fondi risorse decentrate;
b) nel caso di cui al comma 7, le risorse complessivamente destinate alla remunerazione
degli incarichi.

9.

L’assegno ad personam è utile ai fini del trattamento di fine rapporto in misura pari
alla quota dello stesso corrispondente alle voci di trattamento economico del CCNL
giornalistico già utili al medesimo fine.

Art.

4
Norme finali
1.

I lavoratori di cui all’art.

1, possono aderire alla cassa autonoma di assistenza
integrativa dei giornalisti italiani (CASAGIT), laddove in possesso dei requisiti dalla
stessa richiesti.","L’importo annuo lordo dell’assegno ad personam di cui al comma 4 è pari alla
differenza, se positiva, tra:
a) la somma dei trattamenti economici fissi annui lordi in godimento, alla data di
sottoscrizione del presente accordo, riferibili alle sole voci retributive di cui all’allegata
tabella B, riconosciuti in forza dell’applicazione del “CCNL giornalistico”;
b) la somma dei trattamenti economici fissi annui lordi, alla data di sottoscrizione del
presente accordo, attribuiti e riconosciuti in forza dell’applicazione del “CCNL di
riferimento”, riferibili alle sole voci retributive di cui all’allegata tabella C.

6.

L’assegno ad personam di cui al presente articolo è riassorbito, fino a concorrenza,
in caso di incrementi economici conseguenti a future progressioni economiche, a future
progressioni giuridiche, a futuri incrementi contrattuali.

7.

In caso di incrementi economici conseguenti al conferimento di uno degli incarichi
di cui all’allegata tabella D, l’assegno ad personam è inoltre temporaneamente
riassorbito, fino a concorrenza, di un importo pari al 50% della retribuzione di
posizione od altra indennità fissa correlata all’incarico, limitatamente al periodo di
svolgimento dello stesso.

4
8.

Ai sensi dell’art.

2, comma 3 del D.

Lgs.

n.

165/2001, i risparmi di spesa derivanti
dal riassorbimento incrementano:
a) nei casi di cui al comma 6, i fondi risorse decentrate;
b) nel caso di cui al comma 7, le risorse complessivamente destinate alla remunerazione
degli incarichi.

9.

L’assegno ad personam è utile ai fini del trattamento di fine rapporto in misura pari
alla quota dello stesso corrispondente alle voci di trattamento economico del CCNL
giornalistico già utili al medesimo fine.

Art.

4
Norme finali
1.

I lavoratori di cui all’art.

1, possono aderire alla cassa autonoma di assistenza
integrativa dei giornalisti italiani (CASAGIT), laddove in possesso dei requisiti dalla
stessa richiesti.",,
clean,1526,clean,"I  gradi  sono  assegnati in  ragione  della  diversa  importanza delle     funzioni   attribuite   dall'Impresa   nella   concreta  organizzazione     aziendale;  il 3 grado verr assegnato a quei Funzionari cui l'Impresa     affidi,  tenuto   conto  della   propria  struttura   e  delle  proprie     dimensioni, responsabilit di particolare rilevanza.

Sono  comunque Funzionari di 1 grado i gerenti di Agenzia in economia,     i vice gerenti muniti di procura, i procuratori di Agenzia in economia,     nonch coloro che siano preposti in via permanente, quali responsabili,     ad  attivit di coordinamento,  pianificazione e controllo, di pi capi     ufficio come definiti al profilo a) del 6 livello.

Spetta  comunque la qualifica  di Funzionario di  2 grado a coloro che     siano  preposti in via  permanente, quali  responsabili, ad attivit di     coordinamento,  pianificazione e controllo di uno o pi Funzionari e ai     Gerenti  di Agenzia in  economia ove operino  non meno di 15 dipendenti     amministrativi.

Le  disposizioni di  cui ai  due commi  precedenti non  si applicano al     personale incaricato di reggere agenzie in temporanea gestione diretta.

6 LIVELLO     Declaratoria - Appartengono a questo livello:     lavoratori che siano preposti in via permanente, quali responsabili, ad     attivit  di coordinamento, pianificazione  e controllo di un gruppo di     lavoratori,  parte  dei  quali svolgono  mansioni  per  cui   previsto     l'inquadramento  nel 5  e nel  4 livello  o almeno  uno dei quali sia     V.C.U.","I gradi sono assegnati in ragione della diversa importanza delle funzioni attribuite dall'Impresa nella concreta organizzazione aziendale; il 3° grado verrà assegnato a quei Funzionari cui l'Impresa affidi, tenuto conto della propria struttura e delle proprie dimensioni, responsabilità di particolare rilevanza.

Sono comunque Funzionari di 1° grado i gerenti di Agenzia in economia, i vice gerenti muniti di procura, i procuratori di Agenzia in economia, nonché coloro che siano preposti in via permanente, quali responsabili, ad attività di coordinamento, pianificazione e controllo, di più capi ufficio come definiti al profilo a) del 6° livello.

Spetta comunque la qualifica di Funzionario di 2° grado a coloro che siano preposti in via permanente, quali responsabili, ad attività di coordinamento, pianificazione e controllo di uno o più Funzionari e ai Gerenti di Agenzia in economia ove operino non meno di 15 dipendenti amministrativi.

Le disposizioni di cui ai due commi precedenti non si applicano al personale incaricato di reggere agenzie in temporanea gestione diretta.

6° LIVELLO
Declaratoria - Appartengono a questo livello: lavoratori che siano preposti in via permanente, quali responsabili, ad attività di coordinamento, pianificazione e controllo di un gruppo di lavoratori, parte dei quali svolgono mansioni per cui è previsto l'inquadramento nel 5° e nel 4° livello o almeno uno dei quali sia V.C.U.",,
clean,18377,clean,"150, inquadrato nei profili professionali appositamente istituiti dal CCNL
comparto Funzioni centrali del 12 febbraio 2018, dal CCNL comparto Istruzione e
Ricerca del 19 aprile 2018, dal CCNL comparto Funzioni locali del 21 maggio 2018 e
dal CCNL comparto Sanità del 21 maggio 2018.

2.

Il presente accordo si applica, altresì, ai dipendenti di ruolo in servizio presso gli
uffici stampa delle amministrazioni ricomprese nei comparti di contrattazione
collettiva definiti dal CCNQ 13 luglio 2016 ai quali, in data antecedente all'entrata in
vigore dei contratti collettivi nazionali di lavoro relativi al triennio 2016-2018, risulti
applicato il contratto collettivo nazionale di lavoro giornalistico per effetto di contratti
individuali sottoscritti sulla base di quanto previsto dagli specifici ordinamenti
dell’amministrazione di appartenenza.

3.

Ai fini del presente CCNL:
1) per “CCNL di riferimento” si intende il CCNL, di uno dei comparti di contrattazione
collettiva di cui al comma 1, applicato al personale destinatario del presente accordo,
in base al comparto cui appartiene l’amministrazione pubblica presso la quale il
personale è assunto;
2) per “CCNL giornalistico” si intende il vigente contratto collettivo nazionale di
lavoro sottoscritto dalla Federazione nazionale della stampa italiana (Fnsi) e dalla
Federazione nazionale editori giornali (Fieg);
3) la Legge 7 giugno 2000, n.

150 e successive modificazioni ed integrazioni è indicata
come Legge n.

150/2000
Art.

2
Autonomia professionale e norme deontologiche
1.

È diritto insopprimibile dei giornalisti iscritti all’albo la libertà di informazione e di
critica, limitata dall'osservanza delle norme di legge dettate a tutela della personalità
altrui ed è loro obbligo inderogabile il rispetto della verità sostanziale dei fatti, osservati
sempre i doveri imposti dalla lealtà e dalla buona fede.

Devono essere rettificate le
notizie che risultino inesatte, e riparati gli eventuali errori.

3
Art.","150, inquadrato nei profili professionali appositamente istituiti dal CCNL
comparto Funzioni centrali del 12 febbraio 2018, dal CCNL comparto Istruzione e
Ricerca del 19 aprile 2018, dal CCNL comparto Funzioni locali del 21 maggio 2018 e
dal CCNL comparto Sanità del 21 maggio 2018.

2.

Il presente accordo si applica, altresì, ai dipendenti di ruolo in servizio presso gli
uffici stampa delle amministrazioni ricomprese nei comparti di contrattazione
collettiva definiti dal CCNQ 13 luglio 2016 ai quali, in data antecedente all'entrata in
vigore dei contratti collettivi nazionali di lavoro relativi al triennio 2016-2018, risulti
applicato il contratto collettivo nazionale di lavoro giornalistico per effetto di contratti
individuali sottoscritti sulla base di quanto previsto dagli specifici ordinamenti
dell’amministrazione di appartenenza.

3.

Ai fini del presente CCNL:
1) per “CCNL di riferimento” si intende il CCNL, di uno dei comparti di contrattazione
collettiva di cui al comma 1, applicato al personale destinatario del presente accordo,
in base al comparto cui appartiene l’amministrazione pubblica presso la quale il
personale è assunto;
2) per “CCNL giornalistico” si intende il vigente contratto collettivo nazionale di
lavoro sottoscritto dalla Federazione nazionale della stampa italiana (Fnsi) e dalla
Federazione nazionale editori giornali (Fieg);
3) la Legge 7 giugno 2000, n.

150 e successive modificazioni ed integrazioni è indicata
come Legge n.

150/2000
Art.

2
Autonomia professionale e norme deontologiche
1.

È diritto insopprimibile dei giornalisti iscritti all’albo la libertà di informazione e di
critica, limitata dall'osservanza delle norme di legge dettate a tutela della personalità
altrui ed è loro obbligo inderogabile il rispetto della verità sostanziale dei fatti, osservati
sempre i doveri imposti dalla lealtà e dalla buona fede.

Devono essere rettificate le
notizie che risultino inesatte, e riparati gli eventuali errori.

3
Art.",,
clean,20533,clean,"II R.L.S. o R.L.S.T. può richiedere la convocazione di apposita riunione oltre che per casi gravi e
motivate situazioni di rischio, anche qualora ritenga che le misure di prevenzione o protezione
dai rischi adottate dal datore di lavoro non siano idonei a garantire la sicurezza e la salute
durante il lavoro. In tale occasione, le parti qualora siano d'accordo sulla necessità di procedere
a verifiche potranno valutare di affidare ad Istituti od Enti qualificati, scelti di comune accordo,
le indagini che si ritenessero necessarie. Gli oneri derivanti da tali rilevazioni sono ad esclusivo
carico delle aziende.
I permessi retribuiti ad ogni R.L.S. sono di 50 ore annue nelle unità produttive fino a 100
dipendenti e a 70 ore annue nelle unità produttive che occupano più di 100 dipendenti.

Le parti concorderanno progetti formativi per gli R.L.S. e per gli R.L.S.T. quantitativamente più
ampi rispetto a quanto previsto dalla normativa vigente utilizzando lo strumento formativo
messo a disposizione nell'Ente Bilaterale.

Il datore garantisce il pronto adeguamento alle innovazioni legislative e normative riguardanti
la sicurezza sui posti di lavoro, ed informare i lavoratori onde garantire il regolare svolgimento
delle attività e garantirne la continuità senza creare danno ai lavoratori e mettendo a
disposizione la possibilità di corsi di formazione professionali a tal riguardo.

Art. 36 - Indumenti di lavoro.

AI lavoratore che, in determinati momenti o fasi di lavorazione, sia necessariamente esposto
all'azione di sostanze particolarmente imbrattanti, deve essere data la possibilità di usare mezzi
o indumenti protettivi in dotazione presso lo stabilimento mettendolo nelle condizioni idonee
per il ricambio, durante il lavoro e per la custodia del proprio abito. Qualora l'azienda richieda
che taluni lavoratori (ad esempio: fattorini, portieri, sorveglianti, autisti, etc.) indossino abiti
speciali o divise, dovrà provvedere a proprie spese alla loro fornitura.","II R.L.S. o R.L.S.T. può richiedere la convocazione di apposita riunione oltre che per casi gravi e
motivate situazioni di rischio, anche qualora ritenga che le misure di prevenzione o protezione
dai rischi adottate dal datore di lavoro non siano idonei a garantire la sicurezza e la salute
durante il lavoro. In tale occasione, le parti qualora siano d'accordo sulla necessità di procedere
a verifiche potranno valutare di affidare ad Istituti od Enti qualificati, scelti di comune accordo,
le indagini che si ritenessero necessarie. Gli oneri derivanti da tali rilevazioni sono ad esclusivo
carico delle aziende.
I permessi retribuiti ad ogni R.L.S. sono di 50 ore annue nelle unità produttive fino a 100
dipendenti e a 70 ore annue nelle unità produttive che occupano più di 100 dipendenti.

Le parti concorderanno progetti formativi per gli R.L.S. e per gli R.L.S.T. quantitativamente più
ampi rispetto a quanto previsto dalla normativa vigente utilizzando lo strumento formativo
messo a disposizione nell'Ente Bilaterale.

Il datore garantisce il pronto adeguamento alle innovazioni legislative e normative riguardanti
la sicurezza sui posti di lavoro, ed informare i lavoratori onde garantire il regolare svolgimento
delle attività e garantirne la continuità senza creare danno ai lavoratori e mettendo a
disposizione la possibilità di corsi di formazione professionali a tal riguardo.

Art. 36 - Indumenti di lavoro.

AI lavoratore che, in determinati momenti o fasi di lavorazione, sia necessariamente esposto
all'azione di sostanze particolarmente imbrattanti, deve essere data la possibilità di usare mezzi
o indumenti protettivi in dotazione presso lo stabilimento mettendolo nelle condizioni idonee
per il ricambio, durante il lavoro e per la custodia del proprio abito. Qualora l'azienda richieda
che taluni lavoratori (ad esempio: fattorini, portieri, sorveglianti, autisti, etc.) indossino abiti
speciali o divise, dovrà provvedere a proprie spese alla loro fornitura.",,
clean,7166,clean,"Le Parti si richiamano all'accordo quadro europeo UNICE-CEEP-CES del 18 marzo 1999 e alle
disposizioni di legge vigenti in cui si prevede che ì contratti a tempo indeterminato sono e continueranno
ad essere la forma comune dei rapporti di lavoro tra i datori di lavoro e i lavoratori. Le parti inoltre
fitengono chie il coritratto di lavoro a tempo determinatò possa contribuire a migliorate la competitività
delle imprese del settore, tramite una migliore flessibilità nella salvaguardia delle esigenze di tutela è dî pari.
apportunità dei lavoratori interessati.

L'assunzione del lavoratore con contratto a tempo determinato avviene a fronte di ragioni di
carattere tecnico, organizzativo, produttive o sostitutivo.

Ai sensi dell'art. 1, comma Ibis, lettera a, del D. Lgs. 06/09/2001 n. 368, è consentita l'apposizione
di tin termine alla durata del contratto in assenza delle ragioni suddette nell'ipotesi del primo rapporto di
lavoro, di durata non superiore a 12 mesì comprensivi dell'eventuale proroga, per lo svolgimento. di
qualunque tipo di mansione. ti

Inolire, ai sensi dell'art, 1, comma 1bis, lettera b, della legge citata, sarà consentita l'apposizione
del termine al contratto di lavoro, per una durata non superiore a 36 mesi comprensivi déll’eventuale
proroga, nelle seguenti ipotesi:

- Assunzione di soggetti comunque percettori di ammortizzatori sociali, nell’ambito della durata
degli stessi;

- Assunzione dî soggetti percettori dell'indennità di mobilità o dell’ASPI;

- Assunzione di giovani dai 30 ai 34 anni;

= Assunzione di soggetti con più di 50 anni se uomini e di 45 anni se donne; }

- Assunzione di soggetti iscritti nelle liste di-cui alla Legge n. 68/1999;

- Assunzione di soggetti con un’invalidità permanente certificata di almeno il 20%;

- Tutte le tipologie di assunzione specificamente individuate néi contratti collettivi aziendali
stipulati con l’assistenza delle 00.SS. territoriali stipulanti il contratto nazioriale.","Le Parti si richiamano all'accordo quadro europeo UNICE-CEEP-CES del 18 marzo 1999 e alle disposizioni di legge vigenti in cui si prevede che i contratti a tempo indeterminato sono e continueranno ad essere la forma comune dei rapporti di lavoro tra i datori di lavoro e i lavoratori. Le parti inoltre ritengono che il contratto di lavoro a tempo determinato possa contribuire a migliorare la competitività delle imprese del settore, tramite una migliore flessibilità nella salvaguardia delle esigenze di tutela e di pari opportunità dei lavoratori interessati.

L'assunzione del lavoratore con contratto a tempo determinato avviene a fronte di ragioni di carattere tecnico, organizzativo, produttivo o sostitutivo.

Ai sensi dell'art. 1, comma 1bis, lettera a, del D. Lgs. 06/09/2001 n. 368, è consentita l'apposizione di un termine alla durata del contratto in assenza delle ragioni suddette nell'ipotesi del primo rapporto di lavoro, di durata non superiore a 12 mesi comprensivi dell'eventuale proroga, per lo svolgimento di qualunque tipo di mansione.

Inoltre, ai sensi dell'art. 1, comma 1bis, lettera b, della legge citata, sarà consentita l'apposizione del termine al contratto di lavoro, per una durata non superiore a 36 mesi comprensivi dell'eventuale proroga, nelle seguenti ipotesi:

- Assunzione di soggetti comunque percettori di ammortizzatori sociali, nell'ambito della durata degli stessi;

- Assunzione di soggetti percettori dell'indennità di mobilità o dell'ASPI;

- Assunzione di giovani dai 30 ai 34 anni;

- Assunzione di soggetti con più di 50 anni se uomini e di 45 anni se donne;

- Assunzione di soggetti iscritti nelle liste di cui alla Legge n. 68/1999;

- Assunzione di soggetti con un'invalidità permanente certificata di almeno il 20%;

- Tutte le tipologie di assunzione specificamente individuate nei contratti collettivi aziendali stipulati con l'assistenza delle O.O.S.S. territoriali stipulanti il contratto nazionale.",,
clean,17866,noisy,"SerOtmAZZATI:
paga per B are. . >    ++ |[1439,50/1408,00:1396,00|1389, 50|1404, 50|{1339, 00[1425,50|1281,00|1219, 50|1362, 00]
pago per 9 are. . >    + 1|1539,90|1504, 50/1490,50:[1497,00|1503, 50||1434,50/1521,00|1477,50|1442, 50t1450,00]

PITTI [8637, 00/1600, 5011585, 50||1564,00|1602,00|11530,00|1616,50|1574, 00|1595, 50|1554,00|

poga per 10 ore.

Quariricari: i

di età maggiore ai 20

1202,50|1230,60|1240,00|1212,00|1223, 50]
11288, 50|1366,00|1327,50|1295,00|1310, 00]

pag per 8 ore. +. ++ 0 +. +. + >. [|1292,50/1264,50/1253,501256,00/1261,50

paga pier 9 ore, >; + + +++ +. {l1301,50/1351,00/1938,50|(1335,50|1950, 50!
paga per 10 016, +  + + + > + + + f{1471,00|1437,50/1424,00||1423,50/1439,50|1374,5011452,00/1414,50|1378, 50/1396, 50|

I
dei 18 ai 20 anni Hi

paga per Bore, LL  1254, 00|1227,00/1216,00)|1210,50|1224, 00||1167,00|1242,00|1209, 50|1176,00}1187,00
paga per 9 ore, LL (1340, 50/1311, 00/1299,00}|1296, 00|1310,00||1250,50|1925, 50/1288, 00|1256, s0|t271, 00|
pago per 10 ore. . .   +. + + + +. |[2427,00;1394,50/1381,50|/1981,00|1396, 50)|1333, 5011409, 00|1372,001337,0/1355,00|

doi 16 ai 13 anni:

paga per 8 ore.» |. <  <<. +. [{1102,00|1078,00Î1058,00|[1063,50/1015, 50|{1025,00'1091,50/1057,00|1033, 00|1042, 50
paga per 9 ore. «è +  +. ++ |{1177,50|1151,50/1141,00||119,50|1151,50|[1098, 00|1161,50/1131,00}1104,0011116, 50
paga per 10 are. . <.<, +, +. . > |[1259,50{1225,00/1213,50({1213,00|1227,00||1171,50/1238, 00/1205, 00|1175, 00/1190, 00

taferiori ai 16 wnni:
paga per 8 ore, |. <.<. +  | 912,00 892,00] 884,00/ 560,00) 830,00|| 848,00} 903,00) 874,50] 854,50/ 863,00
paga per 9 ore, . LL  0  {[ 974,50] 953,00] 944,50|( 942,00] 952,50| 909,00) 963,50] 936,00] 913,50| 924,00)

Ù

paga per 10 pre. < LL  + + -  [{1037,50:1014,00|1004,50||1004, 0011015,501| 969, 50|1024,00| 997,00) 972,00! 985,00;

Accordo 10-IF-1955 retribuzioni addetti industria molitoria e della pustificazione

AT LAVORI DISCONTINUI, DI SEMPLICE ATTESA O CUSTODIA",[ILLEGIBLE - wage table headers and values too corrupted (mixed OCR character noise) to transcribe with confidence],,
clean,17811,noisy,"24.200 | 19.950 || 30.250 | 28.900 | 28.050 | 26.250 | 22.200 | 20.900 | 16.650
44.900 | 33.550 | 32.200 | 29.600 | 25,500 | 23.600 | 19.500 || 29.550 | 28.250 | 27.400 | 25.700 | 21.700 | 20.450 | 16.30
31,450 | 33,100 | 31.000 | 29.200 | 25.150 | 23.309 | 19.250 || 20.100 | 27,400 | 27.000 | 25.300 | 21.350 | 20.100 | 16.050
33,750 | 32.450 È 31.150 | 29.600 | 24.650 | 22.850 | 18.650 || 28.550 | 27.250 | 26.450 | 24.500 | 20.950 { 19.750 | 15.700
33.050 | 31.750 | 30.500 | 20.000 | 24.100 | 22.350 | 18.450 jl 27.950 | 26.700 | 25.900 } 24.250 | 20.500 | 19.300 | 15.400
34.200 | 32.950 | 31.550 | 29.000 | 24.950 | 23.150 | 19.100 || 25.900 | 27.600 | 26.800 | 25.100 | 21.200 | 20.000 | 15.$00

i

‘31,600 | 30.350 | 29,150 | 26.800] 25.050 | 21.400 | 12.650 || 26.750 | 25.550 | 24.800 | 23,250 | 19.650 | 10.500 | 14.750
31.650 | 30.600 | 29.400 | 27.000 | 23.250 | 21.550 | 19.800 || 26.950 | 25:750 | 25.000 | 23.400 | 19.000 | 16.650 | 14.850
30,800 | 29.550 | 20.400 È 26.100 | 22.450 | 20.800 ! 17.200 || 25.900 | 24.750 | 24.000 | 22.500 | 19.000 | 17.900 } 14,250
30.000 | 28.950 | 27,700 | 25.450 | 21.900 | 20.300 | 16.750 || 25.100 | 29.950 | 23.250 | 21.800 | 18.400 | 17.350 | 13.500

| 21.500 È 26.400 | 24.250 | 20.900 | 19.350 | 15.950 {| 20.950 | 22.800 | 22.100 | 20,700 | 17.500 | 16.500 | 13.150

| 28.600

Accordo 11-VIII:1954 rettibuxioni lavoratori industria risiera

“ Segue: l'apeLLA 1. — IMPIEGATI

20 Car, || 2: Catzcona

ZONE Tocai

anni

Sap. 21
anni

ZONA 0:
Mitano LL. - || 71.000 || 46.000 | 39.550
Torino . L , + ÎÌ 69.450 |) 45.000 | 38.700
Genova (a) +  68,800 || 41,600 | 98.350

ZONA Er î
Como, Firenze, ROMA LL. 6.500 || 400 | 30.200

situazione extra: Varese  . 69,250 {{ 44.850

ZONA HE
Aosta, Bolzano, Cremona, Livorna, Massa Carrara, Nova IRE TIZIROT 66.000 || 42.750 | 36.800
siluazioni estra: Croma. ESUEIFITITONTT See e aeae aaa e ai a+ Î] 70.900 |{ 4s.5s0 | 39.200","[ILLEGIBLE - large numeric wage table; column headers not present in this excerpt and several individual digits are not reliably distinguishable from OCR noise]
24.200 | 19.950 || 30.250 | 28.900 | 28.050 | 26.250 | 22.200 | 20.900 | 16.650
[ILLEGIBLE - remaining rows too noisy to transcribe with confidence]",,
clean,14389,noisy,"SEELZA 1L'608 16°86/ ose 2 9
Se'EIEt 20°818 s2'108 12 £08 29
orosri ovsie 18996 sL'Pe6 ®
02661 oo'61e AL'ZIOL aL'ivoL «E
os'gzgi EGIZI PB vPLL OLUZALL sz
L66881 Gross CIGLONI slibze: 52
1646861 00°001 Gr'oes Gere subze: MUUEZ +0
166103 00°081 G1'0ES overeL sueze: HIVE ZI + ab
ovissre 00°081 101988 006/81 eg0seÌ a9dNns sh
199921 es‘oi 11/609 20282 1z'oa 991 9
(CETORI eroi 10748 12'e28 Sez 98108 #9
9091 esoL 09918 82986 ev'ez 0E'146 d
SOS eeoi 00618 L'HO BASA Sp'9io: «È
aL'9S9% eso couzs OLA 2997 +1°9601 aL
18998"" eroi sw'oes eLozer 0008 sL'eezi d
18/4961 0000. eci 40°089 euezei 00'08 supezi HUUE Z +00
16/4661 00081 eLoI 99/008 sLozei 00'08 sL'oezi IUUIE ZL + oh
EIAA 00081 eroi 10'9€9 88/0ss +L'88 CIICHI tedns aL

TLSONo
ep aseg efied esont

TUSOHO
“IND vIUetune

oe'9ezi 11°609 98'914 20/68 ce'189 Di
960201 20218 96108 s'e +0'49/ È)
couzeri (VASTI DELLE el'ov 850/28 DA
RUSSI 00619 sv'gioi ge +9'Z26 ti
ovezei e9'zs 11'960. Por 00°0801 Ba
L64281 91/089 eL'iezi 0976 euzizii o
LBFEGÌ 007001 97088 sL'razi 00°2s elavzi UE Z +06
L66961 o0°0et avo BL'#6zL 008 erevzi IUUE ZL + ob
IAIGIRA qovel 10/968 bL'LISI series 99/8871 4adns ol

VUEVILO THEVVO

v ebay

80/80/10 1° ASVE VOYd TIIBAN

BLVARIA DIOVINUVA

FARMACIE RURALI SUSSIDIATE

Allegato B

PAGA BASE] cent MUOVA] CONTING
| LIVELLI 2101/8/09 | ‘irtaia ""| Pagabase|CEnza | ED:R | LS.0. | TOTALE
da 1/12/11

1° super 1.400,32 56,14 1456,46 536.07 10,33 130,00
1° + 12 anni 1.192,50 49,92 124242 59045 10,93 13000
14+ 2anni 1.192,50 49,92 124242 59045 10.33 10000
1 1.192,50 49,92 124242 530,45 10,33

» 1.008,01 44.29 1052,30 52163 10,32

3° 932.74 42,05 975.79 519,00 10,33

ta 835,7. 39,09 874,83 51540 10,33

8 793.48 36,02 76950 51207 10.93

8° 854,55 33,63 888,18 509.11 10,38",[ILLEGIBLE - table appears to be from a mirrored/upside-down OCR scan; digits not reliably recoverable],,
clean,17810,noisy,"39.450 37.400 36.400 38,708 44.650 38.700 39.950 32.200 | 28.700 | 26.750
38.600 36.600 35,600 32.950 43.650 87.850 33,200 31,500 | 28.100 | 26.150
38.250 36.250 35.300) 32,658 48.250 37,500 |, 32.900 | «31.200 | 27.850 | 25.900
38.050 36,100) 35,100) 32,500 43.050 37.350) 32,750 31.050 | 27.700 | 25.800
38.500 36.500 35/500 32.850 43.550 37.750 39.100 31.400 | 22.000 | 26.100
36.700 34.800 33.850 31.350 41.500 36.000 31.550 29.950 | 26.700 | 24.850
39/080 37.050 36,050 38.350 44.200 38.300 33.600 31/850 . | 28.450 | 26.450
87.850 35/850 84.900 32.300 42.000 37.100 32.550 30.850 | 27.950 | 25.650
36,930 35/050 34.100 31/550 || 41.800 36,250 31.000 30.150 | 26.900 | 25.050
37.300 35.400 34.400 31,850 42:20 26.600 32.100 30,450 | 27.150 .| 25.300
36.000 34.100 33.200 30.750 40.700 35.300 30.950 29.350 | 26.200 | 24.400
38.500 36.500 35.500 32,900 43.550 37.780 33.100 31/400 | 29.000 | 26.100
33.450 32,550 50.150 39,950 34,650 30.350 28.800 | 25.700 | 23.900

34.250 22,500 91.600 29.250 38.750 33.600 29.450 27.950 | 24.950 | 23.200
33.900 32,150 31.300 20.950 38.350 33,300 29.150 27.650 | 24,700 | 23.000
34.150 31.400 30.550 20.300 37.450 32,500 28,500 27.060 | 24.100 | 22.450
32.450 30.750 29.950 27.700 36,700 31,800 27.900 26.450 | 23.600 | 22.000
25.550 31.850 30.950 28.650 37,950 32.900 28.850 | -27.400 | 24.450 | 22.750
31,250 29,650 28.850 26.700 35,850 31.109 26.900 25.500 | 22,759 | 21.200
31.500 29.850 29,050 26.900 36.100 34,900 27.100 25.700 | 22.950 | 21.550
30.200 28,650 27.900 25.800 34,800 30.150 26.000 24.650 | 22.000 | 20.500
29150 27.650 26,900) 24,900 39.750 29,250 25.100 28.800 | 21.250 | 19.750
27.600 26.150 25,450 23,600 31 950 27.700 23.750 22,500 | 20.100 } 10.700

11

Accordo 11-VIII-1954 retribuzioni lavoratori industria risiera

TADELLA 3, — OPERAI DEL GRUPPO MERCEO)

Orerdio srEGALIZZATO","[ILLEGIBLE - large numeric wage table; column headers not present in this excerpt and individual digits are not reliably distinguishable from OCR noise]
39.450 | 37.400 | 36.400 | 38.708 | 44.650 | 38.700 | 39.950 | 32.200 | 28.700 | 26.750
38.600 | 36.600 | 35.600 | 32.950 | 43.650 | [ILLEGIBLE] | 33.200 | 31.500 | 28.100 | 26.150
[ILLEGIBLE - remaining rows too noisy to transcribe with confidence]",,
clean,18383,noisy,"Piacenza, Ravenna, Reggio Emilia, Verona, Vicenza,
Valore di
1 punto QUALIFICHE Sup. 20 | 1820 | 1628 | me 16
di con- dmn Armi auni Anni
vingenza
PrREx
Piazza a soffio
23,59 Maestro sofMatore di 19 piazza:
dall'1.5-196B8 .   402,50| 382,35] 366,25  —
dall'1-9-1969 . . ICINCIN 417,25] 396,40] 379,70) —
23,59 | Maestro soffiatore di 23 piazza:
dall'1-5-1968 .   344-| 326,80 313,05j} —
dall'I-9-1969 .   357,80) 339,90] 322—| —
23,59 Maestro soffiatore di 38 piazza:
dall'1-5-1968 .   321,15] 311,50) 372,95)
dall'1-9-1969 .   334,70] 324,65) 204,50] —
18,88 Maestro soffiatore di 4% piazza:
dall’1-5-1968 . 209,75) 290,75| 254,80
dall'1-9-1969   312,70) 303,80] 265,80
18,88 Levavotro di 15 Categoria:
dall'1-5-1968 . . 288—| 279,35| 244,80
dall’1-9-1969 .   298,35f 289,40] 253,60!
16,87 Levavetro di 23 Categoria:
dall’1-5-1968   273,85| 265,65) 232,75) 205,40
dall'1-9-1969 .   285,15] 276,60] 242,35) 213,85
PRESSE
Produzione calotte, piatti, coper-
chi, articoli culinari, peso supe»
riore gr. 800, isolatori alta ten-
gione:
18,88 Levavotro e pressato!
dall'1-5-1968   286—| 277,40) 243,10) —
dall'1-9-1969 .   298,35) 289,40] 253,60)  —
254

C.c. n. I, 18-V-1968 aziende industriali che producono articoli di vetro, ecc.

Segue: TabeLLa N. 7 — Zona III: Alessandria, Rellono, Bologna, La Spezia,
Mantova, Modena, Padova, Piacenza, Ravenna, Reggio Emilia, Verona,","Piacenza, Ravenna, Reggio Emilia, Verona, Vicenza,
Valore di 1 punto di contingenza
QUALIFICHE
[ILLEGIBLE - age-range column headers not reliably recoverable]
23,59	Maestro soffiatore di 1a piazza:
dall'1-5-1968	402,50 | 382,35 | 366,25 | —
dall'1-9-1969	417,25 | 396,40 | 379,70 | —
23,59	Maestro soffiatore di 2a piazza:
dall'1-5-1968	344,[ILLEGIBLE] | 326,80 | 313,05 | —
dall'1-9-1969	357,80 | 339,90 | 322,[ILLEGIBLE] | —
23,59	Maestro soffiatore di 3a piazza:
dall'1-5-1968	321,15 | [ILLEGIBLE] | 372,95 | [ILLEGIBLE]
dall'1-9-1969	334,70 | 324,65 | [ILLEGIBLE] | [ILLEGIBLE]",,
clean,12311,noisy,"Sondrio 23,93 | 24,51 | 25,06
Taranto 13,35 | 16,63 | 19,77
Terano 14,08 | 19,76 | 23,24
Tomi LL 2. | 16,22 | 19,4 | 22,58
Torino Li 37,21 | 37,21 | 87,21
Trapani 22/22/22 1,70 6,06 10,24
Trento Li 1  | 22,58 | 29,54 | 24,46
Treviso Li 15,45 | 17,32 | 19,11
Trieste. ii 20,58 | 21,53 | 22,44
Udino . 17,94 | 19,64 | 21,27
Varoso . 36,62 | 37,03 | 37,42
Venezia 21,98 | 22,94 | 23,85
Verbania Li i 24,76 | 25,33 | 25,87
Vereelli LL. 25,06 | 26,02 | 26,94
Verona Lili 2  | 18,75 | 20,26 | 21,71
Vicenza Lil 16,24 | 17,75 | 19,20
Viterbo LL 10,90 | 14,61 | 19,17

Nota. — Con decorrenza non anteriore al 19 gennaio 1971 le misure percentuali dell'indennità territoriate
di settore potranno subire inerementi nelle singole circoscrizioni territoriali per effetto della contrattazione iute-

grativa di cis all'articolo 17 del presente contratto.

75

C.c. n. i, 3-X11-1969 operai dipendenti dalle imprese edili ed affini

ALLEGATO €

ANZIANITA’ DI MESTIERE
Regolamento di attuazione dell'art. 38 del contratto (*)

$ 1. — L'anzianità di mestiere si computa a partire dal
1° gennaio 1967 ed è ragguagliata ad anno.

L’operaio matura un anno di anzianità di mestiere quando
nel corso di un anno solare abbia complessivamente prestato nel
settore, in qualsiasi località, almeno 1.500 ore di lavoro ordi-
nario, anche presso diversi datori di lavoro.

Se, nel corso dell'anno solare, l'operaio:

4) non ha raggiunto le 1.500 ore, ma ne ha prestate al
meno 800: tali ore. non sono computabili per la maturazione
dell'anzianità di mestiere, ma sono contabilizzate agli effetti
della commisurazione dei benefici previsti dai successivi 88 5 e 6,
salvo il verificarsi dell'ipotesi di cui alla lettera c) del $ 2;

b) non ha raggiunto le 800 ore, ma ne ha prestate almeno
500: tali ore non sono computabili ad alcun effetto, ma non
opera la decadenza di cui al $ 2, lettera 5), salvo il verificarsi
della ipotesi di cui alla lettera c) del paragrafo medesimo;","Sondrio	23,93 | 24,51 | 25,06
Taranto	13,35 | 16,63 | 19,77
Teramo	14,08 | 19,76 | 23,24
Tomi	16,22 | 19,4 | 22,58
Torino	37,21 | 37,21 | 37,21
Trapani	1,70 | 6,06 | 10,24
Trento	22,58 | 29,54 | 24,46
Treviso	15,45 | 17,32 | 19,11
Trieste	20,58 | 21,53 | 22,44
Udine	17,94 | 19,64 | 21,27
Varoso	36,62 | 37,03 | 37,42
Venezia	21,98 | 22,94 | 23,85
Verbania	24,76 | 25,33 | 25,87
Vercelli	25,06 | 26,02 | 26,94
Verona	18,75 | 20,26 | 21,71
Vicenza	16,24 | 17,75 | 19,20
Viterbo	10,90 | 14,61 | 19,17

Nota. — Con decorrenza non anteriore al[ILLEGIBLE]",,
clean,17867,noisy,"Gli aumenti periodici maturati anteriormente al 1° giugno
1952 sono — con decorrenza dal momento di entrata in vigore
del presente contratto — consolidati nelle seguenti somme, com-
prese le quote forfettarie di rivalutazione previste dagli accordi
interconfederali 14 giugno 1952 (art. 3) e 12 giugno 1954 (art. 8).

AUMENTI PERIODICI DI ANZIANITÀ CONSOLIDATI AL 5%

Ex I zona Ex II zona Ex INI zona | Ex IV zona

CATEGORIA
uomini | donne uomini | donne |uomini | donne [uomini | donne
1° categoria   4.160] 4.160| 4.040) 4.040| 3.940] 3.940] 3.870) 3.870
29 categoria   2.880] 2.445] 2.795] 2,380] 2.730] 2.330] 2.685| 2.290
3% categoria 4   1.895] 1.620| 1.840] 1.575] 1.800] 1.545} 1.760| 1.515
3% categoria B  1,450] 1.250] 1.410] 1,225} 1.380] 1.195] 1.360| 1.170

Art. 9. — Indennità maneggio danaro - Cauzione.

L'impiegato, la cui normale mansione consiste nel maneggio
di danaro per pagamenti e riscossioni, con responsabilità, per

58

C.c.n.l 27-VII-1972 per gli addetti alle industrie detta birra e del malto

errori, anche finanziaria, ha diritto ad una particolare indennità
mensile pari al 7 per cento del minimo di stipendio della catego-
ria di appartenenza e della indennità di contingenza.

Le somme eventualmente richieste all’impiegato a titolo di
cauzione dovranno essere depositate e vincolate a nome del ga-
rante e del garantito presso un Istituto di credito.

I relativi interessi matureranno a favore dell'impiegato.

Art. 10, — Tredicesima mensilità,

L'azienda corrisponderà una tredicesima mensilità pari alla
retribuzione mensile di fatto percepita dall'impiegato. La corre-
sponsione di tale mensilità avverrà normalmente alla vigilia di
Natale.

Nel caso di inizio o di cessazione del rapporto durante il
corso dell’anno, l'impiegato non in prova avrà diritto a tanti
dodicesimi dell'ammontare della tredicesima mensilità per quanti
sono i mesi interi di servizio prestato.","Gli aumenti periodici maturati anteriormente al 1° giugno
1952 sono — con decorrenza dal momento di entrata in vigore
del presente contratto — consolidati nelle seguenti somme, comprese le quote forfettarie di rivalutazione previste dagli accordi
interconfederali 14 giugno 1952 (art. 3) e 12 giugno 1954 (art. 8).

AUMENTI PERIODICI DI ANZIANITÀ CONSOLIDATI AL 5%

	Ex I zona	Ex II zona	Ex III zona	Ex IV zona
CATEGORIA	uomini	donne	uomini	donne	uomini	donne	uomini	donne
1° categoria	4.160	4.160	4.040	4.040	3.940	3.940	3.870	3.870
2° categoria	2.880	2.445	2.795	2.380	[ILLEGIBLE]",,
clean,20860,noisy,"- convengono che, a decorrere dal 1° ottobre 2025, vengano adeguati i minimi tabellari
in essere e concordano di applicare le tabelle salariali di seguito riportate, che
sostituiscono ogni altra tabella salariale precedentemente in vigore nel testo del CCNL
e ne fanno parte integrante, variando conseguentemente i relativi testi originari.

*  
1.

Modifica Tabelle salariali
La tabella retributiva A viene così modificata e sostituita:
Minimi
Inquadramento
retributivi
retributivo
dal 01/10/2025
1 € 1.544,00
2 € 1.905,00
3 € 2.005,00
4 € 2.135,00
5 € 2.330,00
6 € 2.569,00
7 € 2.838,00
8 € 3.149,00
Quadro € 3.537,00
La tabella retributiva B viene così modificata e sostituita:
Inquadramen Minimi
to retributivi
retributivo dal 01/10/2025
1J € 1.237,00
1 € 1.366,00
2 € 1.714,00
3 € 1.912,00
4 € 2.071,00
5 € 2.232,00
6 € 2.451,00
7 € 2.700,00
Le suindicate modifiche, integrazioni e contenuti del presente accordo avranno effetto ed efficacia a
far data dal 01/10/2025.

Letto, approvato e sottoscritto.

CONFLAVORO PMI CONF.S.A.L FESICA
_____________________ ___________________ _____________","- convengono che, a decorrere dal 1° ottobre 2025, vengano adeguati i minimi tabellari
in essere e concordano di applicare le tabelle salariali di seguito riportate, che
sostituiscono ogni altra tabella salariale precedentemente in vigore nel testo del CCNL
e ne fanno parte integrante, variando conseguentemente i relativi testi originari.

1. Modifica Tabella retributiva A
La tabella retributiva A viene così modificata e sostituita:
Inquadramento retributivo	Minimi retributivi dal 01/10/2025
Quadri	€ 2.838,00
Primo Livello	€ 2.771,00
Secondo livello	€ 2.482,00
Super Secondo livello	€ 2.31[ILLEGIBLE]",,
clean,19413,noisy,"CONFEDERAZIOI'{E NAZIONALE DEL LA VOBO
, 
CONTRtl'""YfO ('()TiT,E'lffVO NAZIONALE DI LAVORO
1
PER I DIP El\""'DEN'lI DETiT,A. PICCOLA E JIBDIA TK­
DlTS'11RI1\. DEI SETrORI CHDJJC.A CONCIA E SET­
:1
'J:ORI A(;CORPA TI, PLASTICA. E (¾0.1Du\, A.BR -1sm,
1
CERA:\JJCt\ E VE'l1RO
-
-=-
·�
<O
-o
\
o
I
Testo Ufficiale
Roma, 5 Luglio 2019
© PROPRIETA' RISERVATA
L,� n1'f!u11izx;1zin11i  : t i/JU/uuti it1tr•11doun .�al, ag,mnfol'"" /;, pit·wr ,. rn1u_ ple1,1 /Jr<>p.ricuì tir•/ l(•�to
r-0111J·;-1t11wlt• ,. 1w. iHibi.-wouo lu 1·i111·odtt¼iont· Lotult• o />111·xh1lf• ml,-.,,,;_ Ol'gn11ix%:1�it>Hi. imJ,.rr.�t\
•· 111·in.1Li. rfr•<-1T.:tUtl(,.-:j ngui axio11(• 11 �,,1'·:,grwrdo d,�; loro diri1 ti","CONFEDERAZIONE NAZIONALE DEL LAVORO

CONTRATTO COLLETTIVO NAZIONALE DI LAVORO

PER I DIPENDENTI DELLA PICCOLA E MEDIA INDUSTRIA DEI SETTORI CHIMICA CONCIA E SETTORI ACCORPATI, PLASTICA E GOMMA, ABRASIVI, CERAMICA E VETRO

Testo Ufficiale
Roma, 5 Luglio 2019
© PROPRIETA' RISERVATA
[ILLEGIBLE - decorative small-print copyright/reproduction notice, wording not reliably recoverable]",,
clean,8589,noisy,"Tecnico - Specialista - Professional

‘| [Anelizzare, risolvere è monitorare i |Analzzare, nisoivere e monitorare 1 [Riorganizzare Te soree si mezzi T:
[Problemi insorgenti nel rispetto delle [problemi insorgenti nel rispetto celle |al'insorgere di imprevisti consultandosi, lan
[procedure e prassi definite [procedure e prassi definite [se necessario, con il diretto responsabile |s;

li

delle |secondo prassi e procedure in [raggiungimento cegi obiettivi lobiettivi assegnati a livello

ze di infivenzare
€ [informazioni in modo appropriato — |dati ec informazioni per il (informazioni per il raggiungimento degli cid pera cggiungimento cegt
bit

Jessere sulla base delle necessità _ assegnati [multicimensionali

Applicare Te conoscenze acquisite in Trasfenre è condividere Te [Trasfarira e condividere le conoscenze _ [Fungere ed agire da punto di nermenio
[spesifche pratiche operative In [conoscenze acquisie n specifiche. |acquiite in spacifiche pratiche oparalive te ‘'ecnico-specialistico nel disciplina
propositivo e continuativo. |pratiche operative nell'area di [anche a livello multidimensionale [appartenenza ed in grado di trasferire know.
[competenza |” in modo appropriato
[Lavorare con gii ali in modo [Lavorare con gli alii in modo [Lavorare con gi ali im pr respon,
(responsabile, propositivo e l'esponsabile, propositivo e partecipativo. [proposiiva e partecipativo nell'area di
[partecipativo nell'area di net'area i appartonenza e a lello. [appartenenza a ivell muligimensicnato lo per
‘appartenenza [multidimensionale ll raggiugimento degli obiettivi assegnati
\vere attenzione ai così nol [Avere attenzione al cost nella [armate det assegno a pae dl [avere responsabiià sconomiEhe di impeto

‘applicazione del budget in base alle |applicazione del budget! osso dala mpetenza e contribuire alla[per l'impresa e che comportano l'assunzione di
(direttive assegnate [definizioni bag er anno successivo _ [decisioni integrate con più aree funzionali

Sd & i Week Srwa",[ILLEGIBLE - multi-column skills matrix table; OCR merged the columns out of order and the text cannot be reliably reconstructed into its original column structure],,
clean,17832,noisy,"39.450 37.400 36.400 38,708 44.650 38.700 39.950 32.200 | 28.700 | 26.750
38.600 36.600 35,600 32.950 43.650 87.850 33,200 31,500 | 28.100 | 26.150
38.250 36.250 35.300) 32,658 48.250 37,500 |, 32.900 | «31.200 | 27.850 | 25.900
38.050 36,100) 35,100) 32,500 43.050 37.350) 32,750 31.050 | 27.700 | 25.800
38.500 36.500 35/500 32.850 43.550 37.750 39.100 31.400 | 22.000 | 26.100
36.700 34.800 33.850 31.350 41.500 36.000 31.550 29.950 | 26.700 | 24.850
39/080 37.050 36,050 38.350 44.200 38.300 33.600 31/850 . | 28.450 | 26.450
87.850 35/850 84.900 32.300 42.000 37.100 32.550 30.850 | 27.950 | 25.650
36,930 35/050 34.100 31/550 || 41.800 36,250 31.000 30.150 | 26.900 | 25.050
37.300 35.400 34.400 31,850 42:20 26.600 32.100 30,450 | 27.150 .| 25.300
36.000 34.100 33.200 30.750 40.700 35.300 30.950 29.350 | 26.200 | 24.400
38.500 36.500 35.500 32,900 43.550 37.780 33.100 31/400 | 29.000 | 26.100
33.450 32,550 50.150 39,950 34,650 30.350 28.800 | 25.700 | 23.900

34.250 22,500 91.600 29.250 38.750 33.600 29.450 27.950 | 24.950 | 23.200
33.900 32,150 31.300 20.950 38.350 33,300 29.150 27.650 | 24,700 | 23.000
34.150 31.400 30.550 20.300 37.450 32,500 28,500 27.060 | 24.100 | 22.450
32.450 30.750 29.950 27.700 36,700 31,800 27.900 26.450 | 23.600 | 22.000
25.550 31.850 30.950 28.650 37,950 32.900 28.850 | -27.400 | 24.450 | 22.750
31,250 29,650 28.850 26.700 35,850 31.109 26.900 25.500 | 22,759 | 21.200
31.500 29.850 29,050 26.900 36.100 34,900 27.100 25.700 | 22.950 | 21.550
30.200 28,650 27.900 25.800 34,800 30.150 26.000 24.650 | 22.000 | 20.500
29150 27.650 26,900) 24,900 39.750 29,250 25.100 28.800 | 21.250 | 19.750
27.600 26.150 25,450 23,600 31 950 27.700 23.750 22,500 | 20.100 } 10.700

11

Accordo 11-VIII-1954 retribuzioni lavoratori industria risiera

TADELLA 3, — OPERAI DEL GRUPPO MERCEO)

Orerdio srEGALIZZATO","[ILLEGIBLE - large numeric wage table; column headers not present in this excerpt and individual digits are not reliably distinguishable from OCR noise]
39.450 | 37.400 | 36.400 | 38.708 | 44.650 | 38.700 | 39.950 | 32.200 | 28.700 | 26.750
38.600 | 36.600 | 35.600 | 32.950 | 43.650 | [ILLEGIBLE] | 33.200 | 31.500 | 28.100 | 26.150
[ILLEGIBLE - remaining rows too noisy to transcribe with confidence]",,
clean,17817,noisy,"- - -- = =
13 Car. |} 2° carzoona
ZONE
Sup. 21 | Sup.21| mf. 21
anni || anni | enni
ZONA 0:
Milmo. LL RP 2002 a+ || 71.000 || 53.500 | 46.400
Torino Li. Li +. ++ || 69.450 || 52.300 | 45.400
Genova fa) Le < || 68.900 || 51.850 | 45.000
ZONA I:
Como, Firenze, Roma, PIPPI ce 68,500 || 51.600
situazione extra: Varese . 69,250 || 52.200
ZONA IL:
Aosta, Bolzano, Cremona, Livorno, Massa Carrara, Novara, Pavi Lee 66.000 || 49,750 | 43.150
eiluasioni extra: Cromo   - vue ++: +. {| 70.300 (| 52.950 | 45.950
Sondrio    «020 +++ || 69.050 || 51.300 | 44.500
rente n ii ++ .+ | 66.500 [| 50.100 | 43.500
Verbania i LL vee +1 + |[ 67.150 |! 50.600 | 43.900
ZONA ILL:
Bergamo, Brescia, Gor 2a ee + [| 64.750 || 40.600 | a2.a50
situazione extra: Biella  nei eee eee iaia a+ + || 69.250 |[ 52.200 | 45.300
ZONA I
La Spezie, Mantova, l'adova, Ravenna, Verona, PIETRA «000 ++ + || 69.950 | 46.050 | 41.650
ZONA V:
Alessondria, Neltuno, Dologas, Modena, Napoli, l'arma, Piacenza, Neggio Emi e» ]] 63.200 || 47.200 | d0.9s0
ZONA VI: i
Forlì, Grosseto, Lucca, Pistoia, Udine    i. Lerreriaiii 61.950 [| 46.450 | 40.300
ZONA VII:
Ancona, Astî, Cuneo, Eezrara, Palermo, Rovigo, Siena, Tre «0a 00 ea +0 + Jl 61,550 || 45.900 | 39.050
ZONA VITE
Azezzo, Meri, Perugia, Pesegra, Salerno, Taranto, Terni . . , . .°. ces ea e» || 60.250 || 45.950 | 29.000
situarfona extra: Valdarno LL LL. ce 2200 +++ || 62.950 || 46.500 | 40.350
ZONA IX:
Cagliari, Catania, Prosinone, Lecce, Messina, Pesaro, Rieti, Viterbo. . . . . . 59.100 || 43.300 | 97,550
siluazione estro; Ascoli Piceno». 0.0.0. » || 50.550 || 43.650 | 37.850
ZONA X:
Avellino, Benevento, Campobasso, Cascru
Nuoro, Sassari, Teramo LL  RA ei + [| 57.550 || 42.450 | 36.800
ZONA XI:
Agrigento, Latina, Matera, Potenza, Regusa, Siracusa, Trapani . . <a 0 +20 + || 56.150 {| 41.950 | 35.000
ZONA XII:
Caltonissetta, Enna, Reggio Calobria LL  Li. +++ || 53.550 || 39.550 | 84.350

Accordo 11-VIII-1954 retribuzioni lavoratori industria risiera","ZONE
[ILLEGIBLE - category/age-range column headers not reliably recoverable]
ZONA 0:
Milano	71.000 | 53.500 | 46.400
Torino	69.450 | 52.300 | 45.400
Genova	68.900 | 51.850 | 45.000
ZONA I:
Como, Firenze, Roma	68.500 | 51.600 | [ILLEGIBLE]
situazione extra: Varese	69.250 | 52.200 | [ILLEGIBLE]
ZONA II:
Aosta, Bolzano, Cremona, Livorno, Massa Carrara, Novara, Pavia	66.000 | 49.750 | 43.150
situazioni extra: Cuneo	70.300 | 52.950 | 45.950
Sondrio	69.050 | 51.300 | 44.500
[ILLEGIBLE - remainder of table cut off]",,
clean,17869,noisy,"SerOtmAZZATI:
paga per B are. . >    ++ |[1439,50/1408,00:1396,00|1389, 50|1404, 50|{1339, 00[1425,50|1281,00|1219, 50|1362, 00]
pago per 9 are. . >    + 1|1539,90|1504, 50/1490,50:[1497,00|1503, 50||1434,50/1521,00|1477,50|1442, 50t1450,00]

PITTI [8637, 00/1600, 5011585, 50||1564,00|1602,00|11530,00|1616,50|1574, 00|1595, 50|1554,00|

poga per 10 ore.

Quariricari: i

di età maggiore ai 20

1202,50|1230,60|1240,00|1212,00|1223, 50]
11288, 50|1366,00|1327,50|1295,00|1310, 00]

pag per 8 ore. +. ++ 0 +. +. + >. [|1292,50/1264,50/1253,501256,00/1261,50

paga pier 9 ore, >; + + +++ +. {l1301,50/1351,00/1938,50|(1335,50|1950, 50!
paga per 10 016, +  + + + > + + + f{1471,00|1437,50/1424,00||1423,50/1439,50|1374,5011452,00/1414,50|1378, 50/1396, 50|

I
dei 18 ai 20 anni Hi

paga per Bore, LL  1254, 00|1227,00/1216,00)|1210,50|1224, 00||1167,00|1242,00|1209, 50|1176,00}1187,00
paga per 9 ore, LL (1340, 50/1311, 00/1299,00}|1296, 00|1310,00||1250,50|1925, 50/1288, 00|1256, s0|t271, 00|
pago per 10 ore. . .   +. + + + +. |[2427,00;1394,50/1381,50|/1981,00|1396, 50)|1333, 5011409, 00|1372,001337,0/1355,00|

doi 16 ai 13 anni:

paga per 8 ore.» |. <  <<. +. [{1102,00|1078,00Î1058,00|[1063,50/1015, 50|{1025,00'1091,50/1057,00|1033, 00|1042, 50
paga per 9 ore. «è +  +. ++ |{1177,50|1151,50/1141,00||119,50|1151,50|[1098, 00|1161,50/1131,00}1104,0011116, 50
paga per 10 are. . <.<, +, +. . > |[1259,50{1225,00/1213,50({1213,00|1227,00||1171,50/1238, 00/1205, 00|1175, 00/1190, 00

taferiori ai 16 wnni:
paga per 8 ore, |. <.<. +  | 912,00 892,00] 884,00/ 560,00) 830,00|| 848,00} 903,00) 874,50] 854,50/ 863,00
paga per 9 ore, . LL  0  {[ 974,50] 953,00] 944,50|( 942,00] 952,50| 909,00) 963,50] 936,00] 913,50| 924,00)

Ù

paga per 10 pre. < LL  + + -  [{1037,50:1014,00|1004,50||1004, 0011015,501| 969, 50|1024,00| 997,00) 972,00! 985,00;

Accordo 10-IF-1955 retribuzioni addetti industria molitoria e della pustificazione

AT LAVORI DISCONTINUI, DI SEMPLICE ATTESA O CUSTODIA",[ILLEGIBLE - wage table headers and values too corrupted (mixed OCR character noise) to transcribe with confidence],,
clean,3796,noisy,"SEELZA 1L'608 16°86/ ose 2 9
Se'EIEt 20°818 s2'108 12 £08 29
orosri ovsie 18996 sL'Pe6 ®
02661 oo'61e AL'ZIOL aL'ivoL «E
os'gzgi EGIZI PB vPLL OLUZALL sz
L66881 Gross CIGLONI slibze: 52
1646861 00°001 Gr'oes Gere subze: MUUEZ +0
166103 00°081 G1'0ES overeL sueze: HIVE ZI + ab
ovissre 00°081 101988 006/81 eg0seÌ a9dNns sh
199921 es‘oi 11/609 20282 1z'oa 991 9
(CETORI eroi 10748 12'e28 Sez 98108 #9
9091 esoL 09918 82986 ev'ez 0E'146 d
SOS eeoi 00618 L'HO BASA Sp'9io: «È
aL'9S9% eso couzs OLA 2997 +1°9601 aL
18998"" eroi sw'oes eLozer 0008 sL'eezi d
18/4961 0000. eci 40°089 euezei 00'08 supezi HUUE Z +00
16/4661 00081 eLoI 99/008 sLozei 00'08 sL'oezi IUUIE ZL + oh
EIAA 00081 eroi 10'9€9 88/0ss +L'88 CIICHI tedns aL

TLSONo
ep aseg efied esont

TUSOHO
“IND vIUetune

oe'9ezi 11°609 98'914 20/68 ce'189 Di
960201 20218 96108 s'e +0'49/ È)
couzeri (VASTI DELLE el'ov 850/28 DA
RUSSI 00619 sv'gioi ge +9'Z26 ti
ovezei e9'zs 11'960. Por 00°0801 Ba
L64281 91/089 eL'iezi 0976 euzizii o
LBFEGÌ 007001 97088 sL'razi 00°2s elavzi UE Z +06
L66961 o0°0et avo BL'#6zL 008 erevzi IUUE ZL + ob
IAIGIRA qovel 10/968 bL'LISI series 99/8871 4adns ol

VUEVILO THEVVO

v ebay

80/80/10 1° ASVE VOYd TIIBAN

BLVARIA DIOVINUVA

FARMACIE RURALI SUSSIDIATE

Allegato B

PAGA BASE] cent MUOVA] CONTING
| LIVELLI 2101/8/09 | ‘irtaia ""| Pagabase|CEnza | ED:R | LS.0. | TOTALE
da 1/12/11

1° super 1.400,32 56,14 1456,46 536.07 10,33 130,00
1° + 12 anni 1.192,50 49,92 124242 59045 10,93 13000
14+ 2anni 1.192,50 49,92 124242 59045 10.33 10000
1 1.192,50 49,92 124242 530,45 10,33

» 1.008,01 44.29 1052,30 52163 10,32

3° 932.74 42,05 975.79 519,00 10,33

ta 835,7. 39,09 874,83 51540 10,33

8 793.48 36,02 76950 51207 10.93

8° 854,55 33,63 888,18 509.11 10,38",[ILLEGIBLE - table appears to be from a mirrored/upside-down OCR scan; digits not reliably recoverable],,
clean,20984,noisy,"4 – Rappresentanze Sindacali Aziendali (RSA)
1.

Nelle aziende che applicano il presente CCNL, Confintesa può costituire RSA ai sensi
dell’art.

19 della L.

300/1970.

2.

La costituzione è formalizzata con verbale sottoscritto dai lavoratori iscritti, comunicato
all’azienda e a Confintesa con i nominativi dei componenti e del dirigente RSA.

3.

Alla RSA spettano le agibilità e i diritti previsti dagli artt.

20–27 L.

300/1970 (assemblea,
bacheca, locali idonei, trattenuta contributi, permessi retribuiti per i dirigenti RSA).

4.

È allegato Accordo aziendale-tipo per l’attuazione pratica in azienda.

5.

Nelle unità con RSU costituita in base ad accordi interconfederali applicabili, la
rappresentanza è esercitata dalla RSU e non si costituiscono RSA, salvo diverso accordo
tra tutte le OO.SS.

presenti.

Art.

5 – Deposito e pubblicità
Il presente Accordo è depositato presso il CNEL per l’aggiornamento del codice contratto
e pubblicato sui siti delle Parti.

Art.

6 – Salvaguardie
Restano ferme le tutele di legge e le migliori condizioni previste dal CCNL e da eventuali
accordi aziendali.

Art.

7 – Entrata in vigore
Il presente Accordo entra in vigore alla sottoscrizione, salvo le diverse decorrenze indicate
agli articoli precedenti.

Per CONFINTESA
Il Segretario Generale Francesco Prudenzano
____________________________________________
Per CONAPI
Il Presidente Basilio Minichello
____________________________________________
Allegato 1 – Accordo aziendale-tipo per RSA
Tra:
• L’Azienda: [Ragione sociale] – [Sede] – [CF/P.IVA]
• La RSA di Confintesa dell’unità produttiva di [sede]
• Confintesa– Struttura territoriale/regionale [ ]
1.

Riconoscimento
L’Azienda riconosce la RSA di Confintesa ai sensi dell’art.

19 L.

300/1970.

2.

Nominativi
La RSA è composta da n.

[ ] componenti.

Dirigente RSA: [Nome Cognome].

Eventuali
variazioni saranno comunicate per iscritto.

3.","4 – Rappresentanze Sindacali Aziendali (RSA)
1. Nelle aziende che applicano il presente CCNL, Confintesa può costituire RSA ai sensi
dell'art. 19 della L. 300/1970.
2. La costituzione è formalizzata con verbale sottoscritto dai lavoratori iscritti, comunicato
all'azienda e a Confintesa con i nominativi dei componenti e del dirigente RSA.
3. Alla RSA spettano le agibilità e i diritti previsti dagli artt. 20–27 L. 300/1970 (assemblea,
bacheca, locali idonei, trattenuta contributi, permessi retribuiti per i dirigenti RSA).
4. È allegato Accordo aziendale-tipo per l'attuazione pratica in azienda.
5. Nelle unità con RSU costituita in base ad accordi interconfederali applicabili, la
r[ILLEGIBLE]",,
clean,17849,severe,"i 7 n i n
I Hi B Fei I
ài S|,
QUALIFICHE ° o 4 ti AI sail. g 8 E
i | è f | 5 |gi: ga 3508
[coni E d| È a È
éjé il di ai SiR
Bsf
$ SES
è i4°|
. ‘
i _ È -
Uomini con ALTRE MANSIONI: i
di età superiore ai 20 enni |
paga per 8 ore  + ++ ++: 7. [[1148,00[1123, 00|1118,00/|1109,00/1120,00||1068, 00j1136,50:1101,00/1076,00|1086,00|
paga per 9 ore >. +. +. + > . «+ l[1227,00|1299, 50|1288,50|[1166,00|1199,50||2143,011216,50/1110, 50/1149, 50|1163,00
paga per 10 ore    «+ +1 + + |l1506,0|1226, 50|t261,00|[1261, 50|1279,00]l1218, 00/1296, 5011256, 00|1223, 0041210, 001
dai 18 ci 20 anni
Paga per 8 ore +. + ++ ++ 1 +. +. [l1072,00/1018,50|1039,50//1034,0|10:6,00|| 997,00/1061,s0|1028,00|1004, 50/1014, 00]
pega per Vore i  1 ++ ||146,50/1123,00 1112, 50;(1110, 50/1722, 0|[1059, 50|1134, 50/1103, 00/1076,09|1008, 50
paga per 10 or + + + +. ++. i+. [{1225,50/1197,00/1165,50||1186,00/1199,50|{1242, 50/1216, 00{1177,50/1147, 50|1163,00|

doi 16 ni 18 anni:

paga per Bore LL  848,00] 829,50] 322,00]| 828,00) 427, 00|| 788,50| 239,50) 81,00] 794,50| 802,00)
paga per 9 ore  «+ +++ + || 905.50] 885,00] 876,50|| 875,00] 845,00]! 343,00| 897,50| 969,00] 848,00) 058,00]
paga per 10 ore. >.<  . . . |[ 963,50/.941,00| 931,50|{ 932,00] 942,50|| 897,50| 955,s0{ 925,001 902,00} 914,00]

inferiori ai 16 enni:

paga per Bore»  +  || 590,00 572,50] 572,50l! 570,00) 576,00|| 549,50] sua,so| 566,00) 553,50| 558,50
prgn per 9 ere + + ++  +. [[ 629,50) 615,50) 610,00] 608,50) 615,50) 586,50| 624,001 601,50! 550,00! 596 50
paga per 10 ore .   1 12 * > |}669.00| 653,50) 647,50/1 647,00] 655,00|| 622,50] 663,50| 642,50| 626,50| 634,50]

DoxnE 1NFEMMIEnE PATENTATI

|

pega per Bore. i  >  |[1020,50 998,00 989,50/| 085,00) 596,00| 945,00/1010,s0| 978,50) 956,00] 965,50
paga per 9 ore  +» ++ + {f1987,00(1062,50|1052,50||1050, 00/1062, 50||1012,00j1073, 50/1042, 50|1018, 00/1029, 00]
pesa per 10 ore +. +++. + |[1154,00/1126,50/211,00/(1114,501129,00||1075,00/1136,50/1106, 00/1079, 0/1098, 0","QUALIFICHE
[ILLEGIBLE - table column headers not reliably recoverable]
Uomini con ALTRE MANSIONI:
di età superiore ai 20 anni
paga per 8 ore: [ILLEGIBLE]
paga per 9 ore: [ILLEGIBLE]
paga per 10 ore: [ILLEGIBLE]
dai 18 ai 20 anni
paga per 8 ore: [ILLEGIBLE]
paga per 9 ore: [ILLEGIBLE]",,
clean,7718,severe,"Il trattamento economicoper assenze per malattia od infortunio sono quelli previsti dalla specifichenorme di legge, nessuna integrazione  prevista dal datore di lavoro.La formazione teorica e tecnico pratica deve avere una durata  minima  di 40ore per i livelli III e IV di 50 ore per i restanti livelli.L'iter formativo dovr svilupparsi secondo lo schema allegato ed il progettosar  accompagnato  da  dichiarazione  d'impegno, al  rispetto  del presentecontratto e delle norme di  legge in  materia del lavoro  e  della sicurezzasociale.All'atto della richiesta del nullaosta l'azienda dovr allegare un attestatodal quale risulti l'iscrizione dell'azienda stessa alla UCICT.Articolo 4Resta salva in alternativa per le aziende che intendono assumere giovani concontratti di formazione e lavoro,  la possibilit di rivolgersi direttamentealla Commissione Regionale per l'impiego, avvalendosi delle procedure di cuialla legge 863/84.Le parti s'impegnano ad incontrarsi ogni qualvolta la disciplina legislativadel contratto di formazione e lavoro subisca modifiche.Timbro dell'Azienda ___________________                                         ___________________________ l_______________________                      Spett.le ____________________________________________                               ____________________________________________                               ____________________________________________OGGETTO: Progetto  di  formazione  e  lavoro  ai  sensi  dell'art.

3, Legge         863/1984.___ l___ sottoscritt __  ____________________________________________ nella sua qualit di ____________________________________________________________della Ditta/Societ _______________________________________________________sita in ___________________________________________________________________Prov.","Il trattamento economico per assenze per malattia od infortunio sono quelli previsti dalla specifiche norme di legge, nessuna integrazione è prevista dal datore di lavoro. La formazione teorica e tecnico pratica deve avere una durata minima di 40 ore per i livelli III e IV, di 50 ore per i restanti livelli. L'iter formativo dovrà svilupparsi secondo lo schema allegato ed il progetto sarà accompagnato da dichiarazione d'impegno, al rispetto del presente contratto e delle norme di legge in materia del lavoro e della sicurezza sociale. All'atto della richiesta del nullaosta l'azienda dovrà allegare un attestato dal quale risulti l'iscrizione dell'azienda stessa alla UCICT.
Articolo 4
Resta salva in alternativa per le aziende che intendono assumere giovani con contratti di formazione e lavoro, la p[ILLEGIBLE]",,
clean,4193,severe,"-	dopo il comma 5) aggiungere il seguente:

“5 bis)
Il Fondo “Mario Negri”, ai fini di previdenza complementare, accoglie separatamente il TFR comunque conferito.”

-	al comma 6), dopo le parole “______ commi precedenti” aggiungere le 	parole “e il TFR conferito”.

ASSOLOGISTICA
Nereo Paolo Marcucci

MANAGERITALIA
Claudio Pasini

Milano, 20 febbraio 2007

PAGE","- dopo il comma 5) aggiungere il seguente:

""5 bis)
Il Fondo ""Mario Negri"", ai fini di previdenza complementare, accoglie separatamente il TFR comunque conferito.""

- al comma 6), dopo le parole ""______ commi precedenti"" aggiungere le parole ""e il TFR conferito"".

ASSOLOGISTICA
Nereo Paolo Marcucci

MANAGERITALIA
Claudio Pasini

Milano, 20 febbraio 2007",,
clean,4655,severe,"______________________________________________________
17) essere/non essere (1) titolare di incarico nella medicina dei servizi a tempo
indeterminato: (1) (2)
Azienda ___________________________ Comune _____________________ ore sett.","______________________________________________________
17) essere/non essere (1) titolare di incarico nella medicina dei servizi a tempo
indeterminato: (1) (2)
Azienda ___________________________ Comune _____________________ ore sett.",,
clean,17847,severe,"T VA || ZONA
zona ui || 2934 || 2054] 2054 || SONA | zona vin ZONA IX zona x |i 7 || Lr
$ ss É ; ; dg ss.

| d.

$i fa | bsx; È 5 fo ii É3
Bri $ Fga $ si d $ ggif È 3
CH 35 |Sgsl gd sf (ag 38 siii |si.|| i
CI E | Agi g 95 Sg BEE FE
sE 5 |S54| di (36:| Pig 8 Ipose Gil fi
SER fi iza) e |2gils;] E [Gail a | itase [Saf si
ia si | ai] i: |af6 gti) a |ESFI î | Aggni dI È
586 45 asel di |ti:Gzc| o [ig a || gi55s | Ase|| #£
PE na agg ci | gf | F [STE F | Hitel Gi
LÉFS ds [Fini a (ili 15 Gaisf | Bia| 3°
ii Si |IgElA |Si |<} di Ii [3] 4
È A i | È (9 è de LA
si ì Il È 7
i
i i
114,00 [110,00 || 1295,00 ||1267,50 l|1254.50 || 1226,50 |!","ZONA
[ILLEGIBLE - table column headers/zone labels not reliably recoverable]
[ILLEGIBLE - most numeric values in this table are not reliably recoverable]
114,00 | 110,00 || 1295,00 || 1267,50 || 1254,50 || 1226,50 |",,
clean,7643,severe,"Ss

La Delegazione dell’Amministrazione stipula il presente accordo per conto del
Direttore Generale con riserva di sottoporlo al Governatore, il quale lo valuterà in sede di Consiglio

Superiore affinchè l'accordo stesso sia approvato o respinto nel suo complesso.

PER L’AMMINISTRAZIONE PERLA FALBI

Vietti Pa

UU he oh

bndl Co G ma

PER LA FIBA-CISL

o ierii","La Delegazione dell'Amministrazione stipula il presente accordo per conto del
Direttore Generale con riserva di sottoporlo al Governatore, il quale lo valuterà in sede di Consiglio
Superiore affinché l'accordo stesso sia approvato o respinto nel suo complesso.

PER L'AMMINISTRAZIONE [ILLEGIBLE]

PER LA FIBA-CISL [ILLEGIBLE]",,
clean,12928,severe,"Ss

La Delegazione dell’Amministrazione stipula il presente accordo per conto del
Direttore Generale con riserva di sottoporlo al Governatore, il quale lo valuterà in sede di Consiglio

Superiore affinchè l'accordo stesso sia approvato o respinto nel suo complesso.

PER L’AMMINISTRAZIONE PERLA FALBI

Vietti Pa

UU he oh

bndl Co G ma

PER LA FIBA-CISL

o ierii","La Delegazione dell'Amministrazione stipula il presente accordo per conto del
Direttore Generale con riserva di sottoporlo al Governatore, il quale lo valuterà in sede di Consiglio
Superiore affinché l'accordo stesso sia approvato o respinto nel suo complesso.

PER L'AMMINISTRAZIONE [ILLEGIBLE]

PER LA FIBA-CISL [ILLEGIBLE]",,
clean,17818,severe,"15.000
29,450 | 27.400 | 21.650 | 22.600 | 20.900 | 29.450 | 17.950 || 24.550 | 23,450 | 22.000 | 19.400 | 17.700 | 16.800 | 14.700
28,450 | 26.00 | 24.100 | 22.300 | 20.500 | 19.050 | 17.000 || 24.050 | 22,950 | 21.500 | 19.000 | 17.350 | 16.450 | 14.400
25.100 | 27.750 | 24.950 | 23.100°| 21.200 | 19.700 | 17.600 Îl 24.900 | 23.750 |‘22.250 | 19.650 | 17.900 | 17.000 | 14.900
27.200 | 25.650 | 23.050 | 71.350 | 19,600 | 18.200 | 16.250 || 23.000 | 22.000 | 20.600 | 18.200 | 16.600 | 15.250 | 13.000
27.400 | 25.850 | 23.250 | 21.500 | 19.750 | 18.350 | 16.400 || 23.200 | 22.150 | 20.750 | 16.300 | 16,700 | 16.050 | 18.900
26.450 | 24.950 | 22.450 | 20.250 | 19.100 | 17.250 | 15.800 || 22.300 | 21.300 | 19.950 | 17.600 | 16.050 |-15.250 | 19.350
25.990 | 24.950 | 21.900 | 20.250 | 10.600 | 17.300 | 15.450 (| 21.600 | 20.600 | 19.300 | 17.050 | 15.550 | 14.750 | 12.950
24.600 | 23,200 | 20.900 | 19.300 | 17.250 | 16.500 | 14.700 || 20.500 | 19.600 | 18.350 | 16.200 | 14.800 | 14.050 | 12.300","15.000
29.450 | 27.400 | 21.650 | 22.600 | 20.900 | 29.450 | 17.950 || 24.550 | 23.450 | 22.000 | 19.400 | 17.700 | 16.800 | 14.700
28.450 | 26.00 | 24.100 | 22.300 | 20.500 | 19.050 | 17.000 || 24.050 | 22.950 | 21.500 | 19.000 | 17.350 | 16.450 | 14.400
[ILLEGIBLE - column headers/units for this wage table are not present in this excerpt]
25.100 | 27.750 | 24.950 | 23.100 | 21.200 | 19.700 | 17.600 || 24.900 | 23.750 | 22.250 | 19.650 | 17.900 | 17.000 | 14.900
27.200 | 25.650 | 23.050 | 21.350 | 19.600 | 18.200 | 16.250 || 23.000 | 22.000 | 20.600 | 18.200 | 16.600 | 15.250 | 13.000
27.400 | 25.850 | 23.250 | 21.500 | 19.750 | 18.350 | 16.400 || 23.200 | 22.150 | 20.750 | 16.300 | 16.700 | 16.050 | 18.900
26.450 | 24.950 | 22.450 | 20.250 | 19.100 | 17.250 | 15.800 || 22.300 | 21.300 | 19.950 | 17.600 | 16.050 | 15.250 | 19.350
[ILLEGIBLE]",,
clean,19338,severe,"alle stesse attività e mansioni nel rispetto del limite massimo di durata prevista
per l’apprendistato professionalizzante.","alle stesse attività e mansioni nel rispetto del limite massimo di durata prevista
per l'apprendistato professionalizzante.",,
clean,17831,severe,"Orera1o QUALIFICATO MANOVALE SPECIALIZZATO Manovale COMUNE
su. 20 | 1820 | 1618 Sup. 20 | 18-20 | 16-18 |. ret 16 || Sup. 20 | 16-20 | 16-18 | nt 16
anni | anni anni anni anni soni anni | ani anni | anni | enni

260,45 | 158,75 | 196,80 È 123,15 || 151,90 | 141,60 | 101,90 88,10 li 142,50 | 133,10 | 105,20] 79,10
136,95 | 152,35 | 139/90 | 110/70 fl 148,60 | ran zo | 109,45 | 86,15 | 139,40 | 120,20 | 102,90| 71,50
135,55 | istoo | 192,60 | 209,70 || 147,25 | 197,45 | 108,49 * 95,40 | 138,15 | 129,05) 101,95| 70,90

61,85 | 150,30 | 132,00 | r09,20 |l 146,60 | 136,85 | 107,95 | 85,00 || 187,50 |128,45|101,50| 70,55
156,55 | 151,95 | 199,50 | 110,40 {| 148,20 | 139,35 | 109,15 | 95,95 || 139,05 | 129,85 | 102,60} 71,35

149,20 | 144,85 | 127,20 | 105,20 {[-141,25 | 191,95 | 104,05 | 81,90 || 182,50 | 123,75) 97,80] 60,00
138,90 | 16425 | 135,50 | 112,05 |[ 150,45 | 140,g0 | mo,s0 | 87,20 || 141,10 | 181,80 | 104,15] 72,40
153,90 | 149/40 | 131/20 | 106,50 || 145,70 | 136,00 | 107,30 | 84,45 || 136,65 | 127,65 | 100,85] 20,10
110/35 | 14595 | 128,20 | 106,00 || 142,35 | 192,05 | 104,80 | 62,50 || 139,50 | 124,70] 94,55] 68,50
131,80 | 147,95 | 129/40 } 107,05 || 193,20 | 194,15 | 108,85 | 83,30 || 134,00 | 125,90) 99,50] 09,15

116,40 | 142,10 | 124,80°| 103,25 || 138,60 | 129,35 | 102,05 80,35 || 130,00 | 121,45] 95,95|. 66,90
156,60! 152,00 | 133,50 | 110,45 |! 148,25 | 198,40 | 109,20 85,95 139,10 | 199,90 | 102,651 71,35

113,98 | 139,75 | 122,75 | 201,55 || 136,20 | 127,10 | 100,30 | 78,95 |{. 127,50 | n9,10| 94,10] 65,45
fi
110,95 | 196.25 | 119,66 | 98,98%]| 192,45 | 129,60 | 97,55 | 76,60 || 123,75 (115,601 gn,9s| 0,90
ni i, hi
235,98 | 194,95 | 116,45 | 97,95 [| 131,10 | 122,35 | 96,55 | 76,00 | 122,50 | 114,45 | gosoj 92.95

195,75 | 191,78 | 15,70 | 95,70 | 108,00 | 109,35 | 94,25 0 24,20, || 119,25 | 11,40] 88,05/ 61,20","Operaio QUALIFICATO MANOVALE SPECIALIZZATO Manovale COMUNE
[ILLEGIBLE - column age-range headers not reliably recoverable]
[ILLEGIBLE - numeric wage table rows not reliably recoverable from OCR]",,
extract,16664,,"Addetti Guardiania e Portierato

( DAL 01/02/2013 AL 31/01/2015 ) CCNL 11/01/2013

Verbale di accordo
In data 02.04.2013, in Roma alla Via del Corso n.4, si sono riunite:

e Confederazione Europea Piccole Imprese (in sigla CEPI-UCI); associazione
d’impresa, nella persona del presidente nazionale Rolando Marciano;

® Sindacato Sociale e Lavoro Insieme (in sigla Sindacato SLI), organizzazione
sindacale dei lavoratori, nella persona del dott. Giovanni Nappi segretario
generale;

® Sindacato Datoriale Autonomo (in sigla SIDA), associazione datoriale, nella
persona dell’avv. Giovanni Manna su delega della presidenza nazionale.

Le suddette associazioni si riuniscono al fine di consentire alla CEPI-UCI di
sottoscrivere per adesione il CCNL 11/01/2013 Addetti Guardiania e Portierato (
valevole dal 01/02/2013 al 31/01/2015, parte economica e normativa), già
sottoscritto e depositato al CNEL e al Ministero del Lavoro e delle Politiche Sociali
dal Sindacato SLI e da SIDA.

Con la sottoscrizione del presente accordo, dunque, la CEPI-UCI aderisce al CCNL
Addetti Guardiania e Portierato del 11/01/2013, approvando gli artt. dal n.1 al n.
39%

Letto, confermato e sottoscritto.

Firma e timbro

CEPLUCI CEPI-UCI
di W Via del Corso, 4
Roldn faPciano 00186 - Roma

Tel.0668891160

Sindacato SLI

Giovgnpi Vappi
giu

","{""sector"": ""guardiania e portierato"", ""wage_increases"": [], ""weekly_hours"": null, ""probation_period_days"": {""operai"": null, ""impiegati"": null, ""quadri"": null, ""dirigenti"": null}, ""notice_period_days"": {""operai"": null, ""impiegati"": null, ""quadri"": null, ""dirigenti"": null}, ""leave_entitlements"": {""annual_leave_days"": null, ""sick_leave_terms"": null, ""parental_leave_terms"": null}}",,
extract,11178,,"Il giorno 16 giugno 2010 a Milano, Anicta e UGL Chimici si sono incontrate per
esaminare la richiesta della UGL Chimici di sottoscrivere per adesione il verbale di
accordo 27 maggio 2010, a rinnovo del ccnl10 maggio 2006 - 12 luglio 2006.
In esito a tale incontro, Anicta ha manifestato la propria disponibilità ad accogliere la
richiesta della UGL Chimici.
UGL CHIMICI
~',t2f~'
~","{""sector"": ""chimica-farmaceutica (coibentazioni termiche acustiche)"", ""wage_increases"": [], ""weekly_hours"": null, ""probation_period_days"": {""operai"": null, ""impiegati"": null, ""quadri"": null, ""dirigenti"": null}, ""notice_period_days"": {""operai"": null, ""impiegati"": null, ""quadri"": null, ""dirigenti"": null}, ""leave_entitlements"": {""annual_leave_days"": null, ""sick_leave_terms"": null, ""parental_leave_terms"": null}}",,
extract,20044,,"* * * *
2019
CCNJl
ONlR TO CO IVO
r
N OrNA RO
10 l O
✓ �UIBBllCI SER �111
� - �- � - !!!!!!!J
✓ R
r
�
e
✓ A J
✓ SA
CCNL - Settore Turismo- Confimitalia - Conf.A.€.L. - FAILM Servizi Terziario
Pag. 1 a 83
Roma, il giorno 30 di maggio 2023, presso la sede della CONFIMITALIA in via Adolfo Ravà 106a
TRA
J 1'
La CONFEDERAZIONE IMPRESE ITALIANE CONFIMITALIA aderente CIU O
. .AI
Rappresentata dal dirigente generale Gianna Muratori O).,�·\
~�
l.lv,f)
E
La CONFEDERAZIONE AUTONOMA EUROPEA dei LAVORATORI CONF.A. €. L.
Rappresentata dal Segretario Generale Domenico MARRELLA;
Il SINDACATO NAZIONALE AUTONOMO LAVORATORI PENSIONATI SNALP
Rappresentata dal Segretario Egidio GUBBIOTTO;
L'ORGANIZZAZIONE SINDACALE FAILM-FEDERAZIONE AUTONOMA ITALIANA
METALMECCANICI SERVIZI TERZIARIO
r!{è,,/4 _ 16,,Lu/
Rappresentata dal Segretario Generale Claudio CAPODIECI. �
VALIDITÁ DEL CONTARTTO DALL'01/06/2023 AL 31/05/2026.
CCNL - Settore Turismo - Confimitalia - Conf.A.€.L. - FAILM Servizi Terziario
Pag. 2 a 83","{""sector"": ""turismo (pubblici esercizi, ristorazione, alberghi, stabilimenti balneari)"", ""wage_increases"": [], ""weekly_hours"": null, ""probation_period_days"": {""operai"": null, ""impiegati"": null, ""quadri"": null, ""dirigenti"": null}, ""notice_period_days"": {""operai"": null, ""impiegati"": null, ""quadri"": null, ""dirigenti"": null}, ""leave_entitlements"": {""annual_leave_days"": null, ""sick_leave_terms"": null, ""parental_leave_terms"": null}}",,
extract,19811,,"CONTRATTO COLLETTIVO NAZIONALE DI LAVORO
PER I DIPENDENTI DELLE IMPRESE EDILI ARTIGIANE E DELLE PICCOLE E MEDIE IMPRESE INDUSTRIALI EDILI E
AFFINI.
20 luglio 2022
Valido dal 21 luglio 2022 al 20 luglio 2025","{""sector"": ""edilizia (imprese edili artigiane e PMI industriali)"", ""wage_increases"": [], ""weekly_hours"": null, ""probation_period_days"": {""operai"": null, ""impiegati"": null, ""quadri"": null, ""dirigenti"": null}, ""notice_period_days"": {""operai"": null, ""impiegati"": null, ""quadri"": null, ""dirigenti"": null}, ""leave_entitlements"": {""annual_leave_days"": null, ""sick_leave_terms"": null, ""parental_leave_terms"": null}}",,
extract,19585,,"ACCORDO DI RINNOVO ECONOMICO DEL CONTRATTO COLLETTIVO NAZIONALE DI
LAVORO MULTISERVIZI
Cod. contratto K574
L’anno 2025 il giorno 27 del mese di ottobre, in Roma, presso la sede di Conflavoro PMI,
sita in Via del Consolato n°6, si è raggiunto il seguente accordo economico del CCNL in
epigrafe,
TRA
CONFLAVORO PMI, Confederazione Nazionale delle Piccole e Medie Imprese
rappresentata dal Presidente Nazionale Roberto Capobianco;
E
CONF.S.A.L, Confederazione Generale dei Sindacati Autonomi del Lavoratori
rappresentata dal Segretario Generale Angelo Raffaele Margiotta;
FESICA, Federazione Sindacati Industria, Commercio e Artigianato rappresentata dal
Segretario Generale Bruno Mariani, Vice Segretario Generale Alfredo Mancini.
Premesso che
● In data 30/06/2022, la Conflavoro PMI, la Fesica e la Confsal, hanno sottoscritto il rinnovo
del CCNL Multiservizi, codice contratto K574, con validità ed efficacia a far data dal
01/07/2022 al 30/06/2025;
● Nelle more del rinnovo contrattuale, le Parti, considerate le specificità delle imprese
operanti nel settore multiservizi e con l’obiettivo di tutelare l’occupazione e salvaguardare
il potere d’acquisto dei lavoratori, hanno convenuto di procedere prioritariamente al rinnovo
della parte economica, ridefinendo i livelli retributivi anche in relazione all’andamento
dell’inflazione consuntivata.
*** * ***
Tutto ciò premesso e considerato,
le Parti
- convengono di procedere all’adeguamento dei minimi tabellari al fine di salvaguardare
il potere di acquisto delle retribuzioni dei lavoratori, nelle more dell’espletamento del
tavolo di confronto per la stipula del rinnovo normativo ed economico del CCNL.
- convengono che, a decorrere dal 1° ottobre 2025, vengano adeguati i minimi tabellari
in essere e concordano di applicare la tabella salariale di seguito riportata, che sostituisce
ogni altra tabella salariale precedentemente in vigore nel testo del CCNL e ne costituisce
parte integrante, variando conseguentemente i relativi testi origina","{""sector"": ""multiservizi"", ""wage_increases"": [{""effective_date"": ""2025-10-01"", ""level_or_category"": ""Quadri"", ""amount_eur"": 2196.0, ""amount_pct"": null}, {""effective_date"": ""2025-10-01"", ""level_or_category"": ""Primo Livello"", ""amount_eur"": 2054.0, ""amount_pct"": null}, {""effective_date"": ""2025-10-01"", ""level_or_category"": ""Secondo livello"", ""amount_eur"": 1843.0, ""amount_pct"": null}, {""effective_date"": ""2025-10-01"", ""level_or_category"": ""Terzo livello"", ""amount_eur"": 1582.0, ""amount_pct"": null}, {""effective_date"": ""2025-10-01"", ""level_or_category"": ""Quarto livello"", ""amount_eur"": 1490.0, ""amount_pct"": null}, {""effective_date"": ""2025-10-01"", ""level_or_category"": ""Quinto livello"", ""amount_eur"": 1413.0, ""amount_pct"": null}, {""effective_date"": ""2025-10-01"", ""level_or_category"": ""Sesto livello"", ""amount_eur"": 1344.0, ""amount_pct"": null}, {""effective_date"": ""2025-10-01"", ""level_or_category"": ""Settimo livello"", ""amount_eur"": 1275.0, ""amount_pct"": null}], ""weekly_hours"": null, ""probation_period_days"": {""operai"": null, ""impiegati"": null, ""quadri"": null, ""dirigenti"": null}, ""notice_period_days"": {""operai"": null, ""impiegati"": null, ""quadri"": null, ""dirigenti"": null}, ""leave_entitlements"": {""annual_leave_days"": null, ""sick_leave_terms"": null, ""parental_leave_terms"": null}}",,
extract,18322,,"


Il 9 dicembre 2003 

tra

- ASIEP

e

- FILCEA/CGIL
- FEMCA/CISL
- UILCEM/UIL

è stato stipulato il seguente accordo per il rinnovo biennale della parte economica del Contratto Collettivo Nazionale di Lavoro

ENERGIA E PETROLIO

14 marzo 2002



INCREMENTI IN EURO DEL TRATTAMENTO CONTRATTUALE

	1.1.04	1.1.05	1.7.05	totale
	biennio

	CREA	min.	crea	min.	crea	min.	crea	min.	crea	TOTALE

1	5	67,60	42,76	28,67	23,39	139,03	23,39	162,42
	4	67,60	42,76	28,67	18,71	139,03	18,71	157,74
	3	67,60	42,76	28,67	14,04	139,03	14,04	153,07
	2	67,60	42,76	28,67	 9,36	139,03	 9,36	148,38
	1	67,60	42,76	28,67	 4,68	139,03	 4,68	143,71

2	4	61,22	38,72	25,96	14,05	125,90	14,05	139,95
	3	61,22	38,72	25,96	10,54	125,90	10,54	136,44
	2	61,22	38,72	25,96	 7,02	125,90	 7,02	132,92
	1	61,22	38,72	25,96	 3,51	125,90	 3,51	129,41

3	4	55,48	35,09	23,53	12,45	114,10	12,45	126,55
	3	55,48	35,09	23,53	 9,34	114,10	 9,34	123,44
	2	55,48	35,09	23,53	 6,23	114,10	 6,23	120,33
	1	55,48	35,09	23,53	 3,11	114,10	 3,11			117,21

4	4	49,00	31,00	20,78	10,96	100,78	10,96	111,74
	3	49,00	31,00	20,78	 8,22	100,78	 8,22	109,00
	2	49,00	31,00	20,78	 5,49	100,78	 5,49	106,26
	1	49,00	31,00	20,78	 2,74	100,78	 2,74	103,52

5	4	42,98	27,19	18,22	 9,38	 88,39	 9,38	 97,76
	3	42,98	27,19	18,22	 7,04	 88,39	 7,04	 95,42
	2	42,98	27,19	18,22	 4,69	 88,39	 4,69	 93,08
	1	42,98	27,19	18,22	 2,34	 88,39	 2,34	 90,73
	0	42,98	27,19	18,22	 0,00	 88,39	 0,00	 88,39

6	0	37,39	23,65	15,86	 0,00	 76,90	 0,00	 76,90	


Le Parti confermano la comune volontà di consolidare l’attuale struttura contrattuale e di individuare strumenti condivisi da recepire alla prossima scadenza con soluzioni concordate. In tal senso, entro il prossimo gennaio, le parti stipulanti programmeranno una serie di incontri finalizzati a definire una comune interpretazione al testo contrattuale al fine di consentire una più agevole consultazione sugli articoli e/o commi che necessitino di chiarimenti. 

Inoltre, nel gennaio prossimo le Parti, con l’o","{""sector"": ""energia e petrolio"", ""wage_increases"": [{""effective_date"": ""2005-07-01"", ""level_or_category"": ""categoria 1 livello 5"", ""amount_eur"": 162.42, ""amount_pct"": null}, {""effective_date"": ""2005-07-01"", ""level_or_category"": ""categoria 1 livello 4"", ""amount_eur"": 157.74, ""amount_pct"": null}, {""effective_date"": ""2005-07-01"", ""level_or_category"": ""categoria 1 livello 3"", ""amount_eur"": 153.07, ""amount_pct"": null}, {""effective_date"": ""2005-07-01"", ""level_or_category"": ""categoria 1 livello 2"", ""amount_eur"": 148.38, ""amount_pct"": null}, {""effective_date"": ""2005-07-01"", ""level_or_category"": ""categoria 1 livello 1"", ""amount_eur"": 143.71, ""amount_pct"": null}, {""effective_date"": ""2005-07-01"", ""level_or_category"": ""categoria 2 livello 4"", ""amount_eur"": 139.95, ""amount_pct"": null}, {""effective_date"": ""2005-07-01"", ""level_or_category"": ""categoria 2 livello 3"", ""amount_eur"": 136.44, ""amount_pct"": null}, {""effective_date"": ""2005-07-01"", ""level_or_category"": ""categoria 2 livello 2"", ""amount_eur"": 132.92, ""amount_pct"": null}, {""effective_date"": ""2005-07-01"", ""level_or_category"": ""categoria 2 livello 1"", ""amount_eur"": 129.41, ""amount_pct"": null}, {""effective_date"": ""2005-07-01"", ""level_or_category"": ""categoria 3 livello 4"", ""amount_eur"": 126.55, ""amount_pct"": null}, {""effective_date"": ""2005-07-01"", ""level_or_category"": ""categoria 3 livello 3"", ""amount_eur"": 123.44, ""amount_pct"": null}, {""effective_date"": ""2005-07-01"", ""level_or_category"": ""categoria 3 livello 2"", ""amount_eur"": 120.33, ""amount_pct"": null}, {""effective_date"": ""2005-07-01"", ""level_or_category"": ""categoria 3 livello 1"", ""amount_eur"": 117.21, ""amount_pct"": null}, {""effective_date"": ""2005-07-01"", ""level_or_category"": ""categoria 4 livello 4"", ""amount_eur"": 111.74, ""amount_pct"": null}, {""effective_date"": ""2005-07-01"", ""level_or_category"": ""categoria 4 livello 3"", ""amount_eur"": 109.0, ""amount_pct"": null}, {""effective_date"": ""2005-07-01"", ""level_or_category"": ""categoria 4 livello 2"", ""amount_eur"": 106.26, ""amount_pct"": null}, {""effective_date"": ""2005-07-01"", ""level_or_category"": ""categoria 4 livello 1"", ""amount_eur"": 103.52, ""amount_pct"": null}, {""effective_date"": ""2005-07-01"", ""level_or_category"": ""categoria 5 livello 4"", ""amount_eur"": 97.76, ""amount_pct"": null}, {""effective_date"": ""2005-07-01"", ""level_or_category"": ""categoria 5 livello 3"", ""amount_eur"": 95.42, ""amount_pct"": null}, {""effective_date"": ""2005-07-01"", ""level_or_category"": ""categoria 5 livello 2"", ""amount_eur"": 93.08, ""amount_pct"": null}, {""effective_date"": ""2005-07-01"", ""level_or_category"": ""categoria 5 livello 1"", ""amount_eur"": 90.73, ""amount_pct"": null}, {""effective_date"": ""2005-07-01"", ""level_or_category"": ""categoria 5 livello 0"", ""amount_eur"": 88.39, ""amount_pct"": null}, {""effective_date"": ""2005-07-01"", ""level_or_category"": ""categoria 6 livello 0"", ""amount_eur"": 76.9, ""amount_pct"": null}], ""weekly_hours"": null, ""probation_period_days"": {""operai"": null, ""impiegati"": null, ""quadri"": null, ""dirigenti"": null}, ""notice_period_days"": {""operai"": null, ""impiegati"": null, ""quadri"": null, ""dirigenti"": null}, ""leave_entitlements"": {""annual_leave_days"": null, ""sick_leave_terms"": null, ""parental_leave_terms"": null}}",,
extract,16757,,"!
!
!
C C N L '
ONTRATTO' OLLETTIVO' AZIONALE'DI' AVORO
L A !
PER!I! AVORATORI!DIPENDENTI!DELLE! ZIENDE!E
C !
OOPERATIVE!ESERCENTI!ATTIVITÀ!DEL!SETTORE
C – T – S '
OMMERCIO' ' ERZIARIO' ' ERVIZI
T L '
RASPORTI'E' OGISTICA
A '
RTIGIANATO
!
STIPULATO!TRA!
! !
!
!
!
!
!
!
!
IN!VIGORE!DAL!1!MAGGIO!2015!AL!30!APRILE!2018!
!
!
!
!
!
RISERVA!SULLA!PROPRIETÀ!INTELLETTUALE!!
LE! ORGANIZZAZIONI! STIPULANTI! INTENDONO! SALVAGUARDARE! LA! PIENA! E! COMPLETA! PROPRIETÀ! DEL! TESTO!
CONTRATTUALE! E! NE! INIBISCONO! L’INSERIMENTO! TOTALE! O! PARZIALE! IN! ALTRI! CONTRATTO,! SALVO! ESPRESSA!
AUTORIZZAZIONE!DELLE!PARTI!SOTTOSCRITTRICI!RISERVANDOSI!OGNI!AZIONE!DI!SALVAGUARDIA.!
GLI!ENTI!ISTITUZIONALI,!LE!BANCHE!DATI!ED!I!LAVORATORI!DELLE!AZIENDE!OVE!SI!APPLICA!QUESTO!CONTRATTO!
POTRANNO! LIBERAMENTE! UTILIZZARE! IL! PRESENTE! TESTO,! ANCHE! MEMORIZZANDOLO! SU! SUPPORTI! CARTACEI! OD!
INFORMATICI.!
!
!
!
!
!
!
!
!
!
!
!
!
!
!
!
!
!
!
!
!
!
!
!
!
!
!
!
!
!
!
!
!
!
!
!
!
!
!
!
!
!
!
RIPRODUZIONE!TOTALE!VIETATA,!CON!QUALSIASI!MEZZO,!INCLUSA!LA!FOTOCOPIA.!
TUTTI!I!DIRITTI!SONO!RISERVATI.!
©!2015!NORD!INDUSTRIALE,!FEDERAZIONE!AUTONOMA!LAVORATORI!
! !
I","{""sector"": ""commercio, terziario, servizi, trasporti e logistica, artigianato"", ""wage_increases"": [], ""weekly_hours"": null, ""probation_period_days"": {""operai"": null, ""impiegati"": null, ""quadri"": null, ""dirigenti"": null}, ""notice_period_days"": {""operai"": null, ""impiegati"": null, ""quadri"": null, ""dirigenti"": null}, ""leave_entitlements"": {""annual_leave_days"": null, ""sick_leave_terms"": null, ""parental_leave_terms"": null}}",,
extract,3796,,"ACCORDO DI RINNOVO CCNL
Addì, 14 novembre 2011

Tra

La FEDERFARMA nelle persone del Dott. Carlo GHIANI, in qualità di coordinatore
della Commissione Rapporti-lavoro composta dai Dott.ri Alfonso MISASI, Roberto
GRUBISSA, Giuseppe CASTELLO, Alessandro CICILLONI, Rosanna GALLI,
Giuseppe PALAGGI, Arturo MARESCA, Michele CRAPANZANO, assistiti dal
Dott. Aurelio CALCATERRA e dal Dott. Bruno FORESTI

e
La FILCAMS CGIL rappresentata da Cristian SESENA e Luciana MASTR@COLA
la FISASCAT CISL rappresentata da Rosetta RASO W/
la UILTUCS UIL rappresentata da Antonio VARGIU, IU,

stipulano il presente Accordo di Rinnovo, con i patti di seguito specificati, ad
integrazione c modifica di quelli contenuti nel CCNL 26 maggio 2009 che, per le
parti non modificate e non superate, resta in vigore.

PREVIDENZA COMPLEMENTARE

Le Parti convengono, anche in relazione a quanto convenuto con l’accordo del 30
settembre 2010, di modificare l’ultimo comma dell’art. 85, CCNL nei seguenti
termini:

“la contribuzione posta a carico del titolare di farmacia opera per i versamenti
effettuati a FON.TE”.

NORMATIVA \
Le Parti si impegnano a definire entro 30 giorni dalla data odierna la normativa /0 )
relativa alle seguenti materie: XL
- ECM (art. 39 CCNL);

«TRASFERIMENTI dei dipendenti per le società che gestiscono più farmacie nella
stessa Provincia;

-Costituzione presso l'Ente Bilaterale di un Osservatorio sui nuovi servizi in farmacia
e sui relativi fabbisogni formativi e professionali;
-Permessi sindacali;

-VIDEOSORVEGLIANZA;

- APPRENDISTATO.

da

INCREMENTI ECONOMICI
Gli incrementi economici sono previsti nelle misure e con la decorrenza
indicate nella tabella allegata (v. allegato “A” e “B” per le Farmacie Rurali

Sussidiate). 0 Da
bi Cc Da eli

\\ffde I\dati_ff$\Ufed\ulegale\CCNL\VARIE\accordo rinnovo 14 novembre 2011.doc


L’una tantum verrà pagata, secondo gli importi ed i termini indicati nella
tabella allegata (v. allegato “C”).
L’una tantum sarà erogata ai dipendenti, anche con contratt","{""sector"": ""farmacie private"", ""wage_increases"": [], ""weekly_hours"": null, ""probation_period_days"": {""operai"": null, ""impiegati"": null, ""quadri"": null, ""dirigenti"": null}, ""notice_period_days"": {""operai"": null, ""impiegati"": null, ""quadri"": null, ""dirigenti"": null}, ""leave_entitlements"": {""annual_leave_days"": null, ""sick_leave_terms"": null, ""parental_leave_terms"": null}}",,
extract,5200,,"Roma 15 novembre 2018

Le Parti firmatarie delle Intese per il rinnovo del CCNL Turismo
sottoscrivono le seguenti correzioni ed integrazioni ai testi siglati
il 18 luglio 2018.

Ipotesi Accordo di rinnovo contrattuale pubblici esercizi
risterazione collettiva e commerciale stabilimenti balneari e
alberghi diurni e turismo

L’articolo “Riduzione di orario” (pag. 61) è sostituito integralmente dal
seguente testo: .

Riduzione orario

1.Per tutti i lavoratori dei pubblici esercizi ristorazione collettiva e commerciale
alberghi diurni c stabilimenti balneari, assunti dopo il 1° gennaio 2018, verranno
riconosciute per i primi due anni le 32 ore di permesso relative alle festività religiose
abolite dalla legge n. 54/1977 di cui al 3° comma. Decorsi due anni dall'assunzione, ai
dipendenti delle aziende dei pubblici esercizi ristorazione collettiva e commerciale e
alberghi diurni verranno riconosciute ulteriori 36 ore e ai dipendenti degli stabilimenti
balneari verranno riconosciute ulteriori 38 ore. Decorsi quattro anni dall'assunzione ai
dipendenti delle aziende di cui al presente comma verrà riconosciuta la riduzione di
orario annuale prevista per la generalità dei dipendenti dei rispettivi comparti.

2.La norma di cui al comma precedente si applica anche ai contratti a tempo
determinato ad esclusione dei contratti a tempo determinato in aziende di stagione di cui

all'articolo 82 e dei contratti a tempo determinato di cui all'articolo 83.


3.Ai fini della maturazione del requisito di cui al comma 1 del presente articolo
per i lavoratori coinvolti nei cambi di gestione verrà considerata l'anzianità di servizio
acquisita nei settori del presente contratto. La comunicazione di cui sopra verrà
effettuata, oltre che ai lavoratori anche alle R.S$.U./R.S.A., ove esistenti.

4.I1 suddetto regime è applicabile esclusivamente alle aziende iscritte alle
Associazioni datoriali facenti parte delle Organizzazioni nazionali dei datori di lavoro
stipulanti il presente contratto.

5. I","{""sector"": ""turismo (pubblici esercizi, alberghi, stabilimenti balneari, viaggi)"", ""wage_increases"": [], ""weekly_hours"": null, ""probation_period_days"": {""operai"": null, ""impiegati"": null, ""quadri"": null, ""dirigenti"": null}, ""notice_period_days"": {""operai"": null, ""impiegati"": null, ""quadri"": null, ""dirigenti"": null}, ""leave_entitlements"": {""annual_leave_days"": null, ""sick_leave_terms"": null, ""parental_leave_terms"": null}}",,
extract,19296,,"C.N.E.L.

Il giorno 22 gennaio 2008 in Roma î
28 SET. 2009
tra
CONFINDUSTRIA CERAMICA

; ARCHIVIO CONTRATTI

e
UGI, Chimici

Premesso che,

con decorrenza 1° gentutso 2007, la rappresentanza dei “settori Ceramica” (ceramica sanitaria,
porcellana e ceramica per uso domestica e ornamentale, ceramica teenica, tubi in gresì, per volontà
delle imprese e con il consenso delle associazioni interessate, è corifluita in Assopiastrelle, che ha
mutato la propria denominazione in Confindustria Ceramica:

si é stipulato il seguente Accordo,
da valere in tutto il lerritorio nazionale per le imprese dei “settori Ceramica” e peri lavoratori dalle
stesse dipendenti.

1. Rinnovo di parte economica
1 minimi contrattuali e le indennità di posizione organizzativa varieranno dei seguenti importi lordi

mensili alle soguenti scadenze
CATEGORIA 1-gen-08 1-gon-09 1-gen-10 a regime

POSIZORG. MIN+IPO MIN+IPO MIN+IPO MIN+IPO
A1 € 56,94 € 55,56 € 4861 €161/11

B1 € 49,83 E 4861 € 42,523 €140.97
B2 € 48.69 € 45,56 € 39.86 € 13211
CA € 44,70 € 43.61 € 3816 € 12647
c2 € 43,28 E 42,22 € 36,94 € 122,44
ca € 42,14 € dit € 35.97 € 11922
DI € 41,00 € 40,00 € 35,00 €116,00
Da € S7.01 € 26,11 € 3160 €104,72
DI È 35,31 € 3444 € 30,14 € 9980
1 È 34.45 € 33681 € 2941 € 97,47 ù
E2 E 30,75 E 20,00 € 26,25 € 87,00
EI € 20.93 € 2861 € 2503 € 82,97
F € 28,47 E 27.718 € 2431 € 80,56

2. Previdenza complementare

I lavoratori iscritti a FONCHIM trasterirarino la loro posizione individuale in FONCFR. al quale
potranno alt iscriversi gli altri lavoratori dipendenti non aderenti a unamtorma di previdenza
complementare, tutti alle medesime condizioni previste per i lavoratori del settore Pisstrelle dal
CONL 28/3/2007


3 Assistenza sanitaria

Per le aziende dei “settori Ueramiea” iscritto a Faschim alla data del presente Accordo, le panti
concorderanna entro il 30 giugno 2008 un sistema di assistenza sanitaria integrativa alle seguenti
vondizioni:

- adesione volontaria dei lavoratori interessati

= ripartizione pari","{""sector"": ""ceramica (piastrelle, materiali refrattari, ceramica sanitaria, porcellane, ceramica tecnica, tubi in gres)"", ""wage_increases"": [{""effective_date"": ""2008-01-01"", ""level_or_category"": ""A1"", ""amount_eur"": 56.94, ""amount_pct"": null}, {""effective_date"": ""2008-01-01"", ""level_or_category"": ""B1"", ""amount_eur"": 49.83, ""amount_pct"": null}, {""effective_date"": ""2008-01-01"", ""level_or_category"": ""B2"", ""amount_eur"": 48.69, ""amount_pct"": null}, {""effective_date"": ""2008-01-01"", ""level_or_category"": ""C1"", ""amount_eur"": 44.7, ""amount_pct"": null}, {""effective_date"": ""2008-01-01"", ""level_or_category"": ""C2"", ""amount_eur"": 43.28, ""amount_pct"": null}, {""effective_date"": ""2008-01-01"", ""level_or_category"": ""D1"", ""amount_eur"": 41.0, ""amount_pct"": null}, {""effective_date"": ""2008-01-01"", ""level_or_category"": ""D3"", ""amount_eur"": 35.31, ""amount_pct"": null}, {""effective_date"": ""2008-01-01"", ""level_or_category"": ""F"", ""amount_eur"": 28.47, ""amount_pct"": null}], ""weekly_hours"": null, ""probation_period_days"": {""operai"": null, ""impiegati"": null, ""quadri"": null, ""dirigenti"": null}, ""notice_period_days"": {""operai"": null, ""impiegati"": null, ""quadri"": null, ""dirigenti"": null}, ""leave_entitlements"": {""annual_leave_days"": null, ""sick_leave_terms"": null, ""parental_leave_terms"": null}}",,
extract,6926,,"Testo in inglese, presente in Archivio solo in forma cartacea.
","{""sector"": ""marittimi (navi da carico/passeggeri, Registro Internazionale Italiano)"", ""wage_increases"": [], ""weekly_hours"": null, ""probation_period_days"": {""operai"": null, ""impiegati"": null, ""quadri"": null, ""dirigenti"": null}, ""notice_period_days"": {""operai"": null, ""impiegati"": null, ""quadri"": null, ""dirigenti"": null}, ""leave_entitlements"": {""annual_leave_days"": null, ""sick_leave_terms"": null, ""parental_leave_terms"": null}}",,
extract,7690,,"


AVVISO COMUNE IN MATERIA DI CONTRATTI A TEMPO DETERMINATO
- DISCIPLINA DEL DIRITTO DI PRECEDENZA 
DI CUI ALL’ART. 5, COMMA 4 QUATER, D.LGS. 6 SETTEMBRE 2001 N. 368, 
COME MODIFICATO DALL’ART. 1, COMMA 40, LEGGE 24 DICEMBRE 2007 N. 247

tra

POSTE ITALIANE SpA

e

SLC-CGIL
SLP-CISL
UIL-POST
FAILP-CISAL
SAILP-CONFSAL
UGL-Comunicazioni


Premesso che

in data odierna Azienda e Organizzazioni sindacali hanno operato una complessiva disamina del tema relativo al diritto di precedenza riconosciuto – dall’art. 1, comma 40), legge n. 247/07 – ai lavoratori che, nella esecuzione di uno o più contratti a termine presso la stessa azienda, abbiano prestato attività lavorativa per un periodo superiore a 6 mesi e delle ricadute della applicazione di tale diritto nella realtà di Poste Italiane.

In particolare, le Parti hanno evidenziato quanto segue.

L’applicazione del generalizzato diritto di precedenza, introdotto dalla legge n. 247/07 rischia di vanificare l’efficacia dell’Accordo sindacale 13.1.06 che rappresenta il punto di arrivo di uno specifico confronto tra le Parti stesse – avviato nel corso del 2005, in ordine alla rilevante tematica concernente i contratti a tempo determinato, il filone vertenziale intervenuto e il ‘trend’ delle pronunce giudiziarie che faceva registrare un rilevante volume di riammissioni in servizio – finalizzato ad individuare percorsi condivisi che tenessero conto delle diverse situazioni maturate dalle risorse già impiegate in passato con contratto a tempo determinato e delle opportunità che l’impresa poteva offrire nel tempo ai lavoratori. 

Nel corso di tale confronto era intervenuta, in data 28.7.05, anche una apposita   risoluzione    della    IX    Commissione    Parlamentare  che – pronunciandosi sulla questione del personale assunto in Poste Italiane a tempo determinato nel periodo 1998-2002, impegnava il Governo “a trovare una soluzione equilibrata della vicenda ipotizzando uno strumento normativo di istituzione di un sistema di gradu","{""sector"": ""poste italiane / servizi postali"", ""wage_increases"": [], ""weekly_hours"": null, ""probation_period_days"": {""operai"": null, ""impiegati"": null, ""quadri"": null, ""dirigenti"": null}, ""notice_period_days"": {""operai"": null, ""impiegati"": null, ""quadri"": null, ""dirigenti"": null}, ""leave_entitlements"": {""annual_leave_days"": null, ""sick_leave_terms"": null, ""parental_leave_terms"": null}}",,
extract,18718,,"L'anno 2009, il giorno 6 del mese di Luglio in Roma
tra

l'Istituto Centrale per il Sostentamento del Clero, nella persona del Suo Presidente
Mons. Luigino Trivero, in rappresentanza anche degli Istituti Diocesani ed
Interdiocesani per il Sostentamento del Clero

con l’assistenza della Confederazione Generale Italiana del Commercio, del
Turismo, dei servizi, delle Professioni e deile Piccole e Medie Imprese

la Federazione Italiana Sindacati Addetti ai Servizi Commerciali, Affini e del
Turisno (FISASCAT-CISL) rappresentata da Giovanni Pirulli e Salvatore Falcone, la
Federazione Italiana Lavoratori Commercio, Alberghi, Mense e Servizi
(F.ILL.C.A.M.S.-C.G.LL.) rappresentata da Picro Marconi e Danilo Lelli e i
Rappresentanti del personale dell'Istituto Centrale per il Sostentamento del
Clero, Ernesto Paganini, Francesco Cirone, Simone Lisi e Gustavo Colasanti

si è stipulato

il presente accordo di rinnovo biennale del CCNL stipulato il 15 marzo 2007.


MODIFICHE AL TESTO DEL C.C.N.L.
Art. 36 - Trattamento economico

La Tabella A, riproducente la misura della retribuzione base, è sostituita
da quella allegata al presente rinnovo.

Art. 69 - Assistenza sanitaria integrativa

A decorrere dal 1° gennaio 2010, gli Istituti contribuiranno, fino alla
misura capitaria annua di € 300,00, al versamento dei contributi per l'assistenza
sanitaria integrativa in favore dei dipendenti che si iscriveranno ad ASSICATTOLICA,
cassa avente esclusivamente finalità assistenziale.

In attesa di quanto sopra, a tutti i dipendenti in forza alla data di
sottoscrizione del presente accordo sarà corrisposta, per l'anno 2009, la somma di €
150,00, previo assoggettamento alle normali ritenute fiscali e previdenziali.

Art, 70 - Previdenza complementare.

Premesso che, con verbale sottoscritto in data F. 62003 , le parti
hanno definitivamente individuato in “Fon.Te” il Fondo di previdenza complementare al
quale aderire, si conviene che gli Istituti provvederanno al versamento della quota di
contrib","{""sector"": ""religioso (Istituti per il sostentamento del Clero)"", ""wage_increases"": [{""effective_date"": ""2008-06-01"", ""level_or_category"": ""QUADRI"", ""amount_eur"": 1501.8, ""amount_pct"": null}, {""effective_date"": ""2009-01-01"", ""level_or_category"": ""QUADRI"", ""amount_eur"": 1551.68, ""amount_pct"": null}, {""effective_date"": ""2010-01-01"", ""level_or_category"": ""QUADRI"", ""amount_eur"": 1602.55, ""amount_pct"": null}, {""effective_date"": ""2008-06-01"", ""level_or_category"": ""LIVELLO I"", ""amount_eur"": 1395.15, ""amount_pct"": null}, {""effective_date"": ""2009-01-01"", ""level_or_category"": ""LIVELLO I"", ""amount_eur"": 1442.03, ""amount_pct"": null}, {""effective_date"": ""2010-01-01"", ""level_or_category"": ""LIVELLO I"", ""amount_eur"": 1489.84, ""amount_pct"": null}, {""effective_date"": ""2008-06-01"", ""level_or_category"": ""LIVELLO II SUPER"", ""amount_eur"": 1268.66, ""amount_pct"": null}, {""effective_date"": ""2009-01-01"", ""level_or_category"": ""LIVELLO II SUPER"", ""amount_eur"": 1309.56, ""amount_pct"": null}, {""effective_date"": ""2010-01-01"", ""level_or_category"": ""LIVELLO II SUPER"", ""amount_eur"": 1351.27, ""amount_pct"": null}, {""effective_date"": ""2008-06-01"", ""level_or_category"": ""LIVELLO II"", ""amount_eur"": 1199.42, ""amount_pct"": null}, {""effective_date"": ""2009-01-01"", ""level_or_category"": ""LIVELLO II"", ""amount_eur"": 1237.99, ""amount_pct"": null}, {""effective_date"": ""2010-01-01"", ""level_or_category"": ""LIVELLO II"", ""amount_eur"": 1277.33, ""amount_pct"": null}, {""effective_date"": ""2008-06-01"", ""level_or_category"": ""LIVELLO III"", ""amount_eur"": 1043.2, ""amount_pct"": null}, {""effective_date"": ""2009-01-01"", ""level_or_category"": ""LIVELLO III"", ""amount_eur"": 1076.45, ""amount_pct"": null}, {""effective_date"": ""2010-01-01"", ""level_or_category"": ""LIVELLO III"", ""amount_eur"": 1110.36, ""amount_pct"": null}, {""effective_date"": ""2008-06-01"", ""level_or_category"": ""LIVELLO IV"", ""amount_eur"": 907.86, ""amount_pct"": null}, {""effective_date"": ""2009-01-01"", ""level_or_category"": ""LIVELLO IV"", ""amount_eur"": 936.46, ""amount_pct"": null}, {""effective_date"": ""2010-01-01"", ""level_or_category"": ""LIVELLO IV"", ""amount_eur"": 965.62, ""amount_pct"": null}, {""effective_date"": ""2008-06-01"", ""level_or_category"": ""LIVELLO V"", ""amount_eur"": 849.04, ""amount_pct"": null}, {""effective_date"": ""2009-01-01"", ""level_or_category"": ""LIVELLO V"", ""amount_eur"": 876.31, ""amount_pct"": null}, {""effective_date"": ""2010-01-01"", ""level_or_category"": ""LIVELLO V"", ""amount_eur"": 904.12, ""amount_pct"": null}, {""effective_date"": ""2008-06-01"", ""level_or_category"": ""LIVELLO VI"", ""amount_eur"": 767.5, ""amount_pct"": null}, {""effective_date"": ""2009-01-01"", ""level_or_category"": ""LIVELLO VI"", ""amount_eur"": 793.44, ""amount_pct"": null}, {""effective_date"": ""2010-01-01"", ""level_or_category"": ""LIVELLO VI"", ""amount_eur"": 819.89, ""amount_pct"": null}, {""effective_date"": ""2008-06-01"", ""level_or_category"": ""LIVELLO VII"", ""amount_eur"": 687.66, ""amount_pct"": null}, {""effective_date"": ""2009-01-01"", ""level_or_category"": ""LIVELLO VII"", ""amount_eur"": 711.93, ""amount_pct"": null}, {""effective_date"": ""2010-01-01"", ""level_or_category"": ""LIVELLO VII"", ""amount_eur"": 736.68, ""amount_pct"": null}], ""weekly_hours"": null, ""probation_period_days"": {""operai"": null, ""impiegati"": null, ""quadri"": null, ""dirigenti"": null}, ""notice_period_days"": {""operai"": null, ""impiegati"": null, ""quadri"": null, ""dirigenti"": null}, ""leave_entitlements"": {""annual_leave_days"": null, ""sick_leave_terms"": null, ""parental_leave_terms"": null}}",,
extract,17802,,"www.flcgil.it www.cislscuola.it www.uilscuola.it www.snals.it
e-mail: organizzazione@flcgil.it e-mail: cisl.scuola@cisl.it e-mail: segreterianazionale@uilscuola.it e-mail: info@snals.it
Roma, 31 maggio 2012
ACCORDO INTEGRATIVO
Modalità di corresponsione una tantum
Ad integrazione e completamento dell’accordo ponte del CCNL 2010/2012 del 22 maggio
2012, tra la FISM e la FLC CGIL, CISL SCUOLA, UIL SCUOLA, SNALS CONF.SAL,
relativamente alla erogazione della UNA TANTUM, si concorda che al personale in
servizio al 31 agosto 2011 verrà erogata la cifra intera di € 300,00.
Al personale in servizio dal 1° settembre 2011 verrà erogata la cifra di € 150,00.
Resta inteso che al personale part-time gli importi saranno rapportati all’orario stabilito dal
contratto individuale.
Letto, confermato e sottoscritto
FLC CGIL CISL SCUOLA UIL SCUOLA SNALS CONFSAL
Massimo Mari Elio Formosa Pasquale Proietti Roberto Mollicone
Adriano Enea Bellardini
Martino Massoli
Giannino Zanfisi
Aldo Maria Fontanella
www.fism.net
e-mail:
fismnazionale@tin.it
Via della Pigna, 13/a - 00186 Roma
Cinzia Parimbelli
tel. 06 69870511 - fax 06 69925248
Biancamaria GIrardi
FLC CGIL CISL SCUOLA UIL SCUOLA SNALS CONFSAL
Via Leopoldo Serra 31 - 00153 Roma Via Angelo Bargoni 8 - 00153 Roma Via Marino Laziale 44 - 00179 Roma Via Leopoldo Serra 5 - 00153 Roma
tel. 06 585480 - fax 06 58548434 tel. 06 583111 - fax 06 5881713 tel. 06 7846941 - fax 06 7842858 tel. 06 588931 - fax 06 5897251","{""sector"": ""istruzione (scuole dell'infanzia FISM)"", ""wage_increases"": [{""effective_date"": ""2011-08-31"", ""level_or_category"": ""personale in servizio al 31 agosto 2011 (una tantum)"", ""amount_eur"": 300.0, ""amount_pct"": null}, {""effective_date"": ""2011-09-01"", ""level_or_category"": ""personale in servizio dal 1 settembre 2011 (una tantum)"", ""amount_eur"": 150.0, ""amount_pct"": null}], ""weekly_hours"": null, ""probation_period_days"": {""operai"": null, ""impiegati"": null, ""quadri"": null, ""dirigenti"": null}, ""notice_period_days"": {""operai"": null, ""impiegati"": null, ""quadri"": null, ""dirigenti"": null}, ""leave_entitlements"": {""annual_leave_days"": null, ""sick_leave_terms"": null, ""parental_leave_terms"": null}}",,
extract,18798,,"ACCORDO CONSENSUALE DI DISDETTA
DAL
CONTRATTO COLLETTIVO NAZIONALE DI LAVORO PER | DIPENDENTI DEGLI STUDI PROFESSIONALI

L’anno 2019, ii giorno 27 del mese di febbraio in Roma,

Tra
La Confederazione delle imprese e dei Professionisti - SISTEMA IMPRESA — (già SISTEMA COMMERCIO £
IMPRESA) rappresentata dal Presidente Berlino Tazza;
L'Associazione italiana degli Esercenti e dei Commercianti delle attività Terziario e Turismo e dei Servizi - A.E.C.P.
- rappresentata dal Presidente Dott. Marco Ermanno Luigi Palombi
CONFIMPRESA -— Confederazione italiana della Piccola Media Impresa e dell'Artigianato — rappresentata dal
Segretario generale Diego Giovinazzo;
COI - AIOG - Cenacolo Odontostomatologico Italiano - Associazione Italiana Odontoiatria Generale -
rappresentata dal Presidente Nazionale Cannarozzo Maria Grazia;
CIFA - Confederazione Italiana Federazioni Autonome — rappresentata dal Presidente Andrea Cafà;
FEDARCOMI - Federazione Nazionale Autonoma Rappresentanti, Commercianti, Operatori del Turismo, Artigiani e
Piccole e Medie Imprese — rappresentata dal Presidente Micheleantonio Raimondo Patti;
FEDERTERZIARIO — rappresentata dal Presidente nazionale Nicola Patrizi

E

la Federazione Italiana Sindacati Industria Commercio Artigianato - FESICA CONFSAL - rappresentata dal
Segretario Generale Bruno Mariani;
La Federazione Italiana Sindacati Autonomi Lavoratori stranieri - CONFSAL FISALS — rappresentata dal Segretario
Nazionale Filippo Palmeri;
con l'assistenza della Confederazione Generale dei Sindacati Autonomi dei Lavoratori — CONFSAL - rappresentata

dal Segretario Generale Angelo Raffaele Margiotta;

PREMESSO CHE

» in data 02 gennaio 2007 le Parti Sociali hanno siglato Il Contratto Collettivo Nazionale di Lavoro per i

dipendenti degli Studi Professionali con decorrenza ex art. 3 - DECORRENZA E DURATA - dal 01 gennaio 2007;

e IT C.C.N.L sopra citato riporta sempre ex art. 3 — DECORRENZA E DURATA — la scadenza della parte normativa

al 31/12/2011 e della parte ec","{""sector"": ""studi professionali"", ""wage_increases"": [], ""weekly_hours"": null, ""probation_period_days"": {""operai"": null, ""impiegati"": null, ""quadri"": null, ""dirigenti"": null}, ""notice_period_days"": {""operai"": null, ""impiegati"": null, ""quadri"": null, ""dirigenti"": null}, ""leave_entitlements"": {""annual_leave_days"": null, ""sick_leave_terms"": null, ""parental_leave_terms"": null}}",,
extract,20977,,"ACCORDO INTERCO)

Guseppe lateta, Soa Michelina Giampaolo, Ria Viiochiè, Massimiliano
Scorzae ne Cludo Orlandini; ©

WAKTGS (Unione del Terziario, Commetto o:Selviz); Fanprossntate al
alratore Pare con aston cel della""Confaderazio;
‘dal Dirigente Generale.

Delegazione doi
Cassano, Alice. Floranzato, Er
Marco Testa, Marcallo Blasci, G
+ Maga, | Corrado Magri. Pan Vergini. Suse Baldi
Giunte, Vincenzo Lucente; Rosario Dalli Gardilio;:
» CISAL {Confederazione italiana ""Sindacati Alftonomi La
Segretario Generale “Francesco Ceval aro ‘6 dal Segretario
Gregorio;
per dare attuazione dirsita alla disciplina: dei premi di produttività a deli
prevista dal CCNL ""Servizi Ausillari alle alle Colletiività, alle Aziende a allo Persone” stipulato
dalle Parti in data 21 novembre 2017

Premesso che


i
}
i
i
|

"". Tra le principali novità contenute. | detti.Gontratti si annoverano ll premio di
produltività e ll welfare aziendale ito alla produttività,
, In:particolare i contratti nazionali dicui
mulche 1 datori (R5
di

‘Datore: ‘di lavoro metterà a dinoetione un un Weffare
valore: minimo «annuo di € 200,00 (Fure duetento); da
gi i qualiatapplicai precanto

© sostitiizione. del pi ò fici della si

natura già presenti Ini Azienda. i |
. | Lavoratori a&sunti dal 1° higlioal 31 dicembre avranno dirito al Weitire Contraftuale
regio dal suogsaaivo anno (esompie 0 assu 17 lugo 2048, Lavarone và

diritto al Welfare Contrattuale

2) Verifiche annuali

rarino nel primo semestre di ciascun ani
Welfare Contrattuale è decidere un cretino

o determinato, purchè la durata contrattuale sia superiore è
le; purché i tempo medio ordinario lavorato

lano 0 par
bre settimana lavoratori ntermiftenti con Indi sl
a telelavoratoti, 1 lavoratori dipendenti
o in corigado parente! arertle. Sono vece esclusi | frocinanti:o atagist è Gori i

aspettaliva noîi retfibuita.
0) 1 valori di Welfare Contraffuale definili riel pracadente punto &) sono cò
eventuali ritenute previdenziali o fiscalì «che fossero poste a car","{""sector"": ""servizi ausiliari integrati alle collettività, alle aziende e alle persone"", ""wage_increases"": [], ""weekly_hours"": null, ""probation_period_days"": {""operai"": null, ""impiegati"": null, ""quadri"": null, ""dirigenti"": null}, ""notice_period_days"": {""operai"": null, ""impiegati"": null, ""quadri"": null, ""dirigenti"": null}, ""leave_entitlements"": {""annual_leave_days"": null, ""sick_leave_terms"": null, ""parental_leave_terms"": null}}",,
extract,8455,,"ACCORDO DI RINNOVO CCNL
Addì, 14 novembre 2011

Tra

La FEDERFARMA nelle persone del Dott. Carlo GHIANI, in qualità di coordinatore
della Commissione Rapporti-lavoro composta dai Dott.ri Alfonso MISASI, Roberto
GRUBISSA, Giuseppe CASTELLO, Alessandro CICILLONI, Rosanna GALLI,
Giuseppe PALAGGI, Arturo MARESCA, Michele CRAPANZANO, assistiti dal
Dott. Aurelio CALCATERRA e dal Dott. Bruno FORESTI

e
La FILCAMS CGIL rappresentata da Cristian SESENA e Luciana MASTR@COLA
la FISASCAT CISL rappresentata da Rosetta RASO W/
la UILTUCS UIL rappresentata da Antonio VARGIU, IU,

stipulano il presente Accordo di Rinnovo, con i patti di seguito specificati, ad
integrazione c modifica di quelli contenuti nel CCNL 26 maggio 2009 che, per le
parti non modificate e non superate, resta in vigore.

PREVIDENZA COMPLEMENTARE

Le Parti convengono, anche in relazione a quanto convenuto con l’accordo del 30
settembre 2010, di modificare l’ultimo comma dell’art. 85, CCNL nei seguenti
termini:

“la contribuzione posta a carico del titolare di farmacia opera per i versamenti
effettuati a FON.TE”.

NORMATIVA \
Le Parti si impegnano a definire entro 30 giorni dalla data odierna la normativa /0 )
relativa alle seguenti materie: XL
- ECM (art. 39 CCNL);

«TRASFERIMENTI dei dipendenti per le società che gestiscono più farmacie nella
stessa Provincia;

-Costituzione presso l'Ente Bilaterale di un Osservatorio sui nuovi servizi in farmacia
e sui relativi fabbisogni formativi e professionali;
-Permessi sindacali;

-VIDEOSORVEGLIANZA;

- APPRENDISTATO.

da

INCREMENTI ECONOMICI
Gli incrementi economici sono previsti nelle misure e con la decorrenza
indicate nella tabella allegata (v. allegato “A” e “B” per le Farmacie Rurali

Sussidiate). 0 Da
bi Cc Da eli

\\ffde I\dati_ff$\Ufed\ulegale\CCNL\VARIE\accordo rinnovo 14 novembre 2011.doc


L’una tantum verrà pagata, secondo gli importi ed i termini indicati nella
tabella allegata (v. allegato “C”).
L’una tantum sarà erogata ai dipendenti, anche con contratt","{""sector"": ""farmacie private"", ""wage_increases"": [], ""weekly_hours"": null, ""probation_period_days"": {""operai"": null, ""impiegati"": null, ""quadri"": null, ""dirigenti"": null}, ""notice_period_days"": {""operai"": null, ""impiegati"": null, ""quadri"": null, ""dirigenti"": null}, ""leave_entitlements"": {""annual_leave_days"": null, ""sick_leave_terms"": null, ""parental_leave_terms"": null}}",,
extract,17602,,"CONTRATTO COLLETTIVO NAZIONALE DI LAVORO PER I DIPENDENTI
DA IMPRESE ARTIGIANE DEL SETTORE ALIMENTARE
E DA IMPRESE DI PANIFICAZIONE

OGGETTO: Rettifica alla nostra comunicazione del 3 ottobre 2016.

In relazione al contratto a voi comunicato via PEC in data 3 ottobre 2016 di cui al titolo della presente
alleghiamo a mo di rettifica nuovo allegato rappresentante i minimi tabellari sia del settore artigiano
alimentare che del settore panificazione.

Cordiali saluti, NIAR SA Ni ) 25 / CI 16

CONFEDERAZIONE)CQINAR
Dr. Fabiaro Rinaldi di

FEDERASSOITALIA

CONFSAL
Sig. Mario Ribcy
TTTTT€

Allegato alla presente rettifica:

* minimi tabellari settore artigiano alimentare e settore panificazione;

IDIRI OINVW ‘14
ANOIZVANORI GN
034 OltivL3493s
ALNIONIdIONI OLVOVONIS

lesjuoo - *v°rs

| 86ed

ona

| MA A427) AQV
a Ay 242},

RIDU:N 0uDIqOI ‘ig
divop:sosg
4DUI9) SUDIZOIEP

ar]rr |8% RIE ZZZIZAI
(11:74 le}<ak| (e}-(e\v/g[®) ANOIZNNA «VLINNAONI
0o‘00zL ec'ol LO‘ZLS 49719 ollA
00‘00€L ec'ol Le‘6LS 9c'ozz olA
0o‘oseL ee'oL 69°L29 80‘818 oh
00°00p1 ec'oL zo'szs 998 AI
00‘0SsÌ eco g9‘679 60°0LOL olll
o0‘0szLL ec'oL 194189 L'zozL oll
00‘0061 ec'oL <v'96S super ol
00‘0007 ec'oL £1°94S ve'cvyi RMayno
IVANA 3a vga | vznaoiuno9 |? FIVOLIVALNOO OTI3AN

REOTS
","{""sector"": ""settore alimentare artigiano e panificazione"", ""wage_increases"": [], ""weekly_hours"": null, ""probation_period_days"": {""operai"": null, ""impiegati"": null, ""quadri"": null, ""dirigenti"": null}, ""notice_period_days"": {""operai"": null, ""impiegati"": null, ""quadri"": null, ""dirigenti"": null}, ""leave_entitlements"": {""annual_leave_days"": null, ""sick_leave_terms"": null, ""parental_leave_terms"": null}}",,
extract,19266,,"ACCORDO DI RINNOVO ECONOMICO DEL CONTRATTO COLLETTIVO NAZIONALE DI
LAVORO ADDETTI ALL’INDUSTRIA METALMECCANICA PRIVATA E ALLA
INSTALLAZIONE IMPIANTI
Cod. Contratto C053
L’anno 2025 il giorno 27 del mese di Ottobre, in Roma, presso la sede di Conflavoro PMI,
sita in Via del Consolato n°6, si è raggiunto il seguente accordo economico del CCNL in
epigrafe,
TRA
CONFLAVORO PMI, Confederazione Nazionale delle Piccole e Medie Imprese
rappresentata dal Presidente Nazionale Roberto Capobianco;
E
CONF.S.A.L, Confederazione Generale dei Sindacati Autonomi del Lavoratori
rappresentata dal Segretario Generale Angelo Raffaele Margiotta;
FESICA, Federazione Sindacati Industria, Commercio e Artigianato rappresentata dal
Segretario Generale Bruno Mariani, Vice Segretario Generale Alfredo Mancini.
Premesso che
● In data 20/06/2024, la Conflavoro PMI, la Fesica e la Confsal, hanno sottoscritto il rinnovo
del CCNL Addetti all’Industria Metalmeccanica privata e alla Installazione Impianti codice
contratto “C053” con validità ed efficacia a far data dal 01/06/2024 al 31/05/2027;
● Nelle more del rinnovo contrattuale, le Parti, considerate le specificità delle imprese
operanti nel settore dell'industria metalmeccanica privata e con l’obiettivo di tutelare
l’occupazione e salvaguardare il potere d’acquisto dei lavoratori, hanno convenuto di
procedere prioritariamente al rinnovo della parte economica, ridefinendo i livelli retributivi
anche in relazione all’andamento dell’inflazione consuntivata.
*** * ***
Tutto ciò premesso e considerato,
le Parti
- convengono di procedere all’adeguamento dei minimi tabellari al fine di salvaguardare
il potere di acquisto delle retribuzioni dei lavoratori, nelle more dell’espletamento del
tavolo di confronto per la stipula del rinnovo normativo ed economico del CCNL.
- convengono che, a decorrere dal 1° ottobre 2025, vengano adeguati i minimi tabellari
in essere e concordano di applicare le tabelle salariali di seguito riportate, che
sostituiscono ogni alt","{""sector"": ""industria metalmeccanica privata e installazione impianti"", ""wage_increases"": [{""effective_date"": ""2025-10-01"", ""level_or_category"": ""Quadri"", ""amount_eur"": 2838.0, ""amount_pct"": null}, {""effective_date"": ""2025-10-01"", ""level_or_category"": ""Primo Livello"", ""amount_eur"": 2771.0, ""amount_pct"": null}, {""effective_date"": ""2025-10-01"", ""level_or_category"": ""Secondo livello"", ""amount_eur"": 2482.0, ""amount_pct"": null}, {""effective_date"": ""2025-10-01"", ""level_or_category"": ""Secondo livello Super"", ""amount_eur"": 2314.0, ""amount_pct"": null}, {""effective_date"": ""2025-10-01"", ""level_or_category"": ""Terzo livello"", ""amount_eur"": 2159.0, ""amount_pct"": null}, {""effective_date"": ""2025-10-01"", ""level_or_category"": ""Quarto livello"", ""amount_eur"": 2016.0, ""amount_pct"": null}, {""effective_date"": ""2025-10-01"", ""level_or_category"": ""Quinto livello"", ""amount_eur"": 1974.0, ""amount_pct"": null}], ""weekly_hours"": null, ""probation_period_days"": {""operai"": null, ""impiegati"": null, ""quadri"": null, ""dirigenti"": null}, ""notice_period_days"": {""operai"": null, ""impiegati"": null, ""quadri"": null, ""dirigenti"": null}, ""leave_entitlements"": {""annual_leave_days"": null, ""sick_leave_terms"": null, ""parental_leave_terms"": null}}",,
extract,19411,,"ACCORDO DI RINNOVO ECONOMICO DEL CONTRATTO COLLETTIVO NAZIONALE DI
LAVORO IGIENE AMBIENTALE AZIENDE PRIVATE E MUNICIPALIZZATE
Cod. Contratto K545
L’anno 2025 il giorno 27 del mese di Ottobre, in Roma, presso la sede di Conflavoro PMI,
sita in Via del Consolato n°6, si è raggiunto il seguente economico del CCNL in epigrafe,
TRA
CONFLAVORO PMI, Confederazione Nazionale delle Piccole e Medie Imprese
rappresentata dal Presidente Nazionale Roberto Capobianco;
E
CONF.S.A.L, Confederazione Generale dei Sindacati Autonomi del Lavoratori
rappresentata dal Segretario Generale Angelo Raffaele Margiotta;
FESICA, Federazione Sindacati Industria, Commercio e Artigianato rappresentata dal
Segretario Generale Bruno Mariani, Vice Segretario Generale Alfredo Mancini.
Premesso che
● In data 20/02/2023, la Conflavoro PMI, la Fesica e la Confsal, hanno sottoscritto il rinnovo
del CCNL Igiene ambientale aziende private e municipalizzate codice contratto K545, con
validità ed efficacia a far data dal 01/03/2023 al 28/02/2026;
● Nelle more del rinnovo contrattuale, le Parti, considerate le specificità delle imprese
operanti nel settore dell’igiene ambientale, con l’obiettivo di tutelare l’occupazione e
salvaguardare il potere d’acquisto dei lavoratori, hanno convenuto di procedere
prioritariamente al rinnovo della parte economica, ridefinendo i livelli retributivi anche in
relazione all’andamento dell’inflazione consuntivata.
*** * ***
Tutto ciò premesso e considerato,
LE PARTI
- convengono di procedere all’adeguamento dei minimi tabellari al fine di salvaguardare
il potere di acquisto delle retribuzioni dei lavoratori, nelle more dell’espletamento del
tavolo di confronto per la stipula del rinnovo normativo ed economico del CCNL.
- convengono che, a decorrere dal 1° ottobre 2025, vengano adeguati i minimi tabellari
in essere e concordano di applicare le tabelle salariali di seguito riportate, che
sostituiscono ogni altra tabella salariale precedentemente in vigore nel testo del CCNL
e ne ","{""sector"": ""igiene ambientale (aziende private e municipalizzate)"", ""wage_increases"": [{""effective_date"": ""2025-10-01"", ""level_or_category"": ""1"", ""amount_eur"": 1544.0, ""amount_pct"": null}, {""effective_date"": ""2025-10-01"", ""level_or_category"": ""2"", ""amount_eur"": 1905.0, ""amount_pct"": null}, {""effective_date"": ""2025-10-01"", ""level_or_category"": ""3"", ""amount_eur"": 2005.0, ""amount_pct"": null}, {""effective_date"": ""2025-10-01"", ""level_or_category"": ""4"", ""amount_eur"": 2135.0, ""amount_pct"": null}, {""effective_date"": ""2025-10-01"", ""level_or_category"": ""5"", ""amount_eur"": 2330.0, ""amount_pct"": null}, {""effective_date"": ""2025-10-01"", ""level_or_category"": ""6"", ""amount_eur"": 2569.0, ""amount_pct"": null}, {""effective_date"": ""2025-10-01"", ""level_or_category"": ""7"", ""amount_eur"": 2838.0, ""amount_pct"": null}, {""effective_date"": ""2025-10-01"", ""level_or_category"": ""8"", ""amount_eur"": 3149.0, ""amount_pct"": null}, {""effective_date"": ""2025-10-01"", ""level_or_category"": ""Quadro"", ""amount_eur"": 3537.0, ""amount_pct"": null}], ""weekly_hours"": null, ""probation_period_days"": {""operai"": null, ""impiegati"": null, ""quadri"": null, ""dirigenti"": null}, ""notice_period_days"": {""operai"": null, ""impiegati"": null, ""quadri"": null, ""dirigenti"": null}, ""leave_entitlements"": {""annual_leave_days"": null, ""sick_leave_terms"": null, ""parental_leave_terms"": null}}",,
extract,8994,,"Roma 15 novembre 2018

Le Parti firmatarie delle Intese per il rinnovo del CCNL Turismo
sottoscrivono le seguenti correzioni ed integrazioni ai testi siglati
il 18 luglio 2018.

Ipotesi Accordo di rinnovo contrattuale pubblici esercizi
risterazione collettiva e commerciale stabilimenti balneari e
alberghi diurni e turismo

L’articolo “Riduzione di orario” (pag. 61) è sostituito integralmente dal
seguente testo: .

Riduzione orario

1.Per tutti i lavoratori dei pubblici esercizi ristorazione collettiva e commerciale
alberghi diurni c stabilimenti balneari, assunti dopo il 1° gennaio 2018, verranno
riconosciute per i primi due anni le 32 ore di permesso relative alle festività religiose
abolite dalla legge n. 54/1977 di cui al 3° comma. Decorsi due anni dall'assunzione, ai
dipendenti delle aziende dei pubblici esercizi ristorazione collettiva e commerciale e
alberghi diurni verranno riconosciute ulteriori 36 ore e ai dipendenti degli stabilimenti
balneari verranno riconosciute ulteriori 38 ore. Decorsi quattro anni dall'assunzione ai
dipendenti delle aziende di cui al presente comma verrà riconosciuta la riduzione di
orario annuale prevista per la generalità dei dipendenti dei rispettivi comparti.

2.La norma di cui al comma precedente si applica anche ai contratti a tempo
determinato ad esclusione dei contratti a tempo determinato in aziende di stagione di cui

all'articolo 82 e dei contratti a tempo determinato di cui all'articolo 83.


3.Ai fini della maturazione del requisito di cui al comma 1 del presente articolo
per i lavoratori coinvolti nei cambi di gestione verrà considerata l'anzianità di servizio
acquisita nei settori del presente contratto. La comunicazione di cui sopra verrà
effettuata, oltre che ai lavoratori anche alle R.S$.U./R.S.A., ove esistenti.

4.I1 suddetto regime è applicabile esclusivamente alle aziende iscritte alle
Associazioni datoriali facenti parte delle Organizzazioni nazionali dei datori di lavoro
stipulanti il presente contratto.

5. I","{""sector"": ""turismo (pubblici esercizi, alberghi, stabilimenti balneari, viaggi)"", ""wage_increases"": [], ""weekly_hours"": null, ""probation_period_days"": {""operai"": null, ""impiegati"": null, ""quadri"": null, ""dirigenti"": null}, ""notice_period_days"": {""operai"": null, ""impiegati"": null, ""quadri"": null, ""dirigenti"": null}, ""leave_entitlements"": {""annual_leave_days"": null, ""sick_leave_terms"": null, ""parental_leave_terms"": null}}",,
extract,19802,,"ACCORDO DI RINNOVO ECONOMICO DEL CONTRATTO COLLETTIVO NAZIONALE DI
LAVORO MULTISERVIZI
Cod. contratto K574
L’anno 2025 il giorno 27 del mese di ottobre, in Roma, presso la sede di Conflavoro PMI,
sita in Via del Consolato n°6, si è raggiunto il seguente accordo economico del CCNL in
epigrafe,
TRA
CONFLAVORO PMI, Confederazione Nazionale delle Piccole e Medie Imprese
rappresentata dal Presidente Nazionale Roberto Capobianco;
E
CONF.S.A.L, Confederazione Generale dei Sindacati Autonomi del Lavoratori
rappresentata dal Segretario Generale Angelo Raffaele Margiotta;
FESICA, Federazione Sindacati Industria, Commercio e Artigianato rappresentata dal
Segretario Generale Bruno Mariani, Vice Segretario Generale Alfredo Mancini.
Premesso che
● In data 30/06/2022, la Conflavoro PMI, la Fesica e la Confsal, hanno sottoscritto il rinnovo
del CCNL Multiservizi, codice contratto K574, con validità ed efficacia a far data dal
01/07/2022 al 30/06/2025;
● Nelle more del rinnovo contrattuale, le Parti, considerate le specificità delle imprese
operanti nel settore multiservizi e con l’obiettivo di tutelare l’occupazione e salvaguardare
il potere d’acquisto dei lavoratori, hanno convenuto di procedere prioritariamente al rinnovo
della parte economica, ridefinendo i livelli retributivi anche in relazione all’andamento
dell’inflazione consuntivata.
*** * ***
Tutto ciò premesso e considerato,
le Parti
- convengono di procedere all’adeguamento dei minimi tabellari al fine di salvaguardare
il potere di acquisto delle retribuzioni dei lavoratori, nelle more dell’espletamento del
tavolo di confronto per la stipula del rinnovo normativo ed economico del CCNL.
- convengono che, a decorrere dal 1° ottobre 2025, vengano adeguati i minimi tabellari
in essere e concordano di applicare la tabella salariale di seguito riportata, che sostituisce
ogni altra tabella salariale precedentemente in vigore nel testo del CCNL e ne costituisce
parte integrante, variando conseguentemente i relativi testi origina","{""sector"": ""multiservizi"", ""wage_increases"": [{""effective_date"": ""2025-10-01"", ""level_or_category"": ""Quadri"", ""amount_eur"": 2196.0, ""amount_pct"": null}, {""effective_date"": ""2025-10-01"", ""level_or_category"": ""Primo Livello"", ""amount_eur"": 2054.0, ""amount_pct"": null}, {""effective_date"": ""2025-10-01"", ""level_or_category"": ""Secondo livello"", ""amount_eur"": 1843.0, ""amount_pct"": null}, {""effective_date"": ""2025-10-01"", ""level_or_category"": ""Terzo livello"", ""amount_eur"": 1582.0, ""amount_pct"": null}, {""effective_date"": ""2025-10-01"", ""level_or_category"": ""Quarto livello"", ""amount_eur"": 1490.0, ""amount_pct"": null}, {""effective_date"": ""2025-10-01"", ""level_or_category"": ""Quinto livello"", ""amount_eur"": 1413.0, ""amount_pct"": null}, {""effective_date"": ""2025-10-01"", ""level_or_category"": ""Sesto livello"", ""amount_eur"": 1344.0, ""amount_pct"": null}, {""effective_date"": ""2025-10-01"", ""level_or_category"": ""Settimo livello"", ""amount_eur"": 1275.0, ""amount_pct"": null}], ""weekly_hours"": null, ""probation_period_days"": {""operai"": null, ""impiegati"": null, ""quadri"": null, ""dirigenti"": null}, ""notice_period_days"": {""operai"": null, ""impiegati"": null, ""quadri"": null, ""dirigenti"": null}, ""leave_entitlements"": {""annual_leave_days"": null, ""sick_leave_terms"": null, ""parental_leave_terms"": null}}",,
extract,19583,,"elanoizaN
otatimoC
ANAILATI
ASSOR
ECORC
--
--
0202/50/72
led
U/35012.n
ocitamrofni
ollocotorP
-","{""sector"": ""Croce Rossa Italiana / terzo settore, volontariato"", ""wage_increases"": [], ""weekly_hours"": null, ""probation_period_days"": {""operai"": null, ""impiegati"": null, ""quadri"": null, ""dirigenti"": null}, ""notice_period_days"": {""operai"": null, ""impiegati"": null, ""quadri"": null, ""dirigenti"": null}, ""leave_entitlements"": {""annual_leave_days"": null, ""sick_leave_terms"": null, ""parental_leave_terms"": null}}",,
extract,19421,,"ACCORDO SULL’INDENNITÀ DI VACANZA CONTRATTUALE (I.V.C.)

Contratto Collettivo Nazionale di Lavoro
per i Dipendenti degli Studi Professionali e Agenzie di Assicurazione

In data 9 Dicembre 2021, presso la Sede Nazionale CISAL Terziario, ubicata in Via Cristoforo

Colombo nr. 115, in Roma, si sono riunite le seguenti Parti:

* ANPIT - Associazione Nazionale per l’Industria e il Terziario, rappresentata dal
Presidente Federico Iadicicco;

*. CIDEC- Confederazione Italiana degli Esercenti Commercianti, rappresentata dal

Presidente Paolo Esposito;

*. CONFIMPRENDITORI - Associazione Nazionale Imprenditori e Liberi

Professionisti rappresentata dal Presidente Stefano Ruvolo;

* UNICA - Unione Nazionale Italiana delle Micro & Piccole Imprese del

Commercio, Servizi e Artigianato, rappresentata dal Presidente Nazionale Stefano

Diquattro;

* CISAL Terziario - Federazione Nazionale Sindacati Autonomi Lavoratori
Commercio, Servizi, Terziario e Turismo, rappresentata dal Segretario Nazionale

Vincenzo Caratelli;

* CISAL- Confederazione Italiana Sindacati Autonomi Lavoratori, rappresentata dal

Segretario Confederale Fulvio De Gregorio;

per determinare l’Indennità di Vacanza Contrattuale destinata ai Lavoratori dipendenti ai quali
si applichi il CCNL “Studi Professionali e Agenzie di Assicurazione”, di seguito anche solo richiamato
come “CCNL”, sottoscritto il 31 Gennaio 2018 dalle Associazioni Datoriali e Organizzazioni

Sindacali in epigrafe, con validità dal 1° Febbraio 2018 al 31 Gennaio 2021.

PREMESSO CHE:

A) il CCNL “Studi Professionali e Agenzia di Assicurazione” è scaduto il 31 Gennaio 2021;

B) l'art. 27 di tale CONL prevede che dal primo giorno del quarto mese successivo alla data di
scadenza del CONL (ovvero da maggio 2021), si dovrà riconoscere ai lavoratori la seguente
Indennità di Vacanza Contrattuale:

“Fatto uguale a 100 l’Indice Nazionale IPCA, al netto dei beni energetici importati, al primo giorno
del mese successivo alla decorrenza del CGNL (Indice 1), ","{""sector"": ""studi professionali e agenzie di assicurazione"", ""wage_increases"": [], ""weekly_hours"": null, ""probation_period_days"": {""operai"": null, ""impiegati"": null, ""quadri"": null, ""dirigenti"": null}, ""notice_period_days"": {""operai"": null, ""impiegati"": null, ""quadri"": null, ""dirigenti"": null}, ""leave_entitlements"": {""annual_leave_days"": null, ""sick_leave_terms"": null, ""parental_leave_terms"": null}}",,
extract,20452,,"ll giorno 4 aprile 2025 si sono riunite le organizzazioni Sindacali firmatarie del CCNL
FIDEF 2022125 in modalità ""videoconferenza, sono presenti, la
FIDEF - Federazione IreuaNA DEGLI ENn E Scuoue or lsrnuzloxe e FonuAzloNE,
rappresentata dal suo Presidente dott. Lucantonio Paladino.
CIU-Union Quadri - Confederazione ltaliana di Unione delle Professioni
lntellettuali, rappresentata dal Presidente Nazionale dott.ssa Gabriella Ancora.
CONFAL CIU SCUOLA, rappresentata dal Segretario Nazionale prof. Raffaele Di
Lecce.
FLA - Federazione Lavoratori Autonomi ed Atipici rappresentata dal Segretario
Nazionale dott.ssa Marianna Baldini
CONFAL - Gonfederazione Nazionale Autonomo dei Lavoratori, rappresentata dal
Segretario Nazionale Confederale dott. Giuseppe Esposito.
Unitamente di seguito denominate le ""Parti""
il Si è stipulato il seguente accodo con cui si è convenuto di apportare rettifiche ed
integrazioni al C.C.N.L. già sottoscritto in data 27 ottobre 2A22, che disciplina il
trattamento economico e normativo per il personale dicorsidi istruzione e cultura degli
Enti Gestori aderenti alla FIDEF,
PREMESSO
I Che occorre adeguare la norma relativa al periodo di prova nei contratti a temine ri-
I
I spetto ai nuovi tetti previsti dal Collegato Lavoro ed ai chiarimenti del Ministero con
la Circolare 6/2025 che dettaglia le novità introdotte dalla Legge n.203 del 13 dicem-
bre 2024, i contratti a termine non possono prevedere un periodo di prova più lungo
I
, rispetto ai nuovitetti previsti dal Coilegato Lavoro.
CON IL PRESENTE ACCORDO, CHE S! SOTTOSCRIVE
viene effettuato l'allineamento contrattuale integrativo al CCNL FIDEF ""2022125"" in
vigore, già sottoscritto in data 2711012022, anche alla luce delle recenti norme ed
interpretazioni giurisprudenziali, e vengono apportate le seguenti integrazioni
all'articolo 11 a cui viene aggiunto:
AÉ. 11 - Contratto a Tempo determinato
Per i contratti a termine la durata mlnima e massima, si quantifica in un giorno di
effettiva prestazione ","{""sector"": ""istruzione e formazione (enti FIDEF)"", ""wage_increases"": [], ""weekly_hours"": null, ""probation_period_days"": {""operai"": null, ""impiegati"": null, ""quadri"": null, ""dirigenti"": null}, ""notice_period_days"": {""operai"": null, ""impiegati"": null, ""quadri"": null, ""dirigenti"": null}, ""leave_entitlements"": {""annual_leave_days"": null, ""sick_leave_terms"": null, ""parental_leave_terms"": null}}",,
extract,16381,,"CONTRATTO COLLETTIVO NAZIONALE DEL SETTORE
METALMECCANICO
DECORRENZA DAL 14/01/2015 AL 14/01/2018 PER LA PARTE NORMATIVA E AL 14/01/2017 PER LA PARTE
ECONOMICA
TRA LE PARTI:
FEDERIMPRESEITALIA – CONFEDERAZIONE SINDACALE DATORIALE DELLA PMI DEI SERVIZI E DELLE
PROFESSIONI – MILANO
A.L.P.A.I. – ASSOCIAZIONE DEI LAVORATORI E PENSIONATI AUTONOMI ITALIANI - ROMA
SALPS – SINDACATO AUTONOMO DEI LAVORATORI E PREPOSTI ALLA SICUREZZA - BENEVENTO","{""sector"": ""metalmeccanico (PMI)"", ""wage_increases"": [], ""weekly_hours"": null, ""probation_period_days"": {""operai"": null, ""impiegati"": null, ""quadri"": null, ""dirigenti"": null}, ""notice_period_days"": {""operai"": null, ""impiegati"": null, ""quadri"": null, ""dirigenti"": null}, ""leave_entitlements"": {""annual_leave_days"": null, ""sick_leave_terms"": null, ""parental_leave_terms"": null}}",,
extract,9554,,"


Contratto Collettivo Nazionale di Lavoro

PER IL PERSONALE NON DIRIGENTE 
DEL CONSIGLIO NAZIONALE DELL’ECONOMIA E DEL LAVORO (CNEL)

biennio economico 2004-2005


In data 15 giugno 2007 alle ore 11,30 ha avuto luogo l’incontro per la definizione del CCNL in oggetto tra:

- ARaN nella persona del Presidente avv. Massimo Massella Ducci Teri

e le seguenti Organizzazioni sindacali:

- CGIL/FP 
- CISL/FPS 
- UIL/PA 
- UGL/FEDEP 

e Confederazioni sindacali: 

- CGIL
- CISL
- UIL
- UGL

Al termine della riunione le Parti hanno sottoscritto l’allegato CCNL per il personale non dirigente del CNEL, biennio economico 2004-2005.



Art. 1 - Campo di applicazione, durata e decorrenza del contratto.

1)
Il presente CCNL si applica al personale del CNEL destinatario del CCNL sottoscritto il 18.7.06.

2)
Il presente contratto si riferisce al periodo dal 1° gennaio 2004 al 31 dicembre 2005 e concerne gli istituti del trattamento economico di cui ai successivi articoli.

3)
Per quanto non previsto dal presente contratto, restano in vigore le disposizioni dei precedenti CCNL.



Art. 2 - Incrementi dello stipendio tabellare.

1)
Gli stipendi tabellari di cui all’art. 35, CCNL 18.7.06, sono incrementati degli importi mensili lordi, per 13 mensilità, indicati nella allegata tabella A), con le decorrenze ivi stabilite.

2)
Gli importi annui lordi degli stipendi tabellari risultanti dalla applicazione del comma 1) sono rideterminati nelle misure e alle scadenze stabilite dall’allegata tabella B).



Art. 3 - Effetti dei nuovi stipendi.

1)
Le misure degli stipendi risultanti dall’applicazione dell’art. 2 hanno effetto sulla 13a mensilità, sul compenso per lavoro straordinario, sul trattamento ordinario di quiescenza, normale e privilegiato, sulla indennità di buonuscita e sul TFR, sull’indennità di cui agli artt. 28, comma 4) e 30, comma 7), CCNL 18.7.06, sull’equo indennizzo sulle ritenute assistenziali e previdenziali e relativi contributi.

2)
I benefici economici risultanti dall’","{""sector"": ""pubblico impiego (CNEL)"", ""wage_increases"": [], ""weekly_hours"": null, ""probation_period_days"": {""operai"": null, ""impiegati"": null, ""quadri"": null, ""dirigenti"": null}, ""notice_period_days"": {""operai"": null, ""impiegati"": null, ""quadri"": null, ""dirigenti"": null}, ""leave_entitlements"": {""annual_leave_days"": null, ""sick_leave_terms"": null, ""parental_leave_terms"": null}}",,
extract,15010,,"Il giorno 16 giugno 2010 a Milano, Anicta e UGL Chimici si sono incontrate per
esaminare la richiesta della UGL Chimici di sottoscrivere per adesione il verbale di
accordo 27 maggio 2010, a rinnovo del ccnl10 maggio 2006 - 12 luglio 2006.
In esito a tale incontro, Anicta ha manifestato la propria disponibilità ad accogliere la
richiesta della UGL Chimici.
UGL CHIMICI
~',t2f~'
~","{""sector"": ""chimica-farmaceutica (coibentazioni termiche acustiche)"", ""wage_increases"": [], ""weekly_hours"": null, ""probation_period_days"": {""operai"": null, ""impiegati"": null, ""quadri"": null, ""dirigenti"": null}, ""notice_period_days"": {""operai"": null, ""impiegati"": null, ""quadri"": null, ""dirigenti"": null}, ""leave_entitlements"": {""annual_leave_days"": null, ""sick_leave_terms"": null, ""parental_leave_terms"": null}}",,
extract,18653,,"AVVISO COMUNE del 26/3/2009

Vista la specificità settoriale per i lavoratori. della produzione
Cineteleaudiovisiva di natura strutturalmente a tempo determinato, in via del
tutto eccezionale e ai sensi dell’ art. 21 comma 3 del DL. 133/2008, le parti
concordano che :

a) Le produzioni si impegnano a valutare i rapporti di lavoro pregressi nella
selezione per la formazione delle Troupes

b) Peri lavoratori addetti alla produzione Cineteleaudiovisiva a cui si applica
il CCNL di lavoro per gli addetti alle Troupes ( tecnici e maestranze ) non
si applicano all’art.1 comma 40, le disposizioni previste nei Titoli IV bis e
IV ter della legge 24 dicembre 2007 n°247 e relative modifiche e
integrazioni susseguenti.

c) Indennità di disoccupazione :
le parti si impegnano a richiedere congiuntamente la strutturazione di un

Tavolo Tecnico presso l’INPS per affrontare le tematiche inerenti l’indennità
di disoccupazione a requisiti ridotti.

Di conseguenza sarà assunto l’impegno di adeguare la circolare del
21/3/2001, posta in essere  dall’Associazione  datoriale, precisando
compiutamente in base alle indicazione dell’Ente previdenziale in merito gli
ambiti degli aventi diritto.

SLC- 2 . ‘
FistelCISL —
IU = lr
U
UIL COM -UIL

","{""sector"": ""produzione cineteleaudiovisiva"", ""wage_increases"": [], ""weekly_hours"": null, ""probation_period_days"": {""operai"": null, ""impiegati"": null, ""quadri"": null, ""dirigenti"": null}, ""notice_period_days"": {""operai"": null, ""impiegati"": null, ""quadri"": null, ""dirigenti"": null}, ""leave_entitlements"": {""annual_leave_days"": null, ""sick_leave_terms"": null, ""parental_leave_terms"": null}}",,
extract,19082,,"ACCORDO SULL’INDENNITÀ DI VACANZA CONTRATTUALE (I.V.C.)

Contratto Collettivo Nazionale di Lavoro
per i Dipendenti degli Studi Professionali e Agenzie di Assicurazione

In data 9 Dicembre 2021, presso la Sede Nazionale CISAL Terziario, ubicata in Via Cristoforo

Colombo nr. 115, in Roma, si sono riunite le seguenti Parti:

* ANPIT - Associazione Nazionale per l’Industria e il Terziario, rappresentata dal
Presidente Federico Iadicicco;

*. CIDEC- Confederazione Italiana degli Esercenti Commercianti, rappresentata dal

Presidente Paolo Esposito;

*. CONFIMPRENDITORI - Associazione Nazionale Imprenditori e Liberi

Professionisti rappresentata dal Presidente Stefano Ruvolo;

* UNICA - Unione Nazionale Italiana delle Micro & Piccole Imprese del

Commercio, Servizi e Artigianato, rappresentata dal Presidente Nazionale Stefano

Diquattro;

* CISAL Terziario - Federazione Nazionale Sindacati Autonomi Lavoratori
Commercio, Servizi, Terziario e Turismo, rappresentata dal Segretario Nazionale

Vincenzo Caratelli;

* CISAL- Confederazione Italiana Sindacati Autonomi Lavoratori, rappresentata dal

Segretario Confederale Fulvio De Gregorio;

per determinare l’Indennità di Vacanza Contrattuale destinata ai Lavoratori dipendenti ai quali
si applichi il CCNL “Studi Professionali e Agenzie di Assicurazione”, di seguito anche solo richiamato
come “CCNL”, sottoscritto il 31 Gennaio 2018 dalle Associazioni Datoriali e Organizzazioni

Sindacali in epigrafe, con validità dal 1° Febbraio 2018 al 31 Gennaio 2021.

PREMESSO CHE:

A) il CCNL “Studi Professionali e Agenzia di Assicurazione” è scaduto il 31 Gennaio 2021;

B) l'art. 27 di tale CONL prevede che dal primo giorno del quarto mese successivo alla data di
scadenza del CONL (ovvero da maggio 2021), si dovrà riconoscere ai lavoratori la seguente
Indennità di Vacanza Contrattuale:

“Fatto uguale a 100 l’Indice Nazionale IPCA, al netto dei beni energetici importati, al primo giorno
del mese successivo alla decorrenza del CGNL (Indice 1), ","{""sector"": ""studi professionali e agenzie di assicurazione"", ""wage_increases"": [], ""weekly_hours"": null, ""probation_period_days"": {""operai"": null, ""impiegati"": null, ""quadri"": null, ""dirigenti"": null}, ""notice_period_days"": {""operai"": null, ""impiegati"": null, ""quadri"": null, ""dirigenti"": null}, ""leave_entitlements"": {""annual_leave_days"": null, ""sick_leave_terms"": null, ""parental_leave_terms"": null}}",,
extract,7643,,"Il giorno 4 af: Min Roma

l’Amministrazione delia Banca d’Italia, rappresentata dal Segretario Generale Paolo Piccialli,
assistito dal Capo del Servizio Personale Inquadramento Normativo ed Economico Augusto Aponte

e da Francesco Nicolò ed Antonella Caronna del Servizio medesimo

e

C.N.E.L.

la FALBI, rappresentata da
2.5 FEB, 2001

N°... AZHR
ARCHIVIO CONTIATTI

Leona dvigl
fitto Lucio
HARINI MAURIZIO

MANCINO ANELLO
CAPPELLETTI CINA

PROIETTI. DANILO
BOS NASSINICIANO

la FIBA-CISL, rappresentata da
ROMOLI AIANVITTORIO
NAADOHE ROBERTO
RoNAno MASSINICIATO
BRUNDV  ACEIANDRO

hanno sottoscritto il presente accordo cornice in tema di contrattualizzazione del rapporto di
impiego del personale delle carriere operativa, dei servizi generali e di sicurezza e operaia. Ù d

I


CONTRATTUALIZZAZIONE DEL RAPPORTO D'IMPIEGO
DEL PERSONALE DELLE CARRIERE OPERATIVA,
DEI SERVIZI GENERALI E DI SICUREZZA E OPERAIA
ACCORDO CORNICE

Le parti, avuta presente la disciplina degli assetti contrattuali definita tra Governo e
pasti sociali, sottoscrivono - nell’esercizio della propria autonomia negoziale e nel rispetto delle
specificità dell’Istituto - il presente accordo, volto a definire la cornice del nuovo modello
contrattuale per il personale delle carriere operativa, dei servizi generali e di sicurezza e operaia.

Le previsioni del presente accordo cornice saranno trasfuse negli accordi di
contrattualizzazione del rapporto di impiego del personale delle carriere operativa, dei servizi
generali e di sicurezza e operaia. Sono fin d’ora confermate le previsioni degli accordi di
contrattualizzazione del 27 aprile 2006 non attinenti alle innovazioni conseguenti all'applicazione
del nuovo modello contrattuale.

Il nuovo modello avrà decorrenza con effetto dal 1° gennaio 2010.

Gli accordi recanti la disciplina degli istituti normativi ed economici concementi il
rapporto d’impiego del personale delle carriere operativa, dei servizi generali c di sicurezza e
operaia avranno durata triennale.","{""sector"": ""bancario / Banca d'Italia"", ""wage_increases"": [], ""weekly_hours"": null, ""probation_period_days"": {""operai"": null, ""impiegati"": null, ""quadri"": null, ""dirigenti"": null}, ""notice_period_days"": {""operai"": null, ""impiegati"": null, ""quadri"": null, ""dirigenti"": null}, ""leave_entitlements"": {""annual_leave_days"": null, ""sick_leave_terms"": null, ""parental_leave_terms"": null}}",,
extract,18872,,"ACCORDO DI RINNOVO ECONOMICO DEL CONTRATTO COLLETTIVO NAZIONALE DI
LAVORO MULTISERVIZI
Cod. contratto K574
L’anno 2025 il giorno 27 del mese di ottobre, in Roma, presso la sede di Conflavoro PMI,
sita in Via del Consolato n°6, si è raggiunto il seguente accordo economico del CCNL in
epigrafe,
TRA
CONFLAVORO PMI, Confederazione Nazionale delle Piccole e Medie Imprese
rappresentata dal Presidente Nazionale Roberto Capobianco;
E
CONF.S.A.L, Confederazione Generale dei Sindacati Autonomi del Lavoratori
rappresentata dal Segretario Generale Angelo Raffaele Margiotta;
FESICA, Federazione Sindacati Industria, Commercio e Artigianato rappresentata dal
Segretario Generale Bruno Mariani, Vice Segretario Generale Alfredo Mancini.
Premesso che
● In data 30/06/2022, la Conflavoro PMI, la Fesica e la Confsal, hanno sottoscritto il rinnovo
del CCNL Multiservizi, codice contratto K574, con validità ed efficacia a far data dal
01/07/2022 al 30/06/2025;
● Nelle more del rinnovo contrattuale, le Parti, considerate le specificità delle imprese
operanti nel settore multiservizi e con l’obiettivo di tutelare l’occupazione e salvaguardare
il potere d’acquisto dei lavoratori, hanno convenuto di procedere prioritariamente al rinnovo
della parte economica, ridefinendo i livelli retributivi anche in relazione all’andamento
dell’inflazione consuntivata.
*** * ***
Tutto ciò premesso e considerato,
le Parti
- convengono di procedere all’adeguamento dei minimi tabellari al fine di salvaguardare
il potere di acquisto delle retribuzioni dei lavoratori, nelle more dell’espletamento del
tavolo di confronto per la stipula del rinnovo normativo ed economico del CCNL.
- convengono che, a decorrere dal 1° ottobre 2025, vengano adeguati i minimi tabellari
in essere e concordano di applicare la tabella salariale di seguito riportata, che sostituisce
ogni altra tabella salariale precedentemente in vigore nel testo del CCNL e ne costituisce
parte integrante, variando conseguentemente i relativi testi origina","{""sector"": ""multiservizi"", ""wage_increases"": [{""effective_date"": ""2025-10-01"", ""level_or_category"": ""Quadri"", ""amount_eur"": 2196.0, ""amount_pct"": null}, {""effective_date"": ""2025-10-01"", ""level_or_category"": ""Primo Livello"", ""amount_eur"": 2054.0, ""amount_pct"": null}, {""effective_date"": ""2025-10-01"", ""level_or_category"": ""Secondo livello"", ""amount_eur"": 1843.0, ""amount_pct"": null}, {""effective_date"": ""2025-10-01"", ""level_or_category"": ""Terzo livello"", ""amount_eur"": 1582.0, ""amount_pct"": null}, {""effective_date"": ""2025-10-01"", ""level_or_category"": ""Quarto livello"", ""amount_eur"": 1490.0, ""amount_pct"": null}, {""effective_date"": ""2025-10-01"", ""level_or_category"": ""Quinto livello"", ""amount_eur"": 1413.0, ""amount_pct"": null}, {""effective_date"": ""2025-10-01"", ""level_or_category"": ""Sesto livello"", ""amount_eur"": 1344.0, ""amount_pct"": null}, {""effective_date"": ""2025-10-01"", ""level_or_category"": ""Settimo livello"", ""amount_eur"": 1275.0, ""amount_pct"": null}], ""weekly_hours"": null, ""probation_period_days"": {""operai"": null, ""impiegati"": null, ""quadri"": null, ""dirigenti"": null}, ""notice_period_days"": {""operai"": null, ""impiegati"": null, ""quadri"": null, ""dirigenti"": null}, ""leave_entitlements"": {""annual_leave_days"": null, ""sick_leave_terms"": null, ""parental_leave_terms"": null}}",,
extract,9944,,"Accordo di Rinnovo della Parte Economica
del Contratto Collettivo Nazionale di Lavoro
per i soci e dipendenti delle Cooperative del Settore
EDILE ED AFFINI
stipulato il 06/12/2006
L’anno duemilanove il giorno 09 del mese di luglio in Roma
TRA
U.N.C.I. – Unione Nazionale Cooperativa Italiane rappresentata dal Presidente Nazionale Luciano
D’Ulizia assistito dal Consigliere di Presidenza Settimio Marchione
E
FESICA/CONFSAL rappresentata dal Segretario Generale Bruno Mariani
FESICA / CONFSAL COMPARTO EDILE rappresentato dal Segretario Nazionale Nicola Nardi
CONFSAL/FISALS rappresentata dal Segretario Nazionale Aggiunto Claudio Trovato
e assistita dalla CONFSAL rappresentata dal Segretario Generale Prof. Marco Paolo Nigi
Concordano, stipulano e sottoscrivono
gli aumenti salariali retributivi per i soci coimprenditori e per i lavoratori dipendenti della retribuzione nazionale a
dicembre 2008, di seguito elencati in tabella, con differenziazione delle retribuzioni dei lavoratori dipendenti non
rientrando nel ristorno degli utili ex legge n.142/2001:
A) per il socio coimprenditore – La normale retribuzione del socio coimprenditore ha natura di partecipazione
agli utili dell’impresa di cui si è coassunto il rischio e non di un vero e proprio salario tradizionalmente inteso.
Essa è costituita dalle seguenti voci:
1. paga base conglobata;
Livello Retribuzione da dicembre 2008
per i soci coimprenditori
I 2.008,50
II 1.834,43
III 1.668,60
IV 1.475,99
V 1.404,92
VI 1.347,24
VII 1.251,45
VIII 1.159,78
2. aumenti periodici di anzianità - L'anzianità di servizio decorre dal giorno dell'assunzione mente quella per il riconoscimento
degli scatti di anzianità dal mese successivo a quello del compimento del biennio. Al socio coimprenditore dovranno essere corrisposti
un totale di 8 (otto) scatti biennali di anzianità pari all’1.50 della paga base conglobata rivalutata in occasione del nuovo biennio
maturato.
3. gratifica natalizia - In occasione delle feste natalizie il datore di lavoro","{""sector"": ""edile (cooperative del settore edile)"", ""wage_increases"": [{""effective_date"": ""2008-12"", ""level_or_category"": ""I"", ""amount_eur"": 2145.0, ""amount_pct"": null}, {""effective_date"": ""2008-12"", ""level_or_category"": ""II"", ""amount_eur"": 1959.1, ""amount_pct"": null}, {""effective_date"": ""2008-12"", ""level_or_category"": ""III"", ""amount_eur"": 1782.0, ""amount_pct"": null}, {""effective_date"": ""2008-12"", ""level_or_category"": ""IV"", ""amount_eur"": 1576.0, ""amount_pct"": null}, {""effective_date"": ""2008-12"", ""level_or_category"": ""V"", ""amount_eur"": 1500.4, ""amount_pct"": null}, {""effective_date"": ""2008-12"", ""level_or_category"": ""VI"", ""amount_eur"": 1438.8, ""amount_pct"": null}, {""effective_date"": ""2008-12"", ""level_or_category"": ""VII"", ""amount_eur"": 1336.5, ""amount_pct"": null}, {""effective_date"": ""2008-12"", ""level_or_category"": ""VIII"", ""amount_eur"": 1238.6, ""amount_pct"": null}], ""weekly_hours"": null, ""probation_period_days"": {""operai"": null, ""impiegati"": null, ""quadri"": null, ""dirigenti"": null}, ""notice_period_days"": {""operai"": null, ""impiegati"": null, ""quadri"": null, ""dirigenti"": null}, ""leave_entitlements"": {""annual_leave_days"": null, ""sick_leave_terms"": null, ""parental_leave_terms"": null}}",,
extract,20271,,"Roma 15 novembre 2018

Le Parti firmatarie delle Intese per il rinnovo del CCNL Turismo
sottoscrivono le seguenti correzioni ed integrazioni ai testi siglati
il 18 luglio 2018.

Ipotesi Accordo di rinnovo contrattuale pubblici esercizi
risterazione collettiva e commerciale stabilimenti balneari e
alberghi diurni e turismo

L’articolo “Riduzione di orario” (pag. 61) è sostituito integralmente dal
seguente testo: .

Riduzione orario

1.Per tutti i lavoratori dei pubblici esercizi ristorazione collettiva e commerciale
alberghi diurni c stabilimenti balneari, assunti dopo il 1° gennaio 2018, verranno
riconosciute per i primi due anni le 32 ore di permesso relative alle festività religiose
abolite dalla legge n. 54/1977 di cui al 3° comma. Decorsi due anni dall'assunzione, ai
dipendenti delle aziende dei pubblici esercizi ristorazione collettiva e commerciale e
alberghi diurni verranno riconosciute ulteriori 36 ore e ai dipendenti degli stabilimenti
balneari verranno riconosciute ulteriori 38 ore. Decorsi quattro anni dall'assunzione ai
dipendenti delle aziende di cui al presente comma verrà riconosciuta la riduzione di
orario annuale prevista per la generalità dei dipendenti dei rispettivi comparti.

2.La norma di cui al comma precedente si applica anche ai contratti a tempo
determinato ad esclusione dei contratti a tempo determinato in aziende di stagione di cui

all'articolo 82 e dei contratti a tempo determinato di cui all'articolo 83.


3.Ai fini della maturazione del requisito di cui al comma 1 del presente articolo
per i lavoratori coinvolti nei cambi di gestione verrà considerata l'anzianità di servizio
acquisita nei settori del presente contratto. La comunicazione di cui sopra verrà
effettuata, oltre che ai lavoratori anche alle R.S$.U./R.S.A., ove esistenti.

4.I1 suddetto regime è applicabile esclusivamente alle aziende iscritte alle
Associazioni datoriali facenti parte delle Organizzazioni nazionali dei datori di lavoro
stipulanti il presente contratto.

5. I","{""sector"": ""turismo (pubblici esercizi, alberghi, stabilimenti balneari, viaggi)"", ""wage_increases"": [], ""weekly_hours"": null, ""probation_period_days"": {""operai"": null, ""impiegati"": null, ""quadri"": null, ""dirigenti"": null}, ""notice_period_days"": {""operai"": null, ""impiegati"": null, ""quadri"": null, ""dirigenti"": null}, ""leave_entitlements"": {""annual_leave_days"": null, ""sick_leave_terms"": null, ""parental_leave_terms"": null}}",,
extract,18802,,"CONTRATTO COLLETTIVO NAZIONALE DEL SETTORE
METALMECCANICO
DECORRENZA DAL 14/01/2015 AL 14/01/2018 PER LA PARTE NORMATIVA E AL 14/01/2017 PER LA PARTE
ECONOMICA
TRA LE PARTI:
FEDERIMPRESEITALIA – CONFEDERAZIONE SINDACALE DATORIALE DELLA PMI DEI SERVIZI E DELLE
PROFESSIONI – MILANO
A.L.P.A.I. – ASSOCIAZIONE DEI LAVORATORI E PENSIONATI AUTONOMI ITALIANI - ROMA
SALPS – SINDACATO AUTONOMO DEI LAVORATORI E PREPOSTI ALLA SICUREZZA - BENEVENTO","{""sector"": ""metalmeccanico (PMI)"", ""wage_increases"": [], ""weekly_hours"": null, ""probation_period_days"": {""operai"": null, ""impiegati"": null, ""quadri"": null, ""dirigenti"": null}, ""notice_period_days"": {""operai"": null, ""impiegati"": null, ""quadri"": null, ""dirigenti"": null}, ""leave_entitlements"": {""annual_leave_days"": null, ""sick_leave_terms"": null, ""parental_leave_terms"": null}}",,
extract,20261,,"Accordo di rinnovo del CCNL Terziario, Distribuzione e Servizi

Il giorno 31 Ottobre 2017, tra CONFCOMMERCIO - Imprese per l’Italia e UGL
Terziario è stato sottoscritto il presente Accordo di rinnovo del CCNL per i
dipendenti da aziende del Terziario, Distribuzione e Servizi.

Le Parti, in virtù delle relazioni sindacali esistenti, che hanno portato alla
sottoscrizione dei precedenti contratti collettivi ed accordi, a seguito del
confronto negoziale intervenuto, concordano di condividere le previsioni
dell'Accordo di rinnovo del 30 marzo 2015 (allegato) siglato da Confcommercio
e Filcams CGIL, Fisascat CISL, Uiltucs UIL, e con il presente atto ne
formalizzano la comune sottoscrizione, accettandone integralmente i contenuti.

In particolare, le Parti riconoscono, per la vigenza contrattuale, la piena
operatività degli esistenti Fondi nazionali (EST, QUAS, FONTE, QUADRIFOR) ed
Enti bilaterali, nazionale (EBINTER) e territoriali, per tutti i dipendenti cui verrà
applicato il CCNL TDS e per i quali risulti versato il relativo contributo.

Le parti concordano che gli aumenti salariali sono così definiti:

AUMENTI Decorrenza | Decorrenza | Decorrenza | Decorrenza | Decorrenza | Totale
|_RIPARAMETRATI ll
1_4_2015 1_11_2015 1_6_2016 1_8_2017 | 1_03_2018
QUADRI 26,04 26,04 26,04 41,67 27,78 Il 147,57
I 23,46 23,46 23,46 37,53 25,02 132,93
u 20,29 20,29 20,29 32,47 21,64 114,99
mW 17,34 17,34 17,34 27,75 18,50 98,28
Vv 5 | 15 15 24 16 85
Vv 13,55 13,55 13,55 21,68 14,46 76,80
VI 12,17 12,17 12,17 19,47 12,98 68,94
VII 10,42 10,42 10,42 16,67 11,11 59,03
operatori dî
vendita
| categoria 14,16 14,16 14,16 22,66 15,10 80,24
LL"" categoria 11,89 11,89 11,89 | 19,02 12,68 67,36

In considerazione ed alla luce delle modifiche legislative intervenute le Parti

convengono, inoltre, di disciplinare la materia dell’apprendistato di primo e
terzo livello di cui al D.Lgs. 81/2015 come segue:

Per i soli apprendisti assunti ai sensi dell'art. 41, comma 2, lett. a), d.igs. n.
81/2015, fermo","{""sector"": ""terziario, distribuzione e servizi (commercio)"", ""wage_increases"": [{""effective_date"": ""2015-04-01"", ""level_or_category"": ""QUADRI"", ""amount_eur"": 26.04, ""amount_pct"": null}, {""effective_date"": ""2015-11-01"", ""level_or_category"": ""QUADRI"", ""amount_eur"": 26.04, ""amount_pct"": null}, {""effective_date"": ""2016-06-01"", ""level_or_category"": ""QUADRI"", ""amount_eur"": 26.04, ""amount_pct"": null}, {""effective_date"": ""2017-08-01"", ""level_or_category"": ""QUADRI"", ""amount_eur"": 41.67, ""amount_pct"": null}, {""effective_date"": ""2018-03-01"", ""level_or_category"": ""QUADRI"", ""amount_eur"": 27.78, ""amount_pct"": null}, {""effective_date"": ""2015-04-01"", ""level_or_category"": ""I"", ""amount_eur"": 23.46, ""amount_pct"": null}, {""effective_date"": ""2015-11-01"", ""level_or_category"": ""I"", ""amount_eur"": 23.46, ""amount_pct"": null}, {""effective_date"": ""2016-06-01"", ""level_or_category"": ""I"", ""amount_eur"": 23.46, ""amount_pct"": null}, {""effective_date"": ""2017-08-01"", ""level_or_category"": ""I"", ""amount_eur"": 37.53, ""amount_pct"": null}, {""effective_date"": ""2018-03-01"", ""level_or_category"": ""I"", ""amount_eur"": 25.02, ""amount_pct"": null}, {""effective_date"": ""2015-04-01"", ""level_or_category"": ""II"", ""amount_eur"": 20.29, ""amount_pct"": null}, {""effective_date"": ""2015-11-01"", ""level_or_category"": ""II"", ""amount_eur"": 20.29, ""amount_pct"": null}, {""effective_date"": ""2016-06-01"", ""level_or_category"": ""II"", ""amount_eur"": 20.29, ""amount_pct"": null}, {""effective_date"": ""2017-08-01"", ""level_or_category"": ""II"", ""amount_eur"": 32.47, ""amount_pct"": null}, {""effective_date"": ""2018-03-01"", ""level_or_category"": ""II"", ""amount_eur"": 21.64, ""amount_pct"": null}, {""effective_date"": ""2015-04-01"", ""level_or_category"": ""III"", ""amount_eur"": 17.34, ""amount_pct"": null}, {""effective_date"": ""2015-11-01"", ""level_or_category"": ""III"", ""amount_eur"": 17.34, ""amount_pct"": null}, {""effective_date"": ""2016-06-01"", ""level_or_category"": ""III"", ""amount_eur"": 17.34, ""amount_pct"": null}, {""effective_date"": ""2017-08-01"", ""level_or_category"": ""III"", ""amount_eur"": 27.75, ""amount_pct"": null}, {""effective_date"": ""2018-03-01"", ""level_or_category"": ""III"", ""amount_eur"": 18.5, ""amount_pct"": null}, {""effective_date"": ""2015-04-01"", ""level_or_category"": ""V"", ""amount_eur"": 13.55, ""amount_pct"": null}, {""effective_date"": ""2015-11-01"", ""level_or_category"": ""V"", ""amount_eur"": 13.55, ""amount_pct"": null}, {""effective_date"": ""2016-06-01"", ""level_or_category"": ""V"", ""amount_eur"": 13.55, ""amount_pct"": null}, {""effective_date"": ""2017-08-01"", ""level_or_category"": ""V"", ""amount_eur"": 21.68, ""amount_pct"": null}, {""effective_date"": ""2018-03-01"", ""level_or_category"": ""V"", ""amount_eur"": 14.46, ""amount_pct"": null}, {""effective_date"": ""2015-04-01"", ""level_or_category"": ""VI"", ""amount_eur"": 12.17, ""amount_pct"": null}, {""effective_date"": ""2015-11-01"", ""level_or_category"": ""VI"", ""amount_eur"": 12.17, ""amount_pct"": null}, {""effective_date"": ""2016-06-01"", ""level_or_category"": ""VI"", ""amount_eur"": 12.17, ""amount_pct"": null}, {""effective_date"": ""2017-08-01"", ""level_or_category"": ""VI"", ""amount_eur"": 19.47, ""amount_pct"": null}, {""effective_date"": ""2018-03-01"", ""level_or_category"": ""VI"", ""amount_eur"": 12.98, ""amount_pct"": null}, {""effective_date"": ""2015-04-01"", ""level_or_category"": ""VII"", ""amount_eur"": 10.42, ""amount_pct"": null}, {""effective_date"": ""2015-11-01"", ""level_or_category"": ""VII"", ""amount_eur"": 10.42, ""amount_pct"": null}, {""effective_date"": ""2016-06-01"", ""level_or_category"": ""VII"", ""amount_eur"": 10.42, ""amount_pct"": null}, {""effective_date"": ""2017-08-01"", ""level_or_category"": ""VII"", ""amount_eur"": 16.67, ""amount_pct"": null}, {""effective_date"": ""2018-03-01"", ""level_or_category"": ""VII"", ""amount_eur"": 11.11, ""amount_pct"": null}, {""effective_date"": ""2015-04-01"", ""level_or_category"": ""operatori di vendita I categoria"", ""amount_eur"": 14.16, ""amount_pct"": null}, {""effective_date"": ""2015-11-01"", ""level_or_category"": ""operatori di vendita I categoria"", ""amount_eur"": 14.16, ""amount_pct"": null}, {""effective_date"": ""2016-06-01"", ""level_or_category"": ""operatori di vendita I categoria"", ""amount_eur"": 14.16, ""amount_pct"": null}, {""effective_date"": ""2017-08-01"", ""level_or_category"": ""operatori di vendita I categoria"", ""amount_eur"": 22.66, ""amount_pct"": null}, {""effective_date"": ""2018-03-01"", ""level_or_category"": ""operatori di vendita I categoria"", ""amount_eur"": 15.1, ""amount_pct"": null}, {""effective_date"": ""2015-04-01"", ""level_or_category"": ""operatori di vendita II categoria"", ""amount_eur"": 11.89, ""amount_pct"": null}, {""effective_date"": ""2015-11-01"", ""level_or_category"": ""operatori di vendita II categoria"", ""amount_eur"": 11.89, ""amount_pct"": null}, {""effective_date"": ""2016-06-01"", ""level_or_category"": ""operatori di vendita II categoria"", ""amount_eur"": 11.89, ""amount_pct"": null}, {""effective_date"": ""2017-08-01"", ""level_or_category"": ""operatori di vendita II categoria"", ""amount_eur"": 19.02, ""amount_pct"": null}, {""effective_date"": ""2018-03-01"", ""level_or_category"": ""operatori di vendita II categoria"", ""amount_eur"": 12.68, ""amount_pct"": null}], ""weekly_hours"": null, ""probation_period_days"": {""operai"": null, ""impiegati"": null, ""quadri"": null, ""dirigenti"": null}, ""notice_period_days"": {""operai"": null, ""impiegati"": null, ""quadri"": null, ""dirigenti"": null}, ""leave_entitlements"": {""annual_leave_days"": null, ""sick_leave_terms"": null, ""parental_leave_terms"": null}}",,
extract,17278,,"Roma 28 settembre 2008 ai

Tp a a Ì
FEAC - Federazione Aziende Cine — Audiovisive Cl hi + i

Aderente alla Confesei ti a
rente Teen n è /- PFA —
SLE CGIL luo

, { pe

FISTEL CISL __ fee bebe 2a

UTLCOM UIL (2; econo

Premesso che:

L

FEAC associa imprese appartenenti al settore dell’industria cineaudiovisiva con un numero
rilevante di lavoratori in tendenziale aumento;

la FEAC intende sviluppare un sistema di relazioni industriali con le OO.SS dei lavoratori
maggiormente rappresentative del settore;

le 00.SS dei lavoratori, considerata l’importanza del coordinamento dell’azione sindacale e
dell’armonizzazione del trattamento economico normativo a favore dei lavoratori del
settore, auspicano un quadro di relazioni industriali in cui la contrattazione collettiva
costituisce lo strumento principale di regolamentazione dei rapporti di lavoro.

Le parti convengono quanto segue:

1. le premesse sono parte integrante del previsto accordo;

il trattamento economico normativo previsto dal CCNL del 7 Marzo 2005, integrato dagli
accordi del 20 Dicembre 2006, dall’accordo del 25 Luglio 2006 e dall’accordo del 2 Luglio
2009 si applica ai lavoratori dipendenti della aziende aderenti alla FEAC. Le parti nel
recepire altresì l'accordo sulla previdenza complementare del 28 giugno 2005 si impegnano
ad intraprendere tutte le iniziative necessarie per l’adesione della presente intesa contrattuale
‘a Byblos Fondo Pensione;

con riferimento alle clausole obbligatorie le parti stabiliscono di costituire una Commissione
bilaterale di 6 elementi (3 in rappresentanza delle OO.SS di lavoratori e 3 della FEAC) che
verificherà l’applicabilità della stessa a FEAC entro il 31/10/2009;

le 00.SS dei lavoratori si impegnano a trasmettere alla FEAC le future piattaforme per il
rinnovo del CCNL;

le parti stabiliscono di indicare una Commissione bilaterale con il compito di predisporre

una stesura specifica del testo contrattuale entro il 30/11/2009.

Letto confermato e sottoscritto

","{""sector"": ""industria cineaudiovisiva"", ""wage_increases"": [], ""weekly_hours"": null, ""probation_period_days"": {""operai"": null, ""impiegati"": null, ""quadri"": null, ""dirigenti"": null}, ""notice_period_days"": {""operai"": null, ""impiegati"": null, ""quadri"": null, ""dirigenti"": null}, ""leave_entitlements"": {""annual_leave_days"": null, ""sick_leave_terms"": null, ""parental_leave_terms"": null}}",,
extract,20115,,"Il giorno 16 giugno 2010 a Milano, Anicta e UGL Chimici si sono incontrate per
esaminare la richiesta della UGL Chimici di sottoscrivere per adesione il verbale di
accordo 27 maggio 2010, a rinnovo del ccnl10 maggio 2006 - 12 luglio 2006.
In esito a tale incontro, Anicta ha manifestato la propria disponibilità ad accogliere la
richiesta della UGL Chimici.
UGL CHIMICI
~',t2f~'
~","{""sector"": ""chimica-farmaceutica (coibentazioni termiche acustiche)"", ""wage_increases"": [], ""weekly_hours"": null, ""probation_period_days"": {""operai"": null, ""impiegati"": null, ""quadri"": null, ""dirigenti"": null}, ""notice_period_days"": {""operai"": null, ""impiegati"": null, ""quadri"": null, ""dirigenti"": null}, ""leave_entitlements"": {""annual_leave_days"": null, ""sick_leave_terms"": null, ""parental_leave_terms"": null}}",,
extract,8520,,"

ACCORDO PER IL RINNOVO

Contratto Collettivo Nazionale di Lavoro
2006/2009 FENASCOP

biennio economico 2006/2007


A seguito dell’esito positivo della consultazione dei rispettivi Organismi e dei lavoratori, circa l’ipotesi di intesa di rinnovo del CCNL, siglata dalle Parti il 7.7.08, il giorno 23 luglio 2008 si sono incontrati in Roma il Presidente FENASCOP, dr. Giampiero Di Leo e il Segretario generale UIL-FPL, dr. Carlo Fiordaliso, per la stipula del CCNL 2006/2009, I biennio economico 2006/2007. 

Le Parti convengono che il trattamento economico fondamentale, a partire dal 31.12.07, per i lavoratori operanti in strutture che applicano il CCNL FENASCOP, è quello indicato nella tabella relativa ai nuovi trattamenti economici tabellari, allegato 1); convengono sugli importi degli arretrati maturati rispettivamente al 31.12.07 e al 31.7.08, allegato 2); concordano inoltre sulle decorrenze degli importi e sulle date di erogazione delle competenze arretrate. 

Il nuovo salario tabellare sarà adeguato con la mensilità di luglio 2008; gli arretrati maturati al 31.7.08, somma totale degli arretrati di tabella allegato 2), saranno erogati, in proporzione alla presenza in servizio, al personale presente al 31.12.07, a partire dalla mensilità di agosto 2008, in non più di 4 tranche di uguale importo, entro e non oltre marzo 2009. 

Gli arretrati indicati in tabella sono al netto degli acconti erogati a partire da luglio 2007. 

Le Parti si riservano di affrontare eventuali modifiche della parte normativa del CCNL durante la trattativa per il rinnovo del 2° biennio economico 2008/2009. 

Roma, 23 luglio 2008


FENASCOP
dr. Giampiero Di Leo

UIL-FPL Nazionale
dr. Carlo Fiordaliso


TABELLE

Tabella allegato 1)

NUOVI TRATTAMENTI TABELLARI (dal 31.12.07)

pos.	param.	tab. mens.

A1	100	1.087,52
A2	103	1.120,15
A3	106	1.152,77
A4	111	1.207,15
A5	116	1.261,52
A6	121	1.315,90

B1	106	1.152,77
B2	111	1.207,15
B3	116	1.261,52
B4	121	1.315,90
B5	126	1.370,28
B6	133	1.446,40

C1	11","{""sector"": ""servizi assistenziali (FENASCOP)"", ""wage_increases"": [{""effective_date"": ""2007-12-31"", ""level_or_category"": ""A1"", ""amount_eur"": 1087.52, ""amount_pct"": null}, {""effective_date"": ""2007-12-31"", ""level_or_category"": ""A2"", ""amount_eur"": 1120.15, ""amount_pct"": null}, {""effective_date"": ""2007-12-31"", ""level_or_category"": ""A3"", ""amount_eur"": 1152.77, ""amount_pct"": null}, {""effective_date"": ""2007-12-31"", ""level_or_category"": ""A4"", ""amount_eur"": 1207.15, ""amount_pct"": null}, {""effective_date"": ""2007-12-31"", ""level_or_category"": ""A5"", ""amount_eur"": 1261.52, ""amount_pct"": null}, {""effective_date"": ""2007-12-31"", ""level_or_category"": ""A6"", ""amount_eur"": 1315.9, ""amount_pct"": null}, {""effective_date"": ""2007-12-31"", ""level_or_category"": ""B1"", ""amount_eur"": 1152.77, ""amount_pct"": null}, {""effective_date"": ""2007-12-31"", ""level_or_category"": ""B2"", ""amount_eur"": 1207.15, ""amount_pct"": null}, {""effective_date"": ""2007-12-31"", ""level_or_category"": ""B3"", ""amount_eur"": 1261.52, ""amount_pct"": null}, {""effective_date"": ""2007-12-31"", ""level_or_category"": ""B4"", ""amount_eur"": 1315.9, ""amount_pct"": null}, {""effective_date"": ""2007-12-31"", ""level_or_category"": ""B5"", ""amount_eur"": 1370.28, ""amount_pct"": null}, {""effective_date"": ""2007-12-31"", ""level_or_category"": ""B6"", ""amount_eur"": 1446.4, ""amount_pct"": null}, {""effective_date"": ""2007-12-31"", ""level_or_category"": ""C1"", ""amount_eur"": 1261.52, ""amount_pct"": null}, {""effective_date"": ""2007-12-31"", ""level_or_category"": ""C2"", ""amount_eur"": 1315.9, ""amount_pct"": null}, {""effective_date"": ""2007-12-31"", ""level_or_category"": ""C3"", ""amount_eur"": 1370.28, ""amount_pct"": null}, {""effective_date"": ""2007-12-31"", ""level_or_category"": ""C4"", ""amount_eur"": 1446.4, ""amount_pct"": null}, {""effective_date"": ""2007-12-31"", ""level_or_category"": ""C5"", ""amount_eur"": 1533.4, ""amount_pct"": null}, {""effective_date"": ""2007-12-31"", ""level_or_category"": ""C6"", ""amount_eur"": 1631.28, ""amount_pct"": null}, {""effective_date"": ""2007-12-31"", ""level_or_category"": ""D1"", ""amount_eur"": 1446.4, ""amount_pct"": null}, {""effective_date"": ""2007-12-31"", ""level_or_category"": ""D2"", ""amount_eur"": 1533.4, ""amount_pct"": null}, {""effective_date"": ""2007-12-31"", ""level_or_category"": ""D3"", ""amount_eur"": 1631.28, ""amount_pct"": null}, {""effective_date"": ""2007-12-31"", ""level_or_category"": ""D4"", ""amount_eur"": 1729.16, ""amount_pct"": null}, {""effective_date"": ""2007-12-31"", ""level_or_category"": ""D5"", ""amount_eur"": 1827.03, ""amount_pct"": null}, {""effective_date"": ""2007-12-31"", ""level_or_category"": ""D6"", ""amount_eur"": 1979.29, ""amount_pct"": null}, {""effective_date"": ""2007-12-31"", ""level_or_category"": ""E1"", ""amount_eur"": 1533.4, ""amount_pct"": null}, {""effective_date"": ""2007-12-31"", ""level_or_category"": ""E2"", ""amount_eur"": 1631.28, ""amount_pct"": null}, {""effective_date"": ""2007-12-31"", ""level_or_category"": ""E3"", ""amount_eur"": 1837.91, ""amount_pct"": null}, {""effective_date"": ""2007-12-31"", ""level_or_category"": ""E4"", ""amount_eur"": 1827.03, ""amount_pct"": null}, {""effective_date"": ""2007-12-31"", ""level_or_category"": ""E5"", ""amount_eur"": 1979.29, ""amount_pct"": null}, {""effective_date"": ""2007-12-31"", ""level_or_category"": ""E6"", ""amount_eur"": 2098.91, ""amount_pct"": null}, {""effective_date"": ""2007-12-31"", ""level_or_category"": ""F1"", ""amount_eur"": 1729.16, ""amount_pct"": null}, {""effective_date"": ""2007-12-31"", ""level_or_category"": ""F2"", ""amount_eur"": 1827.03, ""amount_pct"": null}, {""effective_date"": ""2007-12-31"", ""level_or_category"": ""F3"", ""amount_eur"": 1979.29, ""amount_pct"": null}, {""effective_date"": ""2007-12-31"", ""level_or_category"": ""F4"", ""amount_eur"": 2272.92, ""amount_pct"": null}, {""effective_date"": ""2007-12-31"", ""level_or_category"": ""F5"", ""amount_eur"": 2523.05, ""amount_pct"": null}, {""effective_date"": ""2007-12-31"", ""level_or_category"": ""F6"", ""amount_eur"": 3045.06, ""amount_pct"": null}], ""weekly_hours"": null, ""probation_period_days"": {""operai"": null, ""impiegati"": null, ""quadri"": null, ""dirigenti"": null}, ""notice_period_days"": {""operai"": null, ""impiegati"": null, ""quadri"": null, ""dirigenti"": null}, ""leave_entitlements"": {""annual_leave_days"": null, ""sick_leave_terms"": null, ""parental_leave_terms"": null}}",,
extract,20129,,"ACCORDO CONSENSUALE DI DISDETTA
DAL
CONTRATTO COLLETTIVO NAZIONALE DI LAVORO
PERI DIPENDENTI DA AZIENDE ARTIGIANE DI PARRUCCHIERI, BARBIERI ED ESTETISTI

L'anno 2019, il giorno 4 del mese di aprile in Roma,
Tra
- FEDARCOM - Federazione Autonoma Rappresentanti, Commercianti, Operatori del Turismo,
Artigiani e Piccole e Medie imprese - rappresentata dal Presidente Micheleantonio Raimondo Patti;
- CIFA - Confederazione italiana Federazioni Autonome - rappresentata dal Presidente Andrea Cafà;
E

- Federazione Italiana Autonoma del Settore Privato (FIADEL SP) — rappresentata dal Segretario

Generale Francesco Garofalo

PREMESSO CHE
in data 22 giugno 2010 le Parti Sociali hanno siglato il Contratto Collettivo Nazionale di
Lavoro per i dipendenti da aziende artigiane di parrucchieri, barbieri ed estetisti con decorrenza ex
art. 193 - DECORRENZA E DURATA - dal 22 giugno 2010;
il C.C.N.L. sopra citato riporta, sempre ex art. 193 - DECORRENZA E DURATA - la scadenza
della parte normativa al 21/06/2013 e della parte economica al 21/06/2012 con rinno i
anno in anno qualora non venga data disde
raccomandata
E CONSIDERATO CHE
è interesse di tutte le Parti Sociali disdettare il Contratto Collettivo Nazionale di Lavoro per i
dipendenti da aziende artigiane di parrucchieri, barbieri ed estetisti
SI E' ADDIVENUTI
ex art. 1372 c.c. al presente accordo consensuale di disdetta dal Contratto Collettivo Nazionale di

Lavoro per i dipendenti da aziende artigiane di parrucchieri, barbieri ed estetisti con decorrenza
dalla data odierna.

Roma, 04/04/2019

FEDARCOM CIFA FIADEL SP
LA) Gil Ce Pall IA
7

Ù
","{""sector"": ""acconciatura, estetica (parrucchieri, barbieri, estetisti)"", ""wage_increases"": [], ""weekly_hours"": null, ""probation_period_days"": {""operai"": null, ""impiegati"": null, ""quadri"": null, ""dirigenti"": null}, ""notice_period_days"": {""operai"": null, ""impiegati"": null, ""quadri"": null, ""dirigenti"": null}, ""leave_entitlements"": {""annual_leave_days"": null, ""sick_leave_terms"": null, ""parental_leave_terms"": null}}",,
